INFO:     Will watch for changes in these directories: ['D:\\Driver C\\Desktop\\fullstack-internship\\backend\\job-tracker-backend']
INFO:     Uvicorn running on http://127.0.0.1:8000 (Press CTRL+C to quit)
INFO:     Started reloader process [36688] using WatchFiles
INFO:     Started server process [38680]
INFO:     Waiting for application startup.
INFO:     Application startup complete.
INFO:     127.0.0.1:53346 - "GET /graphql HTTP/1.1" 200 OK
INFO:     127.0.0.1:53375 - "OPTIONS /graphql HTTP/1.1" 200 OK
(psycopg2.OperationalError) connection to server at "localhost" (::1), port 5432 failed: FATAL:  password authentication failed for user "postgres"

(Background on this error at: https://sqlalche.me/e/20/e3q8)

GraphQL request:2:3
1 | mutation LoginUser($userInput: UserLogin!) {
2 |   loginUser(userInput: $userInput) {
  |   ^
3 |     accessToken
Traceback (most recent call last):
  File "D:\Driver C\Desktop\fullstack-internship\backend\job-tracker-backend\.venv\Lib\site-packages\sqlalchemy\engine\base.py", line 144, in __init__
    self._dbapi_connection = engine.raw_connection()
                             ~~~~~~~~~~~~~~~~~~~~~^^
  File "D:\Driver C\Desktop\fullstack-internship\backend\job-tracker-backend\.venv\Lib\site-packages\sqlalchemy\engine\base.py", line 3319, in raw_connection
    return self.pool.connect()
           ~~~~~~~~~~~~~~~~~^^
  File "D:\Driver C\Desktop\fullstack-internship\backend\job-tracker-backend\.venv\Lib\site-packages\sqlalchemy\pool\base.py", line 448, in connect
    return _ConnectionFairy._checkout(self)
           ~~~~~~~~~~~~~~~~~~~~~~~~~~^^^^^^
  File "D:\Driver C\Desktop\fullstack-internship\backend\job-tracker-backend\.venv\Lib\site-packages\sqlalchemy\pool\base.py", line 1272, in _checkout
    fairy = _ConnectionRecord.checkout(pool)
  File "D:\Driver C\Desktop\fullstack-internship\backend\job-tracker-backend\.venv\Lib\site-packages\sqlalchemy\pool\base.py", line 712, in checkout
    rec = pool._do_get()
  File "D:\Driver C\Desktop\fullstack-internship\backend\job-tracker-backend\.venv\Lib\site-packages\sqlalchemy\pool\impl.py", line 178, in _do_get
    with util.safe_reraise():
         ~~~~~~~~~~~~~~~~~^^
  File "D:\Driver C\Desktop\fullstack-internship\backend\job-tracker-backend\.venv\Lib\site-packages\sqlalchemy\util\langhelpers.py", line 122, in __exit__
    raise exc_value.with_traceback(exc_tb)
  File "D:\Driver C\Desktop\fullstack-internship\backend\job-tracker-backend\.venv\Lib\site-packages\sqlalchemy\pool\impl.py", line 176, in _do_get
    return self._create_connection()
           ~~~~~~~~~~~~~~~~~~~~~~~^^
  File "D:\Driver C\Desktop\fullstack-internship\backend\job-tracker-backend\.venv\Lib\site-packages\sqlalchemy\pool\base.py", line 389, in _create_connection
    return _ConnectionRecord(self)
  File "D:\Driver C\Desktop\fullstack-internship\backend\job-tracker-backend\.venv\Lib\site-packages\sqlalchemy\pool\base.py", line 674, in __init__
    self.__connect()
    ~~~~~~~~~~~~~~^^
  File "D:\Driver C\Desktop\fullstack-internship\backend\job-tracker-backend\.venv\Lib\site-packages\sqlalchemy\pool\base.py", line 900, in __connect
    with util.safe_reraise():
         ~~~~~~~~~~~~~~~~~^^
  File "D:\Driver C\Desktop\fullstack-internship\backend\job-tracker-backend\.venv\Lib\site-packages\sqlalchemy\util\langhelpers.py", line 122, in __exit__
    raise exc_value.with_traceback(exc_tb)
  File "D:\Driver C\Desktop\fullstack-internship\backend\job-tracker-backend\.venv\Lib\site-packages\sqlalchemy\pool\base.py", line 896, in __connect
    self.dbapi_connection = connection = pool._invoke_creator(self)
                                         ~~~~~~~~~~~~~~~~~~~~^^^^^^
  File "D:\Driver C\Desktop\fullstack-internship\backend\job-tracker-backend\.venv\Lib\site-packages\sqlalchemy\engine\create.py", line 667, in connect
    return dialect.connect(*cargs_tup, **cparams)
           ~~~~~~~~~~~~~~~^^^^^^^^^^^^^^^^^^^^^^^
  File "D:\Driver C\Desktop\fullstack-internship\backend\job-tracker-backend\.venv\Lib\site-packages\sqlalchemy\engine\default.py", line 630, in connect
    return self.loaded_dbapi.connect(*cargs, **cparams)  # type: ignore[no-any-return]  # NOQA: E501
           ~~~~~~~~~~~~~~~~~~~~~~~~~^^^^^^^^^^^^^^^^^^^
  File "D:\Driver C\Desktop\fullstack-internship\backend\job-tracker-backend\.venv\Lib\site-packages\psycopg2\__init__.py", line 135, in connect
    conn = _connect(dsn, connection_factory=connection_factory, **kwasync)
psycopg2.OperationalError: connection to server at "localhost" (::1), port 5432 failed: FATAL:  password authentication failed for user "postgres"


The above exception was the direct cause of the following exception:

Traceback (most recent call last):
  File "D:\Driver C\Desktop\fullstack-internship\backend\job-tracker-backend\.venv\Lib\site-packages\graphql\execution\execute.py", line 562, in execute_field
    result = resolve_fn(source, info, **args)
  File "D:\Driver C\Desktop\fullstack-internship\backend\job-tracker-backend\.venv\Lib\site-packages\strawberry\schema\schema_converter.py", line 1049, in _resolver
    return _get_result_with_extensions(
        _source,
        strawberry_info,
        **kwargs,
    )
  File "D:\Driver C\Desktop\fullstack-internship\backend\job-tracker-backend\.venv\Lib\site-packages\strawberry\schema\schema_converter.py", line 1035, in extension_resolver
    return reduce(
           ~~~~~~~
    ...<2 lines>...
        wrapped_get_result,
        ~~~~~~~~~~~~~~~~~~~
    )(_source, info, **field_kwargs)
    ~^^^^^^^^^^^^^^^^^^^^^^^^^^^^^^^
  File "D:\Driver C\Desktop\fullstack-internship\backend\job-tracker-backend\.venv\Lib\site-packages\strawberry\schema\schema_converter.py", line 1027, in wrapped_get_result
    return _get_result(
        _source,
    ...<2 lines>...
        field_kwargs=kwargs,
    )
  File "D:\Driver C\Desktop\fullstack-internship\backend\job-tracker-backend\.venv\Lib\site-packages\strawberry\schema\schema_converter.py", line 913, in _get_result
    return field.get_result(
           ~~~~~~~~~~~~~~~~^
        _source, info=info, args=field_args, kwargs=field_kwargs
        ^^^^^^^^^^^^^^^^^^^^^^^^^^^^^^^^^^^^^^^^^^^^^^^^^^^^^^^^
    )
    ^
  File "D:\Driver C\Desktop\fullstack-internship\backend\job-tracker-backend\.venv\Lib\site-packages\strawberry\types\field.py", line 232, in get_result
    return self.base_resolver(*args, **kwargs)
           ~~~~~~~~~~~~~~~~~~^^^^^^^^^^^^^^^^^
  File "D:\Driver C\Desktop\fullstack-internship\backend\job-tracker-backend\.venv\Lib\site-packages\strawberry\types\fields\resolver.py", line 238, in __call__
    return self.wrapped_func(*args, **kwargs)
           ~~~~~~~~~~~~~~~~~^^^^^^^^^^^^^^^^^
  File "D:\Driver C\Desktop\fullstack-internship\backend\job-tracker-backend\auth.py", line 10, in login_user
    user = db.query(models.User).filter(user_input.email == models.User.email).first()
  File "D:\Driver C\Desktop\fullstack-internship\backend\job-tracker-backend\.venv\Lib\site-packages\sqlalchemy\orm\query.py", line 2766, in first
    return self.limit(1)._iter().first()  # type: ignore
           ~~~~~~~~~~~~~~~~~~~^^
  File "D:\Driver C\Desktop\fullstack-internship\backend\job-tracker-backend\.venv\Lib\site-packages\sqlalchemy\orm\query.py", line 2864, in _iter
    result: Union[ScalarResult[_T], Result[_T]] = self.session.execute(
                                                  ~~~~~~~~~~~~~~~~~~~~^
        statement,
        ^^^^^^^^^^
        params,
        ^^^^^^^
        execution_options={"_sa_orm_load_options": self.load_options},
        ^^^^^^^^^^^^^^^^^^^^^^^^^^^^^^^^^^^^^^^^^^^^^^^^^^^^^^^^^^^^^^
    )
    ^
  File "D:\Driver C\Desktop\fullstack-internship\backend\job-tracker-backend\.venv\Lib\site-packages\sqlalchemy\orm\session.py", line 2373, in execute
    return self._execute_internal(
           ~~~~~~~~~~~~~~~~~~~~~~^
        statement,
        ^^^^^^^^^^
    ...<4 lines>...
        _add_event=_add_event,
        ^^^^^^^^^^^^^^^^^^^^^^
    )
    ^
  File "D:\Driver C\Desktop\fullstack-internship\backend\job-tracker-backend\.venv\Lib\site-packages\sqlalchemy\orm\session.py", line 2261, in _execute_internal
    conn = self._connection_for_bind(bind)
  File "D:\Driver C\Desktop\fullstack-internship\backend\job-tracker-backend\.venv\Lib\site-packages\sqlalchemy\orm\session.py", line 2113, in _connection_for_bind
    return trans._connection_for_bind(engine, execution_options)
           ~~~~~~~~~~~~~~~~~~~~~~~~~~^^^^^^^^^^^^^^^^^^^^^^^^^^^
  File "<string>", line 2, in _connection_for_bind
  File "D:\Driver C\Desktop\fullstack-internship\backend\job-tracker-backend\.venv\Lib\site-packages\sqlalchemy\orm\state_changes.py", line 137, in _go
    ret_value = fn(self, *arg, **kw)
  File "D:\Driver C\Desktop\fullstack-internship\backend\job-tracker-backend\.venv\Lib\site-packages\sqlalchemy\orm\session.py", line 1191, in _connection_for_bind
    conn = bind.connect()
  File "D:\Driver C\Desktop\fullstack-internship\backend\job-tracker-backend\.venv\Lib\site-packages\sqlalchemy\engine\base.py", line 3295, in connect
    return self._connection_cls(self)
           ~~~~~~~~~~~~~~~~~~~~^^^^^^
  File "D:\Driver C\Desktop\fullstack-internship\backend\job-tracker-backend\.venv\Lib\site-packages\sqlalchemy\engine\base.py", line 146, in __init__
    Connection._handle_dbapi_exception_noconnection(
    ~~~~~~~~~~~~~~~~~~~~~~~~~~~~~~~~~~~~~~~~~~~~~~~^
        err, dialect, engine
        ^^^^^^^^^^^^^^^^^^^^
    )
    ^
  File "D:\Driver C\Desktop\fullstack-internship\backend\job-tracker-backend\.venv\Lib\site-packages\sqlalchemy\engine\base.py", line 2450, in _handle_dbapi_exception_noconnection
    raise sqlalchemy_exception.with_traceback(exc_info[2]) from e
  File "D:\Driver C\Desktop\fullstack-internship\backend\job-tracker-backend\.venv\Lib\site-packages\sqlalchemy\engine\base.py", line 144, in __init__
    self._dbapi_connection = engine.raw_connection()
                             ~~~~~~~~~~~~~~~~~~~~~^^
  File "D:\Driver C\Desktop\fullstack-internship\backend\job-tracker-backend\.venv\Lib\site-packages\sqlalchemy\engine\base.py", line 3319, in raw_connection
    return self.pool.connect()
           ~~~~~~~~~~~~~~~~~^^
  File "D:\Driver C\Desktop\fullstack-internship\backend\job-tracker-backend\.venv\Lib\site-packages\sqlalchemy\pool\base.py", line 448, in connect
    return _ConnectionFairy._checkout(self)
           ~~~~~~~~~~~~~~~~~~~~~~~~~~^^^^^^
  File "D:\Driver C\Desktop\fullstack-internship\backend\job-tracker-backend\.venv\Lib\site-packages\sqlalchemy\pool\base.py", line 1272, in _checkout
    fairy = _ConnectionRecord.checkout(pool)
  File "D:\Driver C\Desktop\fullstack-internship\backend\job-tracker-backend\.venv\Lib\site-packages\sqlalchemy\pool\base.py", line 712, in checkout
    rec = pool._do_get()
  File "D:\Driver C\Desktop\fullstack-internship\backend\job-tracker-backend\.venv\Lib\site-packages\sqlalchemy\pool\impl.py", line 178, in _do_get
    with util.safe_reraise():
         ~~~~~~~~~~~~~~~~~^^
  File "D:\Driver C\Desktop\fullstack-internship\backend\job-tracker-backend\.venv\Lib\site-packages\sqlalchemy\util\langhelpers.py", line 122, in __exit__
    raise exc_value.with_traceback(exc_tb)
  File "D:\Driver C\Desktop\fullstack-internship\backend\job-tracker-backend\.venv\Lib\site-packages\sqlalchemy\pool\impl.py", line 176, in _do_get
    return self._create_connection()
           ~~~~~~~~~~~~~~~~~~~~~~~^^
  File "D:\Driver C\Desktop\fullstack-internship\backend\job-tracker-backend\.venv\Lib\site-packages\sqlalchemy\pool\base.py", line 389, in _create_connection
    return _ConnectionRecord(self)
  File "D:\Driver C\Desktop\fullstack-internship\backend\job-tracker-backend\.venv\Lib\site-packages\sqlalchemy\pool\base.py", line 674, in __init__
    self.__connect()
    ~~~~~~~~~~~~~~^^
  File "D:\Driver C\Desktop\fullstack-internship\backend\job-tracker-backend\.venv\Lib\site-packages\sqlalchemy\pool\base.py", line 900, in __connect
    with util.safe_reraise():
         ~~~~~~~~~~~~~~~~~^^
  File "D:\Driver C\Desktop\fullstack-internship\backend\job-tracker-backend\.venv\Lib\site-packages\sqlalchemy\util\langhelpers.py", line 122, in __exit__
    raise exc_value.with_traceback(exc_tb)
  File "D:\Driver C\Desktop\fullstack-internship\backend\job-tracker-backend\.venv\Lib\site-packages\sqlalchemy\pool\base.py", line 896, in __connect
    self.dbapi_connection = connection = pool._invoke_creator(self)
                                         ~~~~~~~~~~~~~~~~~~~~^^^^^^
  File "D:\Driver C\Desktop\fullstack-internship\backend\job-tracker-backend\.venv\Lib\site-packages\sqlalchemy\engine\create.py", line 667, in connect
    return dialect.connect(*cargs_tup, **cparams)
           ~~~~~~~~~~~~~~~^^^^^^^^^^^^^^^^^^^^^^^
  File "D:\Driver C\Desktop\fullstack-internship\backend\job-tracker-backend\.venv\Lib\site-packages\sqlalchemy\engine\default.py", line 630, in connect
    return self.loaded_dbapi.connect(*cargs, **cparams)  # type: ignore[no-any-return]  # NOQA: E501
           ~~~~~~~~~~~~~~~~~~~~~~~~~^^^^^^^^^^^^^^^^^^^
  File "D:\Driver C\Desktop\fullstack-internship\backend\job-tracker-backend\.venv\Lib\site-packages\psycopg2\__init__.py", line 135, in connect
    conn = _connect(dsn, connection_factory=connection_factory, **kwasync)
sqlalchemy.exc.OperationalError: (psycopg2.OperationalError) connection to server at "localhost" (::1), port 5432 failed: FATAL:  password authentication failed for user "postgres"

(Background on this error at: https://sqlalche.me/e/20/e3q8)
INFO:     127.0.0.1:53375 - "POST /graphql HTTP/1.1" 200 OK
(psycopg2.OperationalError) connection to server at "localhost" (::1), port 5432 failed: FATAL:  password authentication failed for user "postgres"

(Background on this error at: https://sqlalche.me/e/20/e3q8)

GraphQL request:2:3
1 | mutation LoginUser($userInput: UserLogin!) {
2 |   loginUser(userInput: $userInput) {
  |   ^
3 |     accessToken
Traceback (most recent call last):
  File "D:\Driver C\Desktop\fullstack-internship\backend\job-tracker-backend\.venv\Lib\site-packages\sqlalchemy\engine\base.py", line 144, in __init__
    self._dbapi_connection = engine.raw_connection()
                             ~~~~~~~~~~~~~~~~~~~~~^^
  File "D:\Driver C\Desktop\fullstack-internship\backend\job-tracker-backend\.venv\Lib\site-packages\sqlalchemy\engine\base.py", line 3319, in raw_connection
    return self.pool.connect()
           ~~~~~~~~~~~~~~~~~^^
  File "D:\Driver C\Desktop\fullstack-internship\backend\job-tracker-backend\.venv\Lib\site-packages\sqlalchemy\pool\base.py", line 448, in connect
    return _ConnectionFairy._checkout(self)
           ~~~~~~~~~~~~~~~~~~~~~~~~~~^^^^^^
  File "D:\Driver C\Desktop\fullstack-internship\backend\job-tracker-backend\.venv\Lib\site-packages\sqlalchemy\pool\base.py", line 1272, in _checkout
    fairy = _ConnectionRecord.checkout(pool)
  File "D:\Driver C\Desktop\fullstack-internship\backend\job-tracker-backend\.venv\Lib\site-packages\sqlalchemy\pool\base.py", line 712, in checkout
    rec = pool._do_get()
  File "D:\Driver C\Desktop\fullstack-internship\backend\job-tracker-backend\.venv\Lib\site-packages\sqlalchemy\pool\impl.py", line 178, in _do_get
    with util.safe_reraise():
         ~~~~~~~~~~~~~~~~~^^
  File "D:\Driver C\Desktop\fullstack-internship\backend\job-tracker-backend\.venv\Lib\site-packages\sqlalchemy\util\langhelpers.py", line 122, in __exit__
    raise exc_value.with_traceback(exc_tb)
  File "D:\Driver C\Desktop\fullstack-internship\backend\job-tracker-backend\.venv\Lib\site-packages\sqlalchemy\pool\impl.py", line 176, in _do_get
    return self._create_connection()
           ~~~~~~~~~~~~~~~~~~~~~~~^^
  File "D:\Driver C\Desktop\fullstack-internship\backend\job-tracker-backend\.venv\Lib\site-packages\sqlalchemy\pool\base.py", line 389, in _create_connection
    return _ConnectionRecord(self)
  File "D:\Driver C\Desktop\fullstack-internship\backend\job-tracker-backend\.venv\Lib\site-packages\sqlalchemy\pool\base.py", line 674, in __init__
    self.__connect()
    ~~~~~~~~~~~~~~^^
  File "D:\Driver C\Desktop\fullstack-internship\backend\job-tracker-backend\.venv\Lib\site-packages\sqlalchemy\pool\base.py", line 900, in __connect
    with util.safe_reraise():
         ~~~~~~~~~~~~~~~~~^^
  File "D:\Driver C\Desktop\fullstack-internship\backend\job-tracker-backend\.venv\Lib\site-packages\sqlalchemy\util\langhelpers.py", line 122, in __exit__
    raise exc_value.with_traceback(exc_tb)
  File "D:\Driver C\Desktop\fullstack-internship\backend\job-tracker-backend\.venv\Lib\site-packages\sqlalchemy\pool\base.py", line 896, in __connect
    self.dbapi_connection = connection = pool._invoke_creator(self)
                                         ~~~~~~~~~~~~~~~~~~~~^^^^^^
  File "D:\Driver C\Desktop\fullstack-internship\backend\job-tracker-backend\.venv\Lib\site-packages\sqlalchemy\engine\create.py", line 667, in connect
    return dialect.connect(*cargs_tup, **cparams)
           ~~~~~~~~~~~~~~~^^^^^^^^^^^^^^^^^^^^^^^
  File "D:\Driver C\Desktop\fullstack-internship\backend\job-tracker-backend\.venv\Lib\site-packages\sqlalchemy\engine\default.py", line 630, in connect
    return self.loaded_dbapi.connect(*cargs, **cparams)  # type: ignore[no-any-return]  # NOQA: E501
           ~~~~~~~~~~~~~~~~~~~~~~~~~^^^^^^^^^^^^^^^^^^^
  File "D:\Driver C\Desktop\fullstack-internship\backend\job-tracker-backend\.venv\Lib\site-packages\psycopg2\__init__.py", line 135, in connect
    conn = _connect(dsn, connection_factory=connection_factory, **kwasync)
psycopg2.OperationalError: connection to server at "localhost" (::1), port 5432 failed: FATAL:  password authentication failed for user "postgres"


The above exception was the direct cause of the following exception:

Traceback (most recent call last):
  File "D:\Driver C\Desktop\fullstack-internship\backend\job-tracker-backend\.venv\Lib\site-packages\graphql\execution\execute.py", line 562, in execute_field
    result = resolve_fn(source, info, **args)
  File "D:\Driver C\Desktop\fullstack-internship\backend\job-tracker-backend\.venv\Lib\site-packages\strawberry\schema\schema_converter.py", line 1049, in _resolver
    return _get_result_with_extensions(
        _source,
        strawberry_info,
        **kwargs,
    )
  File "D:\Driver C\Desktop\fullstack-internship\backend\job-tracker-backend\.venv\Lib\site-packages\strawberry\schema\schema_converter.py", line 1035, in extension_resolver
    return reduce(
           ~~~~~~~
    ...<2 lines>...
        wrapped_get_result,
        ~~~~~~~~~~~~~~~~~~~
    )(_source, info, **field_kwargs)
    ~^^^^^^^^^^^^^^^^^^^^^^^^^^^^^^^
  File "D:\Driver C\Desktop\fullstack-internship\backend\job-tracker-backend\.venv\Lib\site-packages\strawberry\schema\schema_converter.py", line 1027, in wrapped_get_result
    return _get_result(
        _source,
    ...<2 lines>...
        field_kwargs=kwargs,
    )
  File "D:\Driver C\Desktop\fullstack-internship\backend\job-tracker-backend\.venv\Lib\site-packages\strawberry\schema\schema_converter.py", line 913, in _get_result
    return field.get_result(
           ~~~~~~~~~~~~~~~~^
        _source, info=info, args=field_args, kwargs=field_kwargs
        ^^^^^^^^^^^^^^^^^^^^^^^^^^^^^^^^^^^^^^^^^^^^^^^^^^^^^^^^
    )
    ^
  File "D:\Driver C\Desktop\fullstack-internship\backend\job-tracker-backend\.venv\Lib\site-packages\strawberry\types\field.py", line 232, in get_result
    return self.base_resolver(*args, **kwargs)
           ~~~~~~~~~~~~~~~~~~^^^^^^^^^^^^^^^^^
  File "D:\Driver C\Desktop\fullstack-internship\backend\job-tracker-backend\.venv\Lib\site-packages\strawberry\types\fields\resolver.py", line 238, in __call__
    return self.wrapped_func(*args, **kwargs)
           ~~~~~~~~~~~~~~~~~^^^^^^^^^^^^^^^^^
  File "D:\Driver C\Desktop\fullstack-internship\backend\job-tracker-backend\auth.py", line 10, in login_user
    user = db.query(models.User).filter(user_input.email == models.User.email).first()
  File "D:\Driver C\Desktop\fullstack-internship\backend\job-tracker-backend\.venv\Lib\site-packages\sqlalchemy\orm\query.py", line 2766, in first
    return self.limit(1)._iter().first()  # type: ignore
           ~~~~~~~~~~~~~~~~~~~^^
  File "D:\Driver C\Desktop\fullstack-internship\backend\job-tracker-backend\.venv\Lib\site-packages\sqlalchemy\orm\query.py", line 2864, in _iter
    result: Union[ScalarResult[_T], Result[_T]] = self.session.execute(
                                                  ~~~~~~~~~~~~~~~~~~~~^
        statement,
        ^^^^^^^^^^
        params,
        ^^^^^^^
        execution_options={"_sa_orm_load_options": self.load_options},
        ^^^^^^^^^^^^^^^^^^^^^^^^^^^^^^^^^^^^^^^^^^^^^^^^^^^^^^^^^^^^^^
    )
    ^
  File "D:\Driver C\Desktop\fullstack-internship\backend\job-tracker-backend\.venv\Lib\site-packages\sqlalchemy\orm\session.py", line 2373, in execute
    return self._execute_internal(
           ~~~~~~~~~~~~~~~~~~~~~~^
        statement,
        ^^^^^^^^^^
    ...<4 lines>...
        _add_event=_add_event,
        ^^^^^^^^^^^^^^^^^^^^^^
    )
    ^
  File "D:\Driver C\Desktop\fullstack-internship\backend\job-tracker-backend\.venv\Lib\site-packages\sqlalchemy\orm\session.py", line 2261, in _execute_internal
    conn = self._connection_for_bind(bind)
  File "D:\Driver C\Desktop\fullstack-internship\backend\job-tracker-backend\.venv\Lib\site-packages\sqlalchemy\orm\session.py", line 2113, in _connection_for_bind
    return trans._connection_for_bind(engine, execution_options)
           ~~~~~~~~~~~~~~~~~~~~~~~~~~^^^^^^^^^^^^^^^^^^^^^^^^^^^
  File "<string>", line 2, in _connection_for_bind
  File "D:\Driver C\Desktop\fullstack-internship\backend\job-tracker-backend\.venv\Lib\site-packages\sqlalchemy\orm\state_changes.py", line 137, in _go
    ret_value = fn(self, *arg, **kw)
  File "D:\Driver C\Desktop\fullstack-internship\backend\job-tracker-backend\.venv\Lib\site-packages\sqlalchemy\orm\session.py", line 1191, in _connection_for_bind
    conn = bind.connect()
  File "D:\Driver C\Desktop\fullstack-internship\backend\job-tracker-backend\.venv\Lib\site-packages\sqlalchemy\engine\base.py", line 3295, in connect
    return self._connection_cls(self)
           ~~~~~~~~~~~~~~~~~~~~^^^^^^
  File "D:\Driver C\Desktop\fullstack-internship\backend\job-tracker-backend\.venv\Lib\site-packages\sqlalchemy\engine\base.py", line 146, in __init__
    Connection._handle_dbapi_exception_noconnection(
    ~~~~~~~~~~~~~~~~~~~~~~~~~~~~~~~~~~~~~~~~~~~~~~~^
        err, dialect, engine
        ^^^^^^^^^^^^^^^^^^^^
    )
    ^
  File "D:\Driver C\Desktop\fullstack-internship\backend\job-tracker-backend\.venv\Lib\site-packages\sqlalchemy\engine\base.py", line 2450, in _handle_dbapi_exception_noconnection
    raise sqlalchemy_exception.with_traceback(exc_info[2]) from e
  File "D:\Driver C\Desktop\fullstack-internship\backend\job-tracker-backend\.venv\Lib\site-packages\sqlalchemy\engine\base.py", line 144, in __init__
    self._dbapi_connection = engine.raw_connection()
                             ~~~~~~~~~~~~~~~~~~~~~^^
  File "D:\Driver C\Desktop\fullstack-internship\backend\job-tracker-backend\.venv\Lib\site-packages\sqlalchemy\engine\base.py", line 3319, in raw_connection
    return self.pool.connect()
           ~~~~~~~~~~~~~~~~~^^
  File "D:\Driver C\Desktop\fullstack-internship\backend\job-tracker-backend\.venv\Lib\site-packages\sqlalchemy\pool\base.py", line 448, in connect
    return _ConnectionFairy._checkout(self)
           ~~~~~~~~~~~~~~~~~~~~~~~~~~^^^^^^
  File "D:\Driver C\Desktop\fullstack-internship\backend\job-tracker-backend\.venv\Lib\site-packages\sqlalchemy\pool\base.py", line 1272, in _checkout
    fairy = _ConnectionRecord.checkout(pool)
  File "D:\Driver C\Desktop\fullstack-internship\backend\job-tracker-backend\.venv\Lib\site-packages\sqlalchemy\pool\base.py", line 712, in checkout
    rec = pool._do_get()
  File "D:\Driver C\Desktop\fullstack-internship\backend\job-tracker-backend\.venv\Lib\site-packages\sqlalchemy\pool\impl.py", line 178, in _do_get
    with util.safe_reraise():
         ~~~~~~~~~~~~~~~~~^^
  File "D:\Driver C\Desktop\fullstack-internship\backend\job-tracker-backend\.venv\Lib\site-packages\sqlalchemy\util\langhelpers.py", line 122, in __exit__
    raise exc_value.with_traceback(exc_tb)
  File "D:\Driver C\Desktop\fullstack-internship\backend\job-tracker-backend\.venv\Lib\site-packages\sqlalchemy\pool\impl.py", line 176, in _do_get
    return self._create_connection()
           ~~~~~~~~~~~~~~~~~~~~~~~^^
  File "D:\Driver C\Desktop\fullstack-internship\backend\job-tracker-backend\.venv\Lib\site-packages\sqlalchemy\pool\base.py", line 389, in _create_connection
    return _ConnectionRecord(self)
  File "D:\Driver C\Desktop\fullstack-internship\backend\job-tracker-backend\.venv\Lib\site-packages\sqlalchemy\pool\base.py", line 674, in __init__
    self.__connect()
    ~~~~~~~~~~~~~~^^
  File "D:\Driver C\Desktop\fullstack-internship\backend\job-tracker-backend\.venv\Lib\site-packages\sqlalchemy\pool\base.py", line 900, in __connect
    with util.safe_reraise():
         ~~~~~~~~~~~~~~~~~^^
  File "D:\Driver C\Desktop\fullstack-internship\backend\job-tracker-backend\.venv\Lib\site-packages\sqlalchemy\util\langhelpers.py", line 122, in __exit__
    raise exc_value.with_traceback(exc_tb)
  File "D:\Driver C\Desktop\fullstack-internship\backend\job-tracker-backend\.venv\Lib\site-packages\sqlalchemy\pool\base.py", line 896, in __connect
    self.dbapi_connection = connection = pool._invoke_creator(self)
                                         ~~~~~~~~~~~~~~~~~~~~^^^^^^
  File "D:\Driver C\Desktop\fullstack-internship\backend\job-tracker-backend\.venv\Lib\site-packages\sqlalchemy\engine\create.py", line 667, in connect
    return dialect.connect(*cargs_tup, **cparams)
           ~~~~~~~~~~~~~~~^^^^^^^^^^^^^^^^^^^^^^^
  File "D:\Driver C\Desktop\fullstack-internship\backend\job-tracker-backend\.venv\Lib\site-packages\sqlalchemy\engine\default.py", line 630, in connect
    return self.loaded_dbapi.connect(*cargs, **cparams)  # type: ignore[no-any-return]  # NOQA: E501
           ~~~~~~~~~~~~~~~~~~~~~~~~~^^^^^^^^^^^^^^^^^^^
  File "D:\Driver C\Desktop\fullstack-internship\backend\job-tracker-backend\.venv\Lib\site-packages\psycopg2\__init__.py", line 135, in connect
    conn = _connect(dsn, connection_factory=connection_factory, **kwasync)
sqlalchemy.exc.OperationalError: (psycopg2.OperationalError) connection to server at "localhost" (::1), port 5432 failed: FATAL:  password authentication failed for user "postgres"

(Background on this error at: https://sqlalche.me/e/20/e3q8)
INFO:     127.0.0.1:53378 - "POST /graphql HTTP/1.1" 200 OK
(psycopg2.OperationalError) connection to server at "localhost" (::1), port 5432 failed: FATAL:  password authentication failed for user "postgres"

(Background on this error at: https://sqlalche.me/e/20/e3q8)

GraphQL request:2:3
1 | mutation LoginUser($userInput: UserLogin!) {
2 |   loginUser(userInput: $userInput) {
  |   ^
3 |     accessToken
Traceback (most recent call last):
  File "D:\Driver C\Desktop\fullstack-internship\backend\job-tracker-backend\.venv\Lib\site-packages\sqlalchemy\engine\base.py", line 144, in __init__
    self._dbapi_connection = engine.raw_connection()
                             ~~~~~~~~~~~~~~~~~~~~~^^
  File "D:\Driver C\Desktop\fullstack-internship\backend\job-tracker-backend\.venv\Lib\site-packages\sqlalchemy\engine\base.py", line 3319, in raw_connection
    return self.pool.connect()
           ~~~~~~~~~~~~~~~~~^^
  File "D:\Driver C\Desktop\fullstack-internship\backend\job-tracker-backend\.venv\Lib\site-packages\sqlalchemy\pool\base.py", line 448, in connect
    return _ConnectionFairy._checkout(self)
           ~~~~~~~~~~~~~~~~~~~~~~~~~~^^^^^^
  File "D:\Driver C\Desktop\fullstack-internship\backend\job-tracker-backend\.venv\Lib\site-packages\sqlalchemy\pool\base.py", line 1272, in _checkout
    fairy = _ConnectionRecord.checkout(pool)
  File "D:\Driver C\Desktop\fullstack-internship\backend\job-tracker-backend\.venv\Lib\site-packages\sqlalchemy\pool\base.py", line 712, in checkout
    rec = pool._do_get()
  File "D:\Driver C\Desktop\fullstack-internship\backend\job-tracker-backend\.venv\Lib\site-packages\sqlalchemy\pool\impl.py", line 178, in _do_get
    with util.safe_reraise():
         ~~~~~~~~~~~~~~~~~^^
  File "D:\Driver C\Desktop\fullstack-internship\backend\job-tracker-backend\.venv\Lib\site-packages\sqlalchemy\util\langhelpers.py", line 122, in __exit__
    raise exc_value.with_traceback(exc_tb)
  File "D:\Driver C\Desktop\fullstack-internship\backend\job-tracker-backend\.venv\Lib\site-packages\sqlalchemy\pool\impl.py", line 176, in _do_get
    return self._create_connection()
           ~~~~~~~~~~~~~~~~~~~~~~~^^
  File "D:\Driver C\Desktop\fullstack-internship\backend\job-tracker-backend\.venv\Lib\site-packages\sqlalchemy\pool\base.py", line 389, in _create_connection
    return _ConnectionRecord(self)
  File "D:\Driver C\Desktop\fullstack-internship\backend\job-tracker-backend\.venv\Lib\site-packages\sqlalchemy\pool\base.py", line 674, in __init__
    self.__connect()
    ~~~~~~~~~~~~~~^^
  File "D:\Driver C\Desktop\fullstack-internship\backend\job-tracker-backend\.venv\Lib\site-packages\sqlalchemy\pool\base.py", line 900, in __connect
    with util.safe_reraise():
         ~~~~~~~~~~~~~~~~~^^
  File "D:\Driver C\Desktop\fullstack-internship\backend\job-tracker-backend\.venv\Lib\site-packages\sqlalchemy\util\langhelpers.py", line 122, in __exit__
    raise exc_value.with_traceback(exc_tb)
  File "D:\Driver C\Desktop\fullstack-internship\backend\job-tracker-backend\.venv\Lib\site-packages\sqlalchemy\pool\base.py", line 896, in __connect
    self.dbapi_connection = connection = pool._invoke_creator(self)
                                         ~~~~~~~~~~~~~~~~~~~~^^^^^^
  File "D:\Driver C\Desktop\fullstack-internship\backend\job-tracker-backend\.venv\Lib\site-packages\sqlalchemy\engine\create.py", line 667, in connect
    return dialect.connect(*cargs_tup, **cparams)
           ~~~~~~~~~~~~~~~^^^^^^^^^^^^^^^^^^^^^^^
  File "D:\Driver C\Desktop\fullstack-internship\backend\job-tracker-backend\.venv\Lib\site-packages\sqlalchemy\engine\default.py", line 630, in connect
    return self.loaded_dbapi.connect(*cargs, **cparams)  # type: ignore[no-any-return]  # NOQA: E501
           ~~~~~~~~~~~~~~~~~~~~~~~~~^^^^^^^^^^^^^^^^^^^
  File "D:\Driver C\Desktop\fullstack-internship\backend\job-tracker-backend\.venv\Lib\site-packages\psycopg2\__init__.py", line 135, in connect
    conn = _connect(dsn, connection_factory=connection_factory, **kwasync)
psycopg2.OperationalError: connection to server at "localhost" (::1), port 5432 failed: FATAL:  password authentication failed for user "postgres"


The above exception was the direct cause of the following exception:

Traceback (most recent call last):
  File "D:\Driver C\Desktop\fullstack-internship\backend\job-tracker-backend\.venv\Lib\site-packages\graphql\execution\execute.py", line 562, in execute_field
    result = resolve_fn(source, info, **args)
  File "D:\Driver C\Desktop\fullstack-internship\backend\job-tracker-backend\.venv\Lib\site-packages\strawberry\schema\schema_converter.py", line 1049, in _resolver
    return _get_result_with_extensions(
        _source,
        strawberry_info,
        **kwargs,
    )
  File "D:\Driver C\Desktop\fullstack-internship\backend\job-tracker-backend\.venv\Lib\site-packages\strawberry\schema\schema_converter.py", line 1035, in extension_resolver
    return reduce(
           ~~~~~~~
    ...<2 lines>...
        wrapped_get_result,
        ~~~~~~~~~~~~~~~~~~~
    )(_source, info, **field_kwargs)
    ~^^^^^^^^^^^^^^^^^^^^^^^^^^^^^^^
  File "D:\Driver C\Desktop\fullstack-internship\backend\job-tracker-backend\.venv\Lib\site-packages\strawberry\schema\schema_converter.py", line 1027, in wrapped_get_result
    return _get_result(
        _source,
    ...<2 lines>...
        field_kwargs=kwargs,
    )
  File "D:\Driver C\Desktop\fullstack-internship\backend\job-tracker-backend\.venv\Lib\site-packages\strawberry\schema\schema_converter.py", line 913, in _get_result
    return field.get_result(
           ~~~~~~~~~~~~~~~~^
        _source, info=info, args=field_args, kwargs=field_kwargs
        ^^^^^^^^^^^^^^^^^^^^^^^^^^^^^^^^^^^^^^^^^^^^^^^^^^^^^^^^
    )
    ^
  File "D:\Driver C\Desktop\fullstack-internship\backend\job-tracker-backend\.venv\Lib\site-packages\strawberry\types\field.py", line 232, in get_result
    return self.base_resolver(*args, **kwargs)
           ~~~~~~~~~~~~~~~~~~^^^^^^^^^^^^^^^^^
  File "D:\Driver C\Desktop\fullstack-internship\backend\job-tracker-backend\.venv\Lib\site-packages\strawberry\types\fields\resolver.py", line 238, in __call__
    return self.wrapped_func(*args, **kwargs)
           ~~~~~~~~~~~~~~~~~^^^^^^^^^^^^^^^^^
  File "D:\Driver C\Desktop\fullstack-internship\backend\job-tracker-backend\auth.py", line 10, in login_user
    user = db.query(models.User).filter(user_input.email == models.User.email).first()
  File "D:\Driver C\Desktop\fullstack-internship\backend\job-tracker-backend\.venv\Lib\site-packages\sqlalchemy\orm\query.py", line 2766, in first
    return self.limit(1)._iter().first()  # type: ignore
           ~~~~~~~~~~~~~~~~~~~^^
  File "D:\Driver C\Desktop\fullstack-internship\backend\job-tracker-backend\.venv\Lib\site-packages\sqlalchemy\orm\query.py", line 2864, in _iter
    result: Union[ScalarResult[_T], Result[_T]] = self.session.execute(
                                                  ~~~~~~~~~~~~~~~~~~~~^
        statement,
        ^^^^^^^^^^
        params,
        ^^^^^^^
        execution_options={"_sa_orm_load_options": self.load_options},
        ^^^^^^^^^^^^^^^^^^^^^^^^^^^^^^^^^^^^^^^^^^^^^^^^^^^^^^^^^^^^^^
    )
    ^
  File "D:\Driver C\Desktop\fullstack-internship\backend\job-tracker-backend\.venv\Lib\site-packages\sqlalchemy\orm\session.py", line 2373, in execute
    return self._execute_internal(
           ~~~~~~~~~~~~~~~~~~~~~~^
        statement,
        ^^^^^^^^^^
    ...<4 lines>...
        _add_event=_add_event,
        ^^^^^^^^^^^^^^^^^^^^^^
    )
    ^
  File "D:\Driver C\Desktop\fullstack-internship\backend\job-tracker-backend\.venv\Lib\site-packages\sqlalchemy\orm\session.py", line 2261, in _execute_internal
    conn = self._connection_for_bind(bind)
  File "D:\Driver C\Desktop\fullstack-internship\backend\job-tracker-backend\.venv\Lib\site-packages\sqlalchemy\orm\session.py", line 2113, in _connection_for_bind
    return trans._connection_for_bind(engine, execution_options)
           ~~~~~~~~~~~~~~~~~~~~~~~~~~^^^^^^^^^^^^^^^^^^^^^^^^^^^
  File "<string>", line 2, in _connection_for_bind
  File "D:\Driver C\Desktop\fullstack-internship\backend\job-tracker-backend\.venv\Lib\site-packages\sqlalchemy\orm\state_changes.py", line 137, in _go
    ret_value = fn(self, *arg, **kw)
  File "D:\Driver C\Desktop\fullstack-internship\backend\job-tracker-backend\.venv\Lib\site-packages\sqlalchemy\orm\session.py", line 1191, in _connection_for_bind
    conn = bind.connect()
  File "D:\Driver C\Desktop\fullstack-internship\backend\job-tracker-backend\.venv\Lib\site-packages\sqlalchemy\engine\base.py", line 3295, in connect
    return self._connection_cls(self)
           ~~~~~~~~~~~~~~~~~~~~^^^^^^
  File "D:\Driver C\Desktop\fullstack-internship\backend\job-tracker-backend\.venv\Lib\site-packages\sqlalchemy\engine\base.py", line 146, in __init__
    Connection._handle_dbapi_exception_noconnection(
    ~~~~~~~~~~~~~~~~~~~~~~~~~~~~~~~~~~~~~~~~~~~~~~~^
        err, dialect, engine
        ^^^^^^^^^^^^^^^^^^^^
    )
    ^
  File "D:\Driver C\Desktop\fullstack-internship\backend\job-tracker-backend\.venv\Lib\site-packages\sqlalchemy\engine\base.py", line 2450, in _handle_dbapi_exception_noconnection
    raise sqlalchemy_exception.with_traceback(exc_info[2]) from e
  File "D:\Driver C\Desktop\fullstack-internship\backend\job-tracker-backend\.venv\Lib\site-packages\sqlalchemy\engine\base.py", line 144, in __init__
    self._dbapi_connection = engine.raw_connection()
                             ~~~~~~~~~~~~~~~~~~~~~^^
  File "D:\Driver C\Desktop\fullstack-internship\backend\job-tracker-backend\.venv\Lib\site-packages\sqlalchemy\engine\base.py", line 3319, in raw_connection
    return self.pool.connect()
           ~~~~~~~~~~~~~~~~~^^
  File "D:\Driver C\Desktop\fullstack-internship\backend\job-tracker-backend\.venv\Lib\site-packages\sqlalchemy\pool\base.py", line 448, in connect
    return _ConnectionFairy._checkout(self)
           ~~~~~~~~~~~~~~~~~~~~~~~~~~^^^^^^
  File "D:\Driver C\Desktop\fullstack-internship\backend\job-tracker-backend\.venv\Lib\site-packages\sqlalchemy\pool\base.py", line 1272, in _checkout
    fairy = _ConnectionRecord.checkout(pool)
  File "D:\Driver C\Desktop\fullstack-internship\backend\job-tracker-backend\.venv\Lib\site-packages\sqlalchemy\pool\base.py", line 712, in checkout
    rec = pool._do_get()
  File "D:\Driver C\Desktop\fullstack-internship\backend\job-tracker-backend\.venv\Lib\site-packages\sqlalchemy\pool\impl.py", line 178, in _do_get
    with util.safe_reraise():
         ~~~~~~~~~~~~~~~~~^^
  File "D:\Driver C\Desktop\fullstack-internship\backend\job-tracker-backend\.venv\Lib\site-packages\sqlalchemy\util\langhelpers.py", line 122, in __exit__
    raise exc_value.with_traceback(exc_tb)
  File "D:\Driver C\Desktop\fullstack-internship\backend\job-tracker-backend\.venv\Lib\site-packages\sqlalchemy\pool\impl.py", line 176, in _do_get
    return self._create_connection()
           ~~~~~~~~~~~~~~~~~~~~~~~^^
  File "D:\Driver C\Desktop\fullstack-internship\backend\job-tracker-backend\.venv\Lib\site-packages\sqlalchemy\pool\base.py", line 389, in _create_connection
    return _ConnectionRecord(self)
  File "D:\Driver C\Desktop\fullstack-internship\backend\job-tracker-backend\.venv\Lib\site-packages\sqlalchemy\pool\base.py", line 674, in __init__
    self.__connect()
    ~~~~~~~~~~~~~~^^
  File "D:\Driver C\Desktop\fullstack-internship\backend\job-tracker-backend\.venv\Lib\site-packages\sqlalchemy\pool\base.py", line 900, in __connect
    with util.safe_reraise():
         ~~~~~~~~~~~~~~~~~^^
  File "D:\Driver C\Desktop\fullstack-internship\backend\job-tracker-backend\.venv\Lib\site-packages\sqlalchemy\util\langhelpers.py", line 122, in __exit__
    raise exc_value.with_traceback(exc_tb)
  File "D:\Driver C\Desktop\fullstack-internship\backend\job-tracker-backend\.venv\Lib\site-packages\sqlalchemy\pool\base.py", line 896, in __connect
    self.dbapi_connection = connection = pool._invoke_creator(self)
                                         ~~~~~~~~~~~~~~~~~~~~^^^^^^
  File "D:\Driver C\Desktop\fullstack-internship\backend\job-tracker-backend\.venv\Lib\site-packages\sqlalchemy\engine\create.py", line 667, in connect
    return dialect.connect(*cargs_tup, **cparams)
           ~~~~~~~~~~~~~~~^^^^^^^^^^^^^^^^^^^^^^^
  File "D:\Driver C\Desktop\fullstack-internship\backend\job-tracker-backend\.venv\Lib\site-packages\sqlalchemy\engine\default.py", line 630, in connect
    return self.loaded_dbapi.connect(*cargs, **cparams)  # type: ignore[no-any-return]  # NOQA: E501
           ~~~~~~~~~~~~~~~~~~~~~~~~~^^^^^^^^^^^^^^^^^^^
  File "D:\Driver C\Desktop\fullstack-internship\backend\job-tracker-backend\.venv\Lib\site-packages\psycopg2\__init__.py", line 135, in connect
    conn = _connect(dsn, connection_factory=connection_factory, **kwasync)
sqlalchemy.exc.OperationalError: (psycopg2.OperationalError) connection to server at "localhost" (::1), port 5432 failed: FATAL:  password authentication failed for user "postgres"

(Background on this error at: https://sqlalche.me/e/20/e3q8)
INFO:     127.0.0.1:53379 - "POST /graphql HTTP/1.1" 200 OK
(psycopg2.OperationalError) connection to server at "localhost" (::1), port 5432 failed: FATAL:  password authentication failed for user "postgres"

(Background on this error at: https://sqlalche.me/e/20/e3q8)

GraphQL request:2:3
1 | mutation LoginUser($userInput: UserLogin!) {
2 |   loginUser(userInput: $userInput) {
  |   ^
3 |     accessToken
Traceback (most recent call last):
  File "D:\Driver C\Desktop\fullstack-internship\backend\job-tracker-backend\.venv\Lib\site-packages\sqlalchemy\engine\base.py", line 144, in __init__
    self._dbapi_connection = engine.raw_connection()
                             ~~~~~~~~~~~~~~~~~~~~~^^
  File "D:\Driver C\Desktop\fullstack-internship\backend\job-tracker-backend\.venv\Lib\site-packages\sqlalchemy\engine\base.py", line 3319, in raw_connection
    return self.pool.connect()
           ~~~~~~~~~~~~~~~~~^^
  File "D:\Driver C\Desktop\fullstack-internship\backend\job-tracker-backend\.venv\Lib\site-packages\sqlalchemy\pool\base.py", line 448, in connect
    return _ConnectionFairy._checkout(self)
           ~~~~~~~~~~~~~~~~~~~~~~~~~~^^^^^^
  File "D:\Driver C\Desktop\fullstack-internship\backend\job-tracker-backend\.venv\Lib\site-packages\sqlalchemy\pool\base.py", line 1272, in _checkout
    fairy = _ConnectionRecord.checkout(pool)
  File "D:\Driver C\Desktop\fullstack-internship\backend\job-tracker-backend\.venv\Lib\site-packages\sqlalchemy\pool\base.py", line 712, in checkout
    rec = pool._do_get()
  File "D:\Driver C\Desktop\fullstack-internship\backend\job-tracker-backend\.venv\Lib\site-packages\sqlalchemy\pool\impl.py", line 178, in _do_get
    with util.safe_reraise():
         ~~~~~~~~~~~~~~~~~^^
  File "D:\Driver C\Desktop\fullstack-internship\backend\job-tracker-backend\.venv\Lib\site-packages\sqlalchemy\util\langhelpers.py", line 122, in __exit__
    raise exc_value.with_traceback(exc_tb)
  File "D:\Driver C\Desktop\fullstack-internship\backend\job-tracker-backend\.venv\Lib\site-packages\sqlalchemy\pool\impl.py", line 176, in _do_get
    return self._create_connection()
           ~~~~~~~~~~~~~~~~~~~~~~~^^
  File "D:\Driver C\Desktop\fullstack-internship\backend\job-tracker-backend\.venv\Lib\site-packages\sqlalchemy\pool\base.py", line 389, in _create_connection
    return _ConnectionRecord(self)
  File "D:\Driver C\Desktop\fullstack-internship\backend\job-tracker-backend\.venv\Lib\site-packages\sqlalchemy\pool\base.py", line 674, in __init__
    self.__connect()
    ~~~~~~~~~~~~~~^^
  File "D:\Driver C\Desktop\fullstack-internship\backend\job-tracker-backend\.venv\Lib\site-packages\sqlalchemy\pool\base.py", line 900, in __connect
    with util.safe_reraise():
         ~~~~~~~~~~~~~~~~~^^
  File "D:\Driver C\Desktop\fullstack-internship\backend\job-tracker-backend\.venv\Lib\site-packages\sqlalchemy\util\langhelpers.py", line 122, in __exit__
    raise exc_value.with_traceback(exc_tb)
  File "D:\Driver C\Desktop\fullstack-internship\backend\job-tracker-backend\.venv\Lib\site-packages\sqlalchemy\pool\base.py", line 896, in __connect
    self.dbapi_connection = connection = pool._invoke_creator(self)
                                         ~~~~~~~~~~~~~~~~~~~~^^^^^^
  File "D:\Driver C\Desktop\fullstack-internship\backend\job-tracker-backend\.venv\Lib\site-packages\sqlalchemy\engine\create.py", line 667, in connect
    return dialect.connect(*cargs_tup, **cparams)
           ~~~~~~~~~~~~~~~^^^^^^^^^^^^^^^^^^^^^^^
  File "D:\Driver C\Desktop\fullstack-internship\backend\job-tracker-backend\.venv\Lib\site-packages\sqlalchemy\engine\default.py", line 630, in connect
    return self.loaded_dbapi.connect(*cargs, **cparams)  # type: ignore[no-any-return]  # NOQA: E501
           ~~~~~~~~~~~~~~~~~~~~~~~~~^^^^^^^^^^^^^^^^^^^
  File "D:\Driver C\Desktop\fullstack-internship\backend\job-tracker-backend\.venv\Lib\site-packages\psycopg2\__init__.py", line 135, in connect
    conn = _connect(dsn, connection_factory=connection_factory, **kwasync)
psycopg2.OperationalError: connection to server at "localhost" (::1), port 5432 failed: FATAL:  password authentication failed for user "postgres"


The above exception was the direct cause of the following exception:

Traceback (most recent call last):
  File "D:\Driver C\Desktop\fullstack-internship\backend\job-tracker-backend\.venv\Lib\site-packages\graphql\execution\execute.py", line 562, in execute_field
    result = resolve_fn(source, info, **args)
  File "D:\Driver C\Desktop\fullstack-internship\backend\job-tracker-backend\.venv\Lib\site-packages\strawberry\schema\schema_converter.py", line 1049, in _resolver
    return _get_result_with_extensions(
        _source,
        strawberry_info,
        **kwargs,
    )
  File "D:\Driver C\Desktop\fullstack-internship\backend\job-tracker-backend\.venv\Lib\site-packages\strawberry\schema\schema_converter.py", line 1035, in extension_resolver
    return reduce(
           ~~~~~~~
    ...<2 lines>...
        wrapped_get_result,
        ~~~~~~~~~~~~~~~~~~~
    )(_source, info, **field_kwargs)
    ~^^^^^^^^^^^^^^^^^^^^^^^^^^^^^^^
  File "D:\Driver C\Desktop\fullstack-internship\backend\job-tracker-backend\.venv\Lib\site-packages\strawberry\schema\schema_converter.py", line 1027, in wrapped_get_result
    return _get_result(
        _source,
    ...<2 lines>...
        field_kwargs=kwargs,
    )
  File "D:\Driver C\Desktop\fullstack-internship\backend\job-tracker-backend\.venv\Lib\site-packages\strawberry\schema\schema_converter.py", line 913, in _get_result
    return field.get_result(
           ~~~~~~~~~~~~~~~~^
        _source, info=info, args=field_args, kwargs=field_kwargs
        ^^^^^^^^^^^^^^^^^^^^^^^^^^^^^^^^^^^^^^^^^^^^^^^^^^^^^^^^
    )
    ^
  File "D:\Driver C\Desktop\fullstack-internship\backend\job-tracker-backend\.venv\Lib\site-packages\strawberry\types\field.py", line 232, in get_result
    return self.base_resolver(*args, **kwargs)
           ~~~~~~~~~~~~~~~~~~^^^^^^^^^^^^^^^^^
  File "D:\Driver C\Desktop\fullstack-internship\backend\job-tracker-backend\.venv\Lib\site-packages\strawberry\types\fields\resolver.py", line 238, in __call__
    return self.wrapped_func(*args, **kwargs)
           ~~~~~~~~~~~~~~~~~^^^^^^^^^^^^^^^^^
  File "D:\Driver C\Desktop\fullstack-internship\backend\job-tracker-backend\auth.py", line 10, in login_user
    user = db.query(models.User).filter(user_input.email == models.User.email).first()
  File "D:\Driver C\Desktop\fullstack-internship\backend\job-tracker-backend\.venv\Lib\site-packages\sqlalchemy\orm\query.py", line 2766, in first
    return self.limit(1)._iter().first()  # type: ignore
           ~~~~~~~~~~~~~~~~~~~^^
  File "D:\Driver C\Desktop\fullstack-internship\backend\job-tracker-backend\.venv\Lib\site-packages\sqlalchemy\orm\query.py", line 2864, in _iter
    result: Union[ScalarResult[_T], Result[_T]] = self.session.execute(
                                                  ~~~~~~~~~~~~~~~~~~~~^
        statement,
        ^^^^^^^^^^
        params,
        ^^^^^^^
        execution_options={"_sa_orm_load_options": self.load_options},
        ^^^^^^^^^^^^^^^^^^^^^^^^^^^^^^^^^^^^^^^^^^^^^^^^^^^^^^^^^^^^^^
    )
    ^
  File "D:\Driver C\Desktop\fullstack-internship\backend\job-tracker-backend\.venv\Lib\site-packages\sqlalchemy\orm\session.py", line 2373, in execute
    return self._execute_internal(
           ~~~~~~~~~~~~~~~~~~~~~~^
        statement,
        ^^^^^^^^^^
    ...<4 lines>...
        _add_event=_add_event,
        ^^^^^^^^^^^^^^^^^^^^^^
    )
    ^
  File "D:\Driver C\Desktop\fullstack-internship\backend\job-tracker-backend\.venv\Lib\site-packages\sqlalchemy\orm\session.py", line 2261, in _execute_internal
    conn = self._connection_for_bind(bind)
  File "D:\Driver C\Desktop\fullstack-internship\backend\job-tracker-backend\.venv\Lib\site-packages\sqlalchemy\orm\session.py", line 2113, in _connection_for_bind
    return trans._connection_for_bind(engine, execution_options)
           ~~~~~~~~~~~~~~~~~~~~~~~~~~^^^^^^^^^^^^^^^^^^^^^^^^^^^
  File "<string>", line 2, in _connection_for_bind
  File "D:\Driver C\Desktop\fullstack-internship\backend\job-tracker-backend\.venv\Lib\site-packages\sqlalchemy\orm\state_changes.py", line 137, in _go
    ret_value = fn(self, *arg, **kw)
  File "D:\Driver C\Desktop\fullstack-internship\backend\job-tracker-backend\.venv\Lib\site-packages\sqlalchemy\orm\session.py", line 1191, in _connection_for_bind
    conn = bind.connect()
  File "D:\Driver C\Desktop\fullstack-internship\backend\job-tracker-backend\.venv\Lib\site-packages\sqlalchemy\engine\base.py", line 3295, in connect
    return self._connection_cls(self)
           ~~~~~~~~~~~~~~~~~~~~^^^^^^
  File "D:\Driver C\Desktop\fullstack-internship\backend\job-tracker-backend\.venv\Lib\site-packages\sqlalchemy\engine\base.py", line 146, in __init__
    Connection._handle_dbapi_exception_noconnection(
    ~~~~~~~~~~~~~~~~~~~~~~~~~~~~~~~~~~~~~~~~~~~~~~~^
        err, dialect, engine
        ^^^^^^^^^^^^^^^^^^^^
    )
    ^
  File "D:\Driver C\Desktop\fullstack-internship\backend\job-tracker-backend\.venv\Lib\site-packages\sqlalchemy\engine\base.py", line 2450, in _handle_dbapi_exception_noconnection
    raise sqlalchemy_exception.with_traceback(exc_info[2]) from e
  File "D:\Driver C\Desktop\fullstack-internship\backend\job-tracker-backend\.venv\Lib\site-packages\sqlalchemy\engine\base.py", line 144, in __init__
    self._dbapi_connection = engine.raw_connection()
                             ~~~~~~~~~~~~~~~~~~~~~^^
  File "D:\Driver C\Desktop\fullstack-internship\backend\job-tracker-backend\.venv\Lib\site-packages\sqlalchemy\engine\base.py", line 3319, in raw_connection
    return self.pool.connect()
           ~~~~~~~~~~~~~~~~~^^
  File "D:\Driver C\Desktop\fullstack-internship\backend\job-tracker-backend\.venv\Lib\site-packages\sqlalchemy\pool\base.py", line 448, in connect
    return _ConnectionFairy._checkout(self)
           ~~~~~~~~~~~~~~~~~~~~~~~~~~^^^^^^
  File "D:\Driver C\Desktop\fullstack-internship\backend\job-tracker-backend\.venv\Lib\site-packages\sqlalchemy\pool\base.py", line 1272, in _checkout
    fairy = _ConnectionRecord.checkout(pool)
  File "D:\Driver C\Desktop\fullstack-internship\backend\job-tracker-backend\.venv\Lib\site-packages\sqlalchemy\pool\base.py", line 712, in checkout
    rec = pool._do_get()
  File "D:\Driver C\Desktop\fullstack-internship\backend\job-tracker-backend\.venv\Lib\site-packages\sqlalchemy\pool\impl.py", line 178, in _do_get
    with util.safe_reraise():
         ~~~~~~~~~~~~~~~~~^^
  File "D:\Driver C\Desktop\fullstack-internship\backend\job-tracker-backend\.venv\Lib\site-packages\sqlalchemy\util\langhelpers.py", line 122, in __exit__
    raise exc_value.with_traceback(exc_tb)
  File "D:\Driver C\Desktop\fullstack-internship\backend\job-tracker-backend\.venv\Lib\site-packages\sqlalchemy\pool\impl.py", line 176, in _do_get
    return self._create_connection()
           ~~~~~~~~~~~~~~~~~~~~~~~^^
  File "D:\Driver C\Desktop\fullstack-internship\backend\job-tracker-backend\.venv\Lib\site-packages\sqlalchemy\pool\base.py", line 389, in _create_connection
    return _ConnectionRecord(self)
  File "D:\Driver C\Desktop\fullstack-internship\backend\job-tracker-backend\.venv\Lib\site-packages\sqlalchemy\pool\base.py", line 674, in __init__
    self.__connect()
    ~~~~~~~~~~~~~~^^
  File "D:\Driver C\Desktop\fullstack-internship\backend\job-tracker-backend\.venv\Lib\site-packages\sqlalchemy\pool\base.py", line 900, in __connect
    with util.safe_reraise():
         ~~~~~~~~~~~~~~~~~^^
  File "D:\Driver C\Desktop\fullstack-internship\backend\job-tracker-backend\.venv\Lib\site-packages\sqlalchemy\util\langhelpers.py", line 122, in __exit__
    raise exc_value.with_traceback(exc_tb)
  File "D:\Driver C\Desktop\fullstack-internship\backend\job-tracker-backend\.venv\Lib\site-packages\sqlalchemy\pool\base.py", line 896, in __connect
    self.dbapi_connection = connection = pool._invoke_creator(self)
                                         ~~~~~~~~~~~~~~~~~~~~^^^^^^
  File "D:\Driver C\Desktop\fullstack-internship\backend\job-tracker-backend\.venv\Lib\site-packages\sqlalchemy\engine\create.py", line 667, in connect
    return dialect.connect(*cargs_tup, **cparams)
           ~~~~~~~~~~~~~~~^^^^^^^^^^^^^^^^^^^^^^^
  File "D:\Driver C\Desktop\fullstack-internship\backend\job-tracker-backend\.venv\Lib\site-packages\sqlalchemy\engine\default.py", line 630, in connect
    return self.loaded_dbapi.connect(*cargs, **cparams)  # type: ignore[no-any-return]  # NOQA: E501
           ~~~~~~~~~~~~~~~~~~~~~~~~~^^^^^^^^^^^^^^^^^^^
  File "D:\Driver C\Desktop\fullstack-internship\backend\job-tracker-backend\.venv\Lib\site-packages\psycopg2\__init__.py", line 135, in connect
    conn = _connect(dsn, connection_factory=connection_factory, **kwasync)
sqlalchemy.exc.OperationalError: (psycopg2.OperationalError) connection to server at "localhost" (::1), port 5432 failed: FATAL:  password authentication failed for user "postgres"

(Background on this error at: https://sqlalche.me/e/20/e3q8)
INFO:     127.0.0.1:53379 - "POST /graphql HTTP/1.1" 200 OK
(psycopg2.OperationalError) connection to server at "localhost" (::1), port 5432 failed: FATAL:  password authentication failed for user "postgres"

(Background on this error at: https://sqlalche.me/e/20/e3q8)

GraphQL request:2:3
1 | mutation LoginUser($userInput: UserLogin!) {
2 |   loginUser(userInput: $userInput) {
  |   ^
3 |     accessToken
Traceback (most recent call last):
  File "D:\Driver C\Desktop\fullstack-internship\backend\job-tracker-backend\.venv\Lib\site-packages\sqlalchemy\engine\base.py", line 144, in __init__
    self._dbapi_connection = engine.raw_connection()
                             ~~~~~~~~~~~~~~~~~~~~~^^
  File "D:\Driver C\Desktop\fullstack-internship\backend\job-tracker-backend\.venv\Lib\site-packages\sqlalchemy\engine\base.py", line 3319, in raw_connection
    return self.pool.connect()
           ~~~~~~~~~~~~~~~~~^^
  File "D:\Driver C\Desktop\fullstack-internship\backend\job-tracker-backend\.venv\Lib\site-packages\sqlalchemy\pool\base.py", line 448, in connect
    return _ConnectionFairy._checkout(self)
           ~~~~~~~~~~~~~~~~~~~~~~~~~~^^^^^^
  File "D:\Driver C\Desktop\fullstack-internship\backend\job-tracker-backend\.venv\Lib\site-packages\sqlalchemy\pool\base.py", line 1272, in _checkout
    fairy = _ConnectionRecord.checkout(pool)
  File "D:\Driver C\Desktop\fullstack-internship\backend\job-tracker-backend\.venv\Lib\site-packages\sqlalchemy\pool\base.py", line 712, in checkout
    rec = pool._do_get()
  File "D:\Driver C\Desktop\fullstack-internship\backend\job-tracker-backend\.venv\Lib\site-packages\sqlalchemy\pool\impl.py", line 178, in _do_get
    with util.safe_reraise():
         ~~~~~~~~~~~~~~~~~^^
  File "D:\Driver C\Desktop\fullstack-internship\backend\job-tracker-backend\.venv\Lib\site-packages\sqlalchemy\util\langhelpers.py", line 122, in __exit__
    raise exc_value.with_traceback(exc_tb)
  File "D:\Driver C\Desktop\fullstack-internship\backend\job-tracker-backend\.venv\Lib\site-packages\sqlalchemy\pool\impl.py", line 176, in _do_get
    return self._create_connection()
           ~~~~~~~~~~~~~~~~~~~~~~~^^
  File "D:\Driver C\Desktop\fullstack-internship\backend\job-tracker-backend\.venv\Lib\site-packages\sqlalchemy\pool\base.py", line 389, in _create_connection
    return _ConnectionRecord(self)
  File "D:\Driver C\Desktop\fullstack-internship\backend\job-tracker-backend\.venv\Lib\site-packages\sqlalchemy\pool\base.py", line 674, in __init__
    self.__connect()
    ~~~~~~~~~~~~~~^^
  File "D:\Driver C\Desktop\fullstack-internship\backend\job-tracker-backend\.venv\Lib\site-packages\sqlalchemy\pool\base.py", line 900, in __connect
    with util.safe_reraise():
         ~~~~~~~~~~~~~~~~~^^
  File "D:\Driver C\Desktop\fullstack-internship\backend\job-tracker-backend\.venv\Lib\site-packages\sqlalchemy\util\langhelpers.py", line 122, in __exit__
    raise exc_value.with_traceback(exc_tb)
  File "D:\Driver C\Desktop\fullstack-internship\backend\job-tracker-backend\.venv\Lib\site-packages\sqlalchemy\pool\base.py", line 896, in __connect
    self.dbapi_connection = connection = pool._invoke_creator(self)
                                         ~~~~~~~~~~~~~~~~~~~~^^^^^^
  File "D:\Driver C\Desktop\fullstack-internship\backend\job-tracker-backend\.venv\Lib\site-packages\sqlalchemy\engine\create.py", line 667, in connect
    return dialect.connect(*cargs_tup, **cparams)
           ~~~~~~~~~~~~~~~^^^^^^^^^^^^^^^^^^^^^^^
  File "D:\Driver C\Desktop\fullstack-internship\backend\job-tracker-backend\.venv\Lib\site-packages\sqlalchemy\engine\default.py", line 630, in connect
    return self.loaded_dbapi.connect(*cargs, **cparams)  # type: ignore[no-any-return]  # NOQA: E501
           ~~~~~~~~~~~~~~~~~~~~~~~~~^^^^^^^^^^^^^^^^^^^
  File "D:\Driver C\Desktop\fullstack-internship\backend\job-tracker-backend\.venv\Lib\site-packages\psycopg2\__init__.py", line 135, in connect
    conn = _connect(dsn, connection_factory=connection_factory, **kwasync)
psycopg2.OperationalError: connection to server at "localhost" (::1), port 5432 failed: FATAL:  password authentication failed for user "postgres"


The above exception was the direct cause of the following exception:

Traceback (most recent call last):
  File "D:\Driver C\Desktop\fullstack-internship\backend\job-tracker-backend\.venv\Lib\site-packages\graphql\execution\execute.py", line 562, in execute_field
    result = resolve_fn(source, info, **args)
  File "D:\Driver C\Desktop\fullstack-internship\backend\job-tracker-backend\.venv\Lib\site-packages\strawberry\schema\schema_converter.py", line 1049, in _resolver
    return _get_result_with_extensions(
        _source,
        strawberry_info,
        **kwargs,
    )
  File "D:\Driver C\Desktop\fullstack-internship\backend\job-tracker-backend\.venv\Lib\site-packages\strawberry\schema\schema_converter.py", line 1035, in extension_resolver
    return reduce(
           ~~~~~~~
    ...<2 lines>...
        wrapped_get_result,
        ~~~~~~~~~~~~~~~~~~~
    )(_source, info, **field_kwargs)
    ~^^^^^^^^^^^^^^^^^^^^^^^^^^^^^^^
  File "D:\Driver C\Desktop\fullstack-internship\backend\job-tracker-backend\.venv\Lib\site-packages\strawberry\schema\schema_converter.py", line 1027, in wrapped_get_result
    return _get_result(
        _source,
    ...<2 lines>...
        field_kwargs=kwargs,
    )
  File "D:\Driver C\Desktop\fullstack-internship\backend\job-tracker-backend\.venv\Lib\site-packages\strawberry\schema\schema_converter.py", line 913, in _get_result
    return field.get_result(
           ~~~~~~~~~~~~~~~~^
        _source, info=info, args=field_args, kwargs=field_kwargs
        ^^^^^^^^^^^^^^^^^^^^^^^^^^^^^^^^^^^^^^^^^^^^^^^^^^^^^^^^
    )
    ^
  File "D:\Driver C\Desktop\fullstack-internship\backend\job-tracker-backend\.venv\Lib\site-packages\strawberry\types\field.py", line 232, in get_result
    return self.base_resolver(*args, **kwargs)
           ~~~~~~~~~~~~~~~~~~^^^^^^^^^^^^^^^^^
  File "D:\Driver C\Desktop\fullstack-internship\backend\job-tracker-backend\.venv\Lib\site-packages\strawberry\types\fields\resolver.py", line 238, in __call__
    return self.wrapped_func(*args, **kwargs)
           ~~~~~~~~~~~~~~~~~^^^^^^^^^^^^^^^^^
  File "D:\Driver C\Desktop\fullstack-internship\backend\job-tracker-backend\auth.py", line 10, in login_user
    user = db.query(models.User).filter(user_input.email == models.User.email).first()
  File "D:\Driver C\Desktop\fullstack-internship\backend\job-tracker-backend\.venv\Lib\site-packages\sqlalchemy\orm\query.py", line 2766, in first
    return self.limit(1)._iter().first()  # type: ignore
           ~~~~~~~~~~~~~~~~~~~^^
  File "D:\Driver C\Desktop\fullstack-internship\backend\job-tracker-backend\.venv\Lib\site-packages\sqlalchemy\orm\query.py", line 2864, in _iter
    result: Union[ScalarResult[_T], Result[_T]] = self.session.execute(
                                                  ~~~~~~~~~~~~~~~~~~~~^
        statement,
        ^^^^^^^^^^
        params,
        ^^^^^^^
        execution_options={"_sa_orm_load_options": self.load_options},
        ^^^^^^^^^^^^^^^^^^^^^^^^^^^^^^^^^^^^^^^^^^^^^^^^^^^^^^^^^^^^^^
    )
    ^
  File "D:\Driver C\Desktop\fullstack-internship\backend\job-tracker-backend\.venv\Lib\site-packages\sqlalchemy\orm\session.py", line 2373, in execute
    return self._execute_internal(
           ~~~~~~~~~~~~~~~~~~~~~~^
        statement,
        ^^^^^^^^^^
    ...<4 lines>...
        _add_event=_add_event,
        ^^^^^^^^^^^^^^^^^^^^^^
    )
    ^
  File "D:\Driver C\Desktop\fullstack-internship\backend\job-tracker-backend\.venv\Lib\site-packages\sqlalchemy\orm\session.py", line 2261, in _execute_internal
    conn = self._connection_for_bind(bind)
  File "D:\Driver C\Desktop\fullstack-internship\backend\job-tracker-backend\.venv\Lib\site-packages\sqlalchemy\orm\session.py", line 2113, in _connection_for_bind
    return trans._connection_for_bind(engine, execution_options)
           ~~~~~~~~~~~~~~~~~~~~~~~~~~^^^^^^^^^^^^^^^^^^^^^^^^^^^
  File "<string>", line 2, in _connection_for_bind
  File "D:\Driver C\Desktop\fullstack-internship\backend\job-tracker-backend\.venv\Lib\site-packages\sqlalchemy\orm\state_changes.py", line 137, in _go
    ret_value = fn(self, *arg, **kw)
  File "D:\Driver C\Desktop\fullstack-internship\backend\job-tracker-backend\.venv\Lib\site-packages\sqlalchemy\orm\session.py", line 1191, in _connection_for_bind
    conn = bind.connect()
  File "D:\Driver C\Desktop\fullstack-internship\backend\job-tracker-backend\.venv\Lib\site-packages\sqlalchemy\engine\base.py", line 3295, in connect
    return self._connection_cls(self)
           ~~~~~~~~~~~~~~~~~~~~^^^^^^
  File "D:\Driver C\Desktop\fullstack-internship\backend\job-tracker-backend\.venv\Lib\site-packages\sqlalchemy\engine\base.py", line 146, in __init__
    Connection._handle_dbapi_exception_noconnection(
    ~~~~~~~~~~~~~~~~~~~~~~~~~~~~~~~~~~~~~~~~~~~~~~~^
        err, dialect, engine
        ^^^^^^^^^^^^^^^^^^^^
    )
    ^
  File "D:\Driver C\Desktop\fullstack-internship\backend\job-tracker-backend\.venv\Lib\site-packages\sqlalchemy\engine\base.py", line 2450, in _handle_dbapi_exception_noconnection
    raise sqlalchemy_exception.with_traceback(exc_info[2]) from e
  File "D:\Driver C\Desktop\fullstack-internship\backend\job-tracker-backend\.venv\Lib\site-packages\sqlalchemy\engine\base.py", line 144, in __init__
    self._dbapi_connection = engine.raw_connection()
                             ~~~~~~~~~~~~~~~~~~~~~^^
  File "D:\Driver C\Desktop\fullstack-internship\backend\job-tracker-backend\.venv\Lib\site-packages\sqlalchemy\engine\base.py", line 3319, in raw_connection
    return self.pool.connect()
           ~~~~~~~~~~~~~~~~~^^
  File "D:\Driver C\Desktop\fullstack-internship\backend\job-tracker-backend\.venv\Lib\site-packages\sqlalchemy\pool\base.py", line 448, in connect
    return _ConnectionFairy._checkout(self)
           ~~~~~~~~~~~~~~~~~~~~~~~~~~^^^^^^
  File "D:\Driver C\Desktop\fullstack-internship\backend\job-tracker-backend\.venv\Lib\site-packages\sqlalchemy\pool\base.py", line 1272, in _checkout
    fairy = _ConnectionRecord.checkout(pool)
  File "D:\Driver C\Desktop\fullstack-internship\backend\job-tracker-backend\.venv\Lib\site-packages\sqlalchemy\pool\base.py", line 712, in checkout
    rec = pool._do_get()
  File "D:\Driver C\Desktop\fullstack-internship\backend\job-tracker-backend\.venv\Lib\site-packages\sqlalchemy\pool\impl.py", line 178, in _do_get
    with util.safe_reraise():
         ~~~~~~~~~~~~~~~~~^^
  File "D:\Driver C\Desktop\fullstack-internship\backend\job-tracker-backend\.venv\Lib\site-packages\sqlalchemy\util\langhelpers.py", line 122, in __exit__
    raise exc_value.with_traceback(exc_tb)
  File "D:\Driver C\Desktop\fullstack-internship\backend\job-tracker-backend\.venv\Lib\site-packages\sqlalchemy\pool\impl.py", line 176, in _do_get
    return self._create_connection()
           ~~~~~~~~~~~~~~~~~~~~~~~^^
  File "D:\Driver C\Desktop\fullstack-internship\backend\job-tracker-backend\.venv\Lib\site-packages\sqlalchemy\pool\base.py", line 389, in _create_connection
    return _ConnectionRecord(self)
  File "D:\Driver C\Desktop\fullstack-internship\backend\job-tracker-backend\.venv\Lib\site-packages\sqlalchemy\pool\base.py", line 674, in __init__
    self.__connect()
    ~~~~~~~~~~~~~~^^
  File "D:\Driver C\Desktop\fullstack-internship\backend\job-tracker-backend\.venv\Lib\site-packages\sqlalchemy\pool\base.py", line 900, in __connect
    with util.safe_reraise():
         ~~~~~~~~~~~~~~~~~^^
  File "D:\Driver C\Desktop\fullstack-internship\backend\job-tracker-backend\.venv\Lib\site-packages\sqlalchemy\util\langhelpers.py", line 122, in __exit__
    raise exc_value.with_traceback(exc_tb)
  File "D:\Driver C\Desktop\fullstack-internship\backend\job-tracker-backend\.venv\Lib\site-packages\sqlalchemy\pool\base.py", line 896, in __connect
    self.dbapi_connection = connection = pool._invoke_creator(self)
                                         ~~~~~~~~~~~~~~~~~~~~^^^^^^
  File "D:\Driver C\Desktop\fullstack-internship\backend\job-tracker-backend\.venv\Lib\site-packages\sqlalchemy\engine\create.py", line 667, in connect
    return dialect.connect(*cargs_tup, **cparams)
           ~~~~~~~~~~~~~~~^^^^^^^^^^^^^^^^^^^^^^^
  File "D:\Driver C\Desktop\fullstack-internship\backend\job-tracker-backend\.venv\Lib\site-packages\sqlalchemy\engine\default.py", line 630, in connect
    return self.loaded_dbapi.connect(*cargs, **cparams)  # type: ignore[no-any-return]  # NOQA: E501
           ~~~~~~~~~~~~~~~~~~~~~~~~~^^^^^^^^^^^^^^^^^^^
  File "D:\Driver C\Desktop\fullstack-internship\backend\job-tracker-backend\.venv\Lib\site-packages\psycopg2\__init__.py", line 135, in connect
    conn = _connect(dsn, connection_factory=connection_factory, **kwasync)
sqlalchemy.exc.OperationalError: (psycopg2.OperationalError) connection to server at "localhost" (::1), port 5432 failed: FATAL:  password authentication failed for user "postgres"

(Background on this error at: https://sqlalche.me/e/20/e3q8)
INFO:     127.0.0.1:53379 - "POST /graphql HTTP/1.1" 200 OK
(psycopg2.OperationalError) connection to server at "localhost" (::1), port 5432 failed: FATAL:  password authentication failed for user "postgres"

(Background on this error at: https://sqlalche.me/e/20/e3q8)

GraphQL request:2:3
1 | mutation LoginUser($userInput: UserLogin!) {
2 |   loginUser(userInput: $userInput) {
  |   ^
3 |     accessToken
Traceback (most recent call last):
  File "D:\Driver C\Desktop\fullstack-internship\backend\job-tracker-backend\.venv\Lib\site-packages\sqlalchemy\engine\base.py", line 144, in __init__
    self._dbapi_connection = engine.raw_connection()
                             ~~~~~~~~~~~~~~~~~~~~~^^
  File "D:\Driver C\Desktop\fullstack-internship\backend\job-tracker-backend\.venv\Lib\site-packages\sqlalchemy\engine\base.py", line 3319, in raw_connection
    return self.pool.connect()
           ~~~~~~~~~~~~~~~~~^^
  File "D:\Driver C\Desktop\fullstack-internship\backend\job-tracker-backend\.venv\Lib\site-packages\sqlalchemy\pool\base.py", line 448, in connect
    return _ConnectionFairy._checkout(self)
           ~~~~~~~~~~~~~~~~~~~~~~~~~~^^^^^^
  File "D:\Driver C\Desktop\fullstack-internship\backend\job-tracker-backend\.venv\Lib\site-packages\sqlalchemy\pool\base.py", line 1272, in _checkout
    fairy = _ConnectionRecord.checkout(pool)
  File "D:\Driver C\Desktop\fullstack-internship\backend\job-tracker-backend\.venv\Lib\site-packages\sqlalchemy\pool\base.py", line 712, in checkout
    rec = pool._do_get()
  File "D:\Driver C\Desktop\fullstack-internship\backend\job-tracker-backend\.venv\Lib\site-packages\sqlalchemy\pool\impl.py", line 178, in _do_get
    with util.safe_reraise():
         ~~~~~~~~~~~~~~~~~^^
  File "D:\Driver C\Desktop\fullstack-internship\backend\job-tracker-backend\.venv\Lib\site-packages\sqlalchemy\util\langhelpers.py", line 122, in __exit__
    raise exc_value.with_traceback(exc_tb)
  File "D:\Driver C\Desktop\fullstack-internship\backend\job-tracker-backend\.venv\Lib\site-packages\sqlalchemy\pool\impl.py", line 176, in _do_get
    return self._create_connection()
           ~~~~~~~~~~~~~~~~~~~~~~~^^
  File "D:\Driver C\Desktop\fullstack-internship\backend\job-tracker-backend\.venv\Lib\site-packages\sqlalchemy\pool\base.py", line 389, in _create_connection
    return _ConnectionRecord(self)
  File "D:\Driver C\Desktop\fullstack-internship\backend\job-tracker-backend\.venv\Lib\site-packages\sqlalchemy\pool\base.py", line 674, in __init__
    self.__connect()
    ~~~~~~~~~~~~~~^^
  File "D:\Driver C\Desktop\fullstack-internship\backend\job-tracker-backend\.venv\Lib\site-packages\sqlalchemy\pool\base.py", line 900, in __connect
    with util.safe_reraise():
         ~~~~~~~~~~~~~~~~~^^
  File "D:\Driver C\Desktop\fullstack-internship\backend\job-tracker-backend\.venv\Lib\site-packages\sqlalchemy\util\langhelpers.py", line 122, in __exit__
    raise exc_value.with_traceback(exc_tb)
  File "D:\Driver C\Desktop\fullstack-internship\backend\job-tracker-backend\.venv\Lib\site-packages\sqlalchemy\pool\base.py", line 896, in __connect
    self.dbapi_connection = connection = pool._invoke_creator(self)
                                         ~~~~~~~~~~~~~~~~~~~~^^^^^^
  File "D:\Driver C\Desktop\fullstack-internship\backend\job-tracker-backend\.venv\Lib\site-packages\sqlalchemy\engine\create.py", line 667, in connect
    return dialect.connect(*cargs_tup, **cparams)
           ~~~~~~~~~~~~~~~^^^^^^^^^^^^^^^^^^^^^^^
  File "D:\Driver C\Desktop\fullstack-internship\backend\job-tracker-backend\.venv\Lib\site-packages\sqlalchemy\engine\default.py", line 630, in connect
    return self.loaded_dbapi.connect(*cargs, **cparams)  # type: ignore[no-any-return]  # NOQA: E501
           ~~~~~~~~~~~~~~~~~~~~~~~~~^^^^^^^^^^^^^^^^^^^
  File "D:\Driver C\Desktop\fullstack-internship\backend\job-tracker-backend\.venv\Lib\site-packages\psycopg2\__init__.py", line 135, in connect
    conn = _connect(dsn, connection_factory=connection_factory, **kwasync)
psycopg2.OperationalError: connection to server at "localhost" (::1), port 5432 failed: FATAL:  password authentication failed for user "postgres"


The above exception was the direct cause of the following exception:

Traceback (most recent call last):
  File "D:\Driver C\Desktop\fullstack-internship\backend\job-tracker-backend\.venv\Lib\site-packages\graphql\execution\execute.py", line 562, in execute_field
    result = resolve_fn(source, info, **args)
  File "D:\Driver C\Desktop\fullstack-internship\backend\job-tracker-backend\.venv\Lib\site-packages\strawberry\schema\schema_converter.py", line 1049, in _resolver
    return _get_result_with_extensions(
        _source,
        strawberry_info,
        **kwargs,
    )
  File "D:\Driver C\Desktop\fullstack-internship\backend\job-tracker-backend\.venv\Lib\site-packages\strawberry\schema\schema_converter.py", line 1035, in extension_resolver
    return reduce(
           ~~~~~~~
    ...<2 lines>...
        wrapped_get_result,
        ~~~~~~~~~~~~~~~~~~~
    )(_source, info, **field_kwargs)
    ~^^^^^^^^^^^^^^^^^^^^^^^^^^^^^^^
  File "D:\Driver C\Desktop\fullstack-internship\backend\job-tracker-backend\.venv\Lib\site-packages\strawberry\schema\schema_converter.py", line 1027, in wrapped_get_result
    return _get_result(
        _source,
    ...<2 lines>...
        field_kwargs=kwargs,
    )
  File "D:\Driver C\Desktop\fullstack-internship\backend\job-tracker-backend\.venv\Lib\site-packages\strawberry\schema\schema_converter.py", line 913, in _get_result
    return field.get_result(
           ~~~~~~~~~~~~~~~~^
        _source, info=info, args=field_args, kwargs=field_kwargs
        ^^^^^^^^^^^^^^^^^^^^^^^^^^^^^^^^^^^^^^^^^^^^^^^^^^^^^^^^
    )
    ^
  File "D:\Driver C\Desktop\fullstack-internship\backend\job-tracker-backend\.venv\Lib\site-packages\strawberry\types\field.py", line 232, in get_result
    return self.base_resolver(*args, **kwargs)
           ~~~~~~~~~~~~~~~~~~^^^^^^^^^^^^^^^^^
  File "D:\Driver C\Desktop\fullstack-internship\backend\job-tracker-backend\.venv\Lib\site-packages\strawberry\types\fields\resolver.py", line 238, in __call__
    return self.wrapped_func(*args, **kwargs)
           ~~~~~~~~~~~~~~~~~^^^^^^^^^^^^^^^^^
  File "D:\Driver C\Desktop\fullstack-internship\backend\job-tracker-backend\auth.py", line 10, in login_user
    user = db.query(models.User).filter(user_input.email == models.User.email).first()
  File "D:\Driver C\Desktop\fullstack-internship\backend\job-tracker-backend\.venv\Lib\site-packages\sqlalchemy\orm\query.py", line 2766, in first
    return self.limit(1)._iter().first()  # type: ignore
           ~~~~~~~~~~~~~~~~~~~^^
  File "D:\Driver C\Desktop\fullstack-internship\backend\job-tracker-backend\.venv\Lib\site-packages\sqlalchemy\orm\query.py", line 2864, in _iter
    result: Union[ScalarResult[_T], Result[_T]] = self.session.execute(
                                                  ~~~~~~~~~~~~~~~~~~~~^
        statement,
        ^^^^^^^^^^
        params,
        ^^^^^^^
        execution_options={"_sa_orm_load_options": self.load_options},
        ^^^^^^^^^^^^^^^^^^^^^^^^^^^^^^^^^^^^^^^^^^^^^^^^^^^^^^^^^^^^^^
    )
    ^
  File "D:\Driver C\Desktop\fullstack-internship\backend\job-tracker-backend\.venv\Lib\site-packages\sqlalchemy\orm\session.py", line 2373, in execute
    return self._execute_internal(
           ~~~~~~~~~~~~~~~~~~~~~~^
        statement,
        ^^^^^^^^^^
    ...<4 lines>...
        _add_event=_add_event,
        ^^^^^^^^^^^^^^^^^^^^^^
    )
    ^
  File "D:\Driver C\Desktop\fullstack-internship\backend\job-tracker-backend\.venv\Lib\site-packages\sqlalchemy\orm\session.py", line 2261, in _execute_internal
    conn = self._connection_for_bind(bind)
  File "D:\Driver C\Desktop\fullstack-internship\backend\job-tracker-backend\.venv\Lib\site-packages\sqlalchemy\orm\session.py", line 2113, in _connection_for_bind
    return trans._connection_for_bind(engine, execution_options)
           ~~~~~~~~~~~~~~~~~~~~~~~~~~^^^^^^^^^^^^^^^^^^^^^^^^^^^
  File "<string>", line 2, in _connection_for_bind
  File "D:\Driver C\Desktop\fullstack-internship\backend\job-tracker-backend\.venv\Lib\site-packages\sqlalchemy\orm\state_changes.py", line 137, in _go
    ret_value = fn(self, *arg, **kw)
  File "D:\Driver C\Desktop\fullstack-internship\backend\job-tracker-backend\.venv\Lib\site-packages\sqlalchemy\orm\session.py", line 1191, in _connection_for_bind
    conn = bind.connect()
  File "D:\Driver C\Desktop\fullstack-internship\backend\job-tracker-backend\.venv\Lib\site-packages\sqlalchemy\engine\base.py", line 3295, in connect
    return self._connection_cls(self)
           ~~~~~~~~~~~~~~~~~~~~^^^^^^
  File "D:\Driver C\Desktop\fullstack-internship\backend\job-tracker-backend\.venv\Lib\site-packages\sqlalchemy\engine\base.py", line 146, in __init__
    Connection._handle_dbapi_exception_noconnection(
    ~~~~~~~~~~~~~~~~~~~~~~~~~~~~~~~~~~~~~~~~~~~~~~~^
        err, dialect, engine
        ^^^^^^^^^^^^^^^^^^^^
    )
    ^
  File "D:\Driver C\Desktop\fullstack-internship\backend\job-tracker-backend\.venv\Lib\site-packages\sqlalchemy\engine\base.py", line 2450, in _handle_dbapi_exception_noconnection
    raise sqlalchemy_exception.with_traceback(exc_info[2]) from e
  File "D:\Driver C\Desktop\fullstack-internship\backend\job-tracker-backend\.venv\Lib\site-packages\sqlalchemy\engine\base.py", line 144, in __init__
    self._dbapi_connection = engine.raw_connection()
                             ~~~~~~~~~~~~~~~~~~~~~^^
  File "D:\Driver C\Desktop\fullstack-internship\backend\job-tracker-backend\.venv\Lib\site-packages\sqlalchemy\engine\base.py", line 3319, in raw_connection
    return self.pool.connect()
           ~~~~~~~~~~~~~~~~~^^
  File "D:\Driver C\Desktop\fullstack-internship\backend\job-tracker-backend\.venv\Lib\site-packages\sqlalchemy\pool\base.py", line 448, in connect
    return _ConnectionFairy._checkout(self)
           ~~~~~~~~~~~~~~~~~~~~~~~~~~^^^^^^
  File "D:\Driver C\Desktop\fullstack-internship\backend\job-tracker-backend\.venv\Lib\site-packages\sqlalchemy\pool\base.py", line 1272, in _checkout
    fairy = _ConnectionRecord.checkout(pool)
  File "D:\Driver C\Desktop\fullstack-internship\backend\job-tracker-backend\.venv\Lib\site-packages\sqlalchemy\pool\base.py", line 712, in checkout
    rec = pool._do_get()
  File "D:\Driver C\Desktop\fullstack-internship\backend\job-tracker-backend\.venv\Lib\site-packages\sqlalchemy\pool\impl.py", line 178, in _do_get
    with util.safe_reraise():
         ~~~~~~~~~~~~~~~~~^^
  File "D:\Driver C\Desktop\fullstack-internship\backend\job-tracker-backend\.venv\Lib\site-packages\sqlalchemy\util\langhelpers.py", line 122, in __exit__
    raise exc_value.with_traceback(exc_tb)
  File "D:\Driver C\Desktop\fullstack-internship\backend\job-tracker-backend\.venv\Lib\site-packages\sqlalchemy\pool\impl.py", line 176, in _do_get
    return self._create_connection()
           ~~~~~~~~~~~~~~~~~~~~~~~^^
  File "D:\Driver C\Desktop\fullstack-internship\backend\job-tracker-backend\.venv\Lib\site-packages\sqlalchemy\pool\base.py", line 389, in _create_connection
    return _ConnectionRecord(self)
  File "D:\Driver C\Desktop\fullstack-internship\backend\job-tracker-backend\.venv\Lib\site-packages\sqlalchemy\pool\base.py", line 674, in __init__
    self.__connect()
    ~~~~~~~~~~~~~~^^
  File "D:\Driver C\Desktop\fullstack-internship\backend\job-tracker-backend\.venv\Lib\site-packages\sqlalchemy\pool\base.py", line 900, in __connect
    with util.safe_reraise():
         ~~~~~~~~~~~~~~~~~^^
  File "D:\Driver C\Desktop\fullstack-internship\backend\job-tracker-backend\.venv\Lib\site-packages\sqlalchemy\util\langhelpers.py", line 122, in __exit__
    raise exc_value.with_traceback(exc_tb)
  File "D:\Driver C\Desktop\fullstack-internship\backend\job-tracker-backend\.venv\Lib\site-packages\sqlalchemy\pool\base.py", line 896, in __connect
    self.dbapi_connection = connection = pool._invoke_creator(self)
                                         ~~~~~~~~~~~~~~~~~~~~^^^^^^
  File "D:\Driver C\Desktop\fullstack-internship\backend\job-tracker-backend\.venv\Lib\site-packages\sqlalchemy\engine\create.py", line 667, in connect
    return dialect.connect(*cargs_tup, **cparams)
           ~~~~~~~~~~~~~~~^^^^^^^^^^^^^^^^^^^^^^^
  File "D:\Driver C\Desktop\fullstack-internship\backend\job-tracker-backend\.venv\Lib\site-packages\sqlalchemy\engine\default.py", line 630, in connect
    return self.loaded_dbapi.connect(*cargs, **cparams)  # type: ignore[no-any-return]  # NOQA: E501
           ~~~~~~~~~~~~~~~~~~~~~~~~~^^^^^^^^^^^^^^^^^^^
  File "D:\Driver C\Desktop\fullstack-internship\backend\job-tracker-backend\.venv\Lib\site-packages\psycopg2\__init__.py", line 135, in connect
    conn = _connect(dsn, connection_factory=connection_factory, **kwasync)
sqlalchemy.exc.OperationalError: (psycopg2.OperationalError) connection to server at "localhost" (::1), port 5432 failed: FATAL:  password authentication failed for user "postgres"

(Background on this error at: https://sqlalche.me/e/20/e3q8)
INFO:     127.0.0.1:53379 - "POST /graphql HTTP/1.1" 200 OK
(psycopg2.OperationalError) connection to server at "localhost" (::1), port 5432 failed: FATAL:  password authentication failed for user "postgres"

(Background on this error at: https://sqlalche.me/e/20/e3q8)

GraphQL request:2:3
1 | mutation LoginUser($userInput: UserLogin!) {
2 |   loginUser(userInput: $userInput) {
  |   ^
3 |     accessToken
Traceback (most recent call last):
  File "D:\Driver C\Desktop\fullstack-internship\backend\job-tracker-backend\.venv\Lib\site-packages\sqlalchemy\engine\base.py", line 144, in __init__
    self._dbapi_connection = engine.raw_connection()
                             ~~~~~~~~~~~~~~~~~~~~~^^
  File "D:\Driver C\Desktop\fullstack-internship\backend\job-tracker-backend\.venv\Lib\site-packages\sqlalchemy\engine\base.py", line 3319, in raw_connection
    return self.pool.connect()
           ~~~~~~~~~~~~~~~~~^^
  File "D:\Driver C\Desktop\fullstack-internship\backend\job-tracker-backend\.venv\Lib\site-packages\sqlalchemy\pool\base.py", line 448, in connect
    return _ConnectionFairy._checkout(self)
           ~~~~~~~~~~~~~~~~~~~~~~~~~~^^^^^^
  File "D:\Driver C\Desktop\fullstack-internship\backend\job-tracker-backend\.venv\Lib\site-packages\sqlalchemy\pool\base.py", line 1272, in _checkout
    fairy = _ConnectionRecord.checkout(pool)
  File "D:\Driver C\Desktop\fullstack-internship\backend\job-tracker-backend\.venv\Lib\site-packages\sqlalchemy\pool\base.py", line 712, in checkout
    rec = pool._do_get()
  File "D:\Driver C\Desktop\fullstack-internship\backend\job-tracker-backend\.venv\Lib\site-packages\sqlalchemy\pool\impl.py", line 178, in _do_get
    with util.safe_reraise():
         ~~~~~~~~~~~~~~~~~^^
  File "D:\Driver C\Desktop\fullstack-internship\backend\job-tracker-backend\.venv\Lib\site-packages\sqlalchemy\util\langhelpers.py", line 122, in __exit__
    raise exc_value.with_traceback(exc_tb)
  File "D:\Driver C\Desktop\fullstack-internship\backend\job-tracker-backend\.venv\Lib\site-packages\sqlalchemy\pool\impl.py", line 176, in _do_get
    return self._create_connection()
           ~~~~~~~~~~~~~~~~~~~~~~~^^
  File "D:\Driver C\Desktop\fullstack-internship\backend\job-tracker-backend\.venv\Lib\site-packages\sqlalchemy\pool\base.py", line 389, in _create_connection
    return _ConnectionRecord(self)
  File "D:\Driver C\Desktop\fullstack-internship\backend\job-tracker-backend\.venv\Lib\site-packages\sqlalchemy\pool\base.py", line 674, in __init__
    self.__connect()
    ~~~~~~~~~~~~~~^^
  File "D:\Driver C\Desktop\fullstack-internship\backend\job-tracker-backend\.venv\Lib\site-packages\sqlalchemy\pool\base.py", line 900, in __connect
    with util.safe_reraise():
         ~~~~~~~~~~~~~~~~~^^
  File "D:\Driver C\Desktop\fullstack-internship\backend\job-tracker-backend\.venv\Lib\site-packages\sqlalchemy\util\langhelpers.py", line 122, in __exit__
    raise exc_value.with_traceback(exc_tb)
  File "D:\Driver C\Desktop\fullstack-internship\backend\job-tracker-backend\.venv\Lib\site-packages\sqlalchemy\pool\base.py", line 896, in __connect
    self.dbapi_connection = connection = pool._invoke_creator(self)
                                         ~~~~~~~~~~~~~~~~~~~~^^^^^^
  File "D:\Driver C\Desktop\fullstack-internship\backend\job-tracker-backend\.venv\Lib\site-packages\sqlalchemy\engine\create.py", line 667, in connect
    return dialect.connect(*cargs_tup, **cparams)
           ~~~~~~~~~~~~~~~^^^^^^^^^^^^^^^^^^^^^^^
  File "D:\Driver C\Desktop\fullstack-internship\backend\job-tracker-backend\.venv\Lib\site-packages\sqlalchemy\engine\default.py", line 630, in connect
    return self.loaded_dbapi.connect(*cargs, **cparams)  # type: ignore[no-any-return]  # NOQA: E501
           ~~~~~~~~~~~~~~~~~~~~~~~~~^^^^^^^^^^^^^^^^^^^
  File "D:\Driver C\Desktop\fullstack-internship\backend\job-tracker-backend\.venv\Lib\site-packages\psycopg2\__init__.py", line 135, in connect
    conn = _connect(dsn, connection_factory=connection_factory, **kwasync)
psycopg2.OperationalError: connection to server at "localhost" (::1), port 5432 failed: FATAL:  password authentication failed for user "postgres"


The above exception was the direct cause of the following exception:

Traceback (most recent call last):
  File "D:\Driver C\Desktop\fullstack-internship\backend\job-tracker-backend\.venv\Lib\site-packages\graphql\execution\execute.py", line 562, in execute_field
    result = resolve_fn(source, info, **args)
  File "D:\Driver C\Desktop\fullstack-internship\backend\job-tracker-backend\.venv\Lib\site-packages\strawberry\schema\schema_converter.py", line 1049, in _resolver
    return _get_result_with_extensions(
        _source,
        strawberry_info,
        **kwargs,
    )
  File "D:\Driver C\Desktop\fullstack-internship\backend\job-tracker-backend\.venv\Lib\site-packages\strawberry\schema\schema_converter.py", line 1035, in extension_resolver
    return reduce(
           ~~~~~~~
    ...<2 lines>...
        wrapped_get_result,
        ~~~~~~~~~~~~~~~~~~~
    )(_source, info, **field_kwargs)
    ~^^^^^^^^^^^^^^^^^^^^^^^^^^^^^^^
  File "D:\Driver C\Desktop\fullstack-internship\backend\job-tracker-backend\.venv\Lib\site-packages\strawberry\schema\schema_converter.py", line 1027, in wrapped_get_result
    return _get_result(
        _source,
    ...<2 lines>...
        field_kwargs=kwargs,
    )
  File "D:\Driver C\Desktop\fullstack-internship\backend\job-tracker-backend\.venv\Lib\site-packages\strawberry\schema\schema_converter.py", line 913, in _get_result
    return field.get_result(
           ~~~~~~~~~~~~~~~~^
        _source, info=info, args=field_args, kwargs=field_kwargs
        ^^^^^^^^^^^^^^^^^^^^^^^^^^^^^^^^^^^^^^^^^^^^^^^^^^^^^^^^
    )
    ^
  File "D:\Driver C\Desktop\fullstack-internship\backend\job-tracker-backend\.venv\Lib\site-packages\strawberry\types\field.py", line 232, in get_result
    return self.base_resolver(*args, **kwargs)
           ~~~~~~~~~~~~~~~~~~^^^^^^^^^^^^^^^^^
  File "D:\Driver C\Desktop\fullstack-internship\backend\job-tracker-backend\.venv\Lib\site-packages\strawberry\types\fields\resolver.py", line 238, in __call__
    return self.wrapped_func(*args, **kwargs)
           ~~~~~~~~~~~~~~~~~^^^^^^^^^^^^^^^^^
  File "D:\Driver C\Desktop\fullstack-internship\backend\job-tracker-backend\auth.py", line 10, in login_user
    user = db.query(models.User).filter(user_input.email == models.User.email).first()
  File "D:\Driver C\Desktop\fullstack-internship\backend\job-tracker-backend\.venv\Lib\site-packages\sqlalchemy\orm\query.py", line 2766, in first
    return self.limit(1)._iter().first()  # type: ignore
           ~~~~~~~~~~~~~~~~~~~^^
  File "D:\Driver C\Desktop\fullstack-internship\backend\job-tracker-backend\.venv\Lib\site-packages\sqlalchemy\orm\query.py", line 2864, in _iter
    result: Union[ScalarResult[_T], Result[_T]] = self.session.execute(
                                                  ~~~~~~~~~~~~~~~~~~~~^
        statement,
        ^^^^^^^^^^
        params,
        ^^^^^^^
        execution_options={"_sa_orm_load_options": self.load_options},
        ^^^^^^^^^^^^^^^^^^^^^^^^^^^^^^^^^^^^^^^^^^^^^^^^^^^^^^^^^^^^^^
    )
    ^
  File "D:\Driver C\Desktop\fullstack-internship\backend\job-tracker-backend\.venv\Lib\site-packages\sqlalchemy\orm\session.py", line 2373, in execute
    return self._execute_internal(
           ~~~~~~~~~~~~~~~~~~~~~~^
        statement,
        ^^^^^^^^^^
    ...<4 lines>...
        _add_event=_add_event,
        ^^^^^^^^^^^^^^^^^^^^^^
    )
    ^
  File "D:\Driver C\Desktop\fullstack-internship\backend\job-tracker-backend\.venv\Lib\site-packages\sqlalchemy\orm\session.py", line 2261, in _execute_internal
    conn = self._connection_for_bind(bind)
  File "D:\Driver C\Desktop\fullstack-internship\backend\job-tracker-backend\.venv\Lib\site-packages\sqlalchemy\orm\session.py", line 2113, in _connection_for_bind
    return trans._connection_for_bind(engine, execution_options)
           ~~~~~~~~~~~~~~~~~~~~~~~~~~^^^^^^^^^^^^^^^^^^^^^^^^^^^
  File "<string>", line 2, in _connection_for_bind
  File "D:\Driver C\Desktop\fullstack-internship\backend\job-tracker-backend\.venv\Lib\site-packages\sqlalchemy\orm\state_changes.py", line 137, in _go
    ret_value = fn(self, *arg, **kw)
  File "D:\Driver C\Desktop\fullstack-internship\backend\job-tracker-backend\.venv\Lib\site-packages\sqlalchemy\orm\session.py", line 1191, in _connection_for_bind
    conn = bind.connect()
  File "D:\Driver C\Desktop\fullstack-internship\backend\job-tracker-backend\.venv\Lib\site-packages\sqlalchemy\engine\base.py", line 3295, in connect
    return self._connection_cls(self)
           ~~~~~~~~~~~~~~~~~~~~^^^^^^
  File "D:\Driver C\Desktop\fullstack-internship\backend\job-tracker-backend\.venv\Lib\site-packages\sqlalchemy\engine\base.py", line 146, in __init__
    Connection._handle_dbapi_exception_noconnection(
    ~~~~~~~~~~~~~~~~~~~~~~~~~~~~~~~~~~~~~~~~~~~~~~~^
        err, dialect, engine
        ^^^^^^^^^^^^^^^^^^^^
    )
    ^
  File "D:\Driver C\Desktop\fullstack-internship\backend\job-tracker-backend\.venv\Lib\site-packages\sqlalchemy\engine\base.py", line 2450, in _handle_dbapi_exception_noconnection
    raise sqlalchemy_exception.with_traceback(exc_info[2]) from e
  File "D:\Driver C\Desktop\fullstack-internship\backend\job-tracker-backend\.venv\Lib\site-packages\sqlalchemy\engine\base.py", line 144, in __init__
    self._dbapi_connection = engine.raw_connection()
                             ~~~~~~~~~~~~~~~~~~~~~^^
  File "D:\Driver C\Desktop\fullstack-internship\backend\job-tracker-backend\.venv\Lib\site-packages\sqlalchemy\engine\base.py", line 3319, in raw_connection
    return self.pool.connect()
           ~~~~~~~~~~~~~~~~~^^
  File "D:\Driver C\Desktop\fullstack-internship\backend\job-tracker-backend\.venv\Lib\site-packages\sqlalchemy\pool\base.py", line 448, in connect
    return _ConnectionFairy._checkout(self)
           ~~~~~~~~~~~~~~~~~~~~~~~~~~^^^^^^
  File "D:\Driver C\Desktop\fullstack-internship\backend\job-tracker-backend\.venv\Lib\site-packages\sqlalchemy\pool\base.py", line 1272, in _checkout
    fairy = _ConnectionRecord.checkout(pool)
  File "D:\Driver C\Desktop\fullstack-internship\backend\job-tracker-backend\.venv\Lib\site-packages\sqlalchemy\pool\base.py", line 712, in checkout
    rec = pool._do_get()
  File "D:\Driver C\Desktop\fullstack-internship\backend\job-tracker-backend\.venv\Lib\site-packages\sqlalchemy\pool\impl.py", line 178, in _do_get
    with util.safe_reraise():
         ~~~~~~~~~~~~~~~~~^^
  File "D:\Driver C\Desktop\fullstack-internship\backend\job-tracker-backend\.venv\Lib\site-packages\sqlalchemy\util\langhelpers.py", line 122, in __exit__
    raise exc_value.with_traceback(exc_tb)
  File "D:\Driver C\Desktop\fullstack-internship\backend\job-tracker-backend\.venv\Lib\site-packages\sqlalchemy\pool\impl.py", line 176, in _do_get
    return self._create_connection()
           ~~~~~~~~~~~~~~~~~~~~~~~^^
  File "D:\Driver C\Desktop\fullstack-internship\backend\job-tracker-backend\.venv\Lib\site-packages\sqlalchemy\pool\base.py", line 389, in _create_connection
    return _ConnectionRecord(self)
  File "D:\Driver C\Desktop\fullstack-internship\backend\job-tracker-backend\.venv\Lib\site-packages\sqlalchemy\pool\base.py", line 674, in __init__
    self.__connect()
    ~~~~~~~~~~~~~~^^
  File "D:\Driver C\Desktop\fullstack-internship\backend\job-tracker-backend\.venv\Lib\site-packages\sqlalchemy\pool\base.py", line 900, in __connect
    with util.safe_reraise():
         ~~~~~~~~~~~~~~~~~^^
  File "D:\Driver C\Desktop\fullstack-internship\backend\job-tracker-backend\.venv\Lib\site-packages\sqlalchemy\util\langhelpers.py", line 122, in __exit__
    raise exc_value.with_traceback(exc_tb)
  File "D:\Driver C\Desktop\fullstack-internship\backend\job-tracker-backend\.venv\Lib\site-packages\sqlalchemy\pool\base.py", line 896, in __connect
    self.dbapi_connection = connection = pool._invoke_creator(self)
                                         ~~~~~~~~~~~~~~~~~~~~^^^^^^
  File "D:\Driver C\Desktop\fullstack-internship\backend\job-tracker-backend\.venv\Lib\site-packages\sqlalchemy\engine\create.py", line 667, in connect
    return dialect.connect(*cargs_tup, **cparams)
           ~~~~~~~~~~~~~~~^^^^^^^^^^^^^^^^^^^^^^^
  File "D:\Driver C\Desktop\fullstack-internship\backend\job-tracker-backend\.venv\Lib\site-packages\sqlalchemy\engine\default.py", line 630, in connect
    return self.loaded_dbapi.connect(*cargs, **cparams)  # type: ignore[no-any-return]  # NOQA: E501
           ~~~~~~~~~~~~~~~~~~~~~~~~~^^^^^^^^^^^^^^^^^^^
  File "D:\Driver C\Desktop\fullstack-internship\backend\job-tracker-backend\.venv\Lib\site-packages\psycopg2\__init__.py", line 135, in connect
    conn = _connect(dsn, connection_factory=connection_factory, **kwasync)
sqlalchemy.exc.OperationalError: (psycopg2.OperationalError) connection to server at "localhost" (::1), port 5432 failed: FATAL:  password authentication failed for user "postgres"

(Background on this error at: https://sqlalche.me/e/20/e3q8)
INFO:     127.0.0.1:53379 - "POST /graphql HTTP/1.1" 200 OK
INFO:     127.0.0.1:56865 - "OPTIONS /graphql HTTP/1.1" 200 OK
(psycopg2.OperationalError) connection to server at "localhost" (::1), port 5432 failed: FATAL:  password authentication failed for user "postgres"

(Background on this error at: https://sqlalche.me/e/20/e3q8)

GraphQL request:2:3
1 | mutation LoginUser($userInput: UserLogin!) {
2 |   loginUser(userInput: $userInput) {
  |   ^
3 |     accessToken
Traceback (most recent call last):
  File "D:\Driver C\Desktop\fullstack-internship\backend\job-tracker-backend\.venv\Lib\site-packages\sqlalchemy\engine\base.py", line 144, in __init__
    self._dbapi_connection = engine.raw_connection()
                             ~~~~~~~~~~~~~~~~~~~~~^^
  File "D:\Driver C\Desktop\fullstack-internship\backend\job-tracker-backend\.venv\Lib\site-packages\sqlalchemy\engine\base.py", line 3319, in raw_connection
    return self.pool.connect()
           ~~~~~~~~~~~~~~~~~^^
  File "D:\Driver C\Desktop\fullstack-internship\backend\job-tracker-backend\.venv\Lib\site-packages\sqlalchemy\pool\base.py", line 448, in connect
    return _ConnectionFairy._checkout(self)
           ~~~~~~~~~~~~~~~~~~~~~~~~~~^^^^^^
  File "D:\Driver C\Desktop\fullstack-internship\backend\job-tracker-backend\.venv\Lib\site-packages\sqlalchemy\pool\base.py", line 1272, in _checkout
    fairy = _ConnectionRecord.checkout(pool)
  File "D:\Driver C\Desktop\fullstack-internship\backend\job-tracker-backend\.venv\Lib\site-packages\sqlalchemy\pool\base.py", line 712, in checkout
    rec = pool._do_get()
  File "D:\Driver C\Desktop\fullstack-internship\backend\job-tracker-backend\.venv\Lib\site-packages\sqlalchemy\pool\impl.py", line 178, in _do_get
    with util.safe_reraise():
         ~~~~~~~~~~~~~~~~~^^
  File "D:\Driver C\Desktop\fullstack-internship\backend\job-tracker-backend\.venv\Lib\site-packages\sqlalchemy\util\langhelpers.py", line 122, in __exit__
    raise exc_value.with_traceback(exc_tb)
  File "D:\Driver C\Desktop\fullstack-internship\backend\job-tracker-backend\.venv\Lib\site-packages\sqlalchemy\pool\impl.py", line 176, in _do_get
    return self._create_connection()
           ~~~~~~~~~~~~~~~~~~~~~~~^^
  File "D:\Driver C\Desktop\fullstack-internship\backend\job-tracker-backend\.venv\Lib\site-packages\sqlalchemy\pool\base.py", line 389, in _create_connection
    return _ConnectionRecord(self)
  File "D:\Driver C\Desktop\fullstack-internship\backend\job-tracker-backend\.venv\Lib\site-packages\sqlalchemy\pool\base.py", line 674, in __init__
    self.__connect()
    ~~~~~~~~~~~~~~^^
  File "D:\Driver C\Desktop\fullstack-internship\backend\job-tracker-backend\.venv\Lib\site-packages\sqlalchemy\pool\base.py", line 900, in __connect
    with util.safe_reraise():
         ~~~~~~~~~~~~~~~~~^^
  File "D:\Driver C\Desktop\fullstack-internship\backend\job-tracker-backend\.venv\Lib\site-packages\sqlalchemy\util\langhelpers.py", line 122, in __exit__
    raise exc_value.with_traceback(exc_tb)
  File "D:\Driver C\Desktop\fullstack-internship\backend\job-tracker-backend\.venv\Lib\site-packages\sqlalchemy\pool\base.py", line 896, in __connect
    self.dbapi_connection = connection = pool._invoke_creator(self)
                                         ~~~~~~~~~~~~~~~~~~~~^^^^^^
  File "D:\Driver C\Desktop\fullstack-internship\backend\job-tracker-backend\.venv\Lib\site-packages\sqlalchemy\engine\create.py", line 667, in connect
    return dialect.connect(*cargs_tup, **cparams)
           ~~~~~~~~~~~~~~~^^^^^^^^^^^^^^^^^^^^^^^
  File "D:\Driver C\Desktop\fullstack-internship\backend\job-tracker-backend\.venv\Lib\site-packages\sqlalchemy\engine\default.py", line 630, in connect
    return self.loaded_dbapi.connect(*cargs, **cparams)  # type: ignore[no-any-return]  # NOQA: E501
           ~~~~~~~~~~~~~~~~~~~~~~~~~^^^^^^^^^^^^^^^^^^^
  File "D:\Driver C\Desktop\fullstack-internship\backend\job-tracker-backend\.venv\Lib\site-packages\psycopg2\__init__.py", line 135, in connect
    conn = _connect(dsn, connection_factory=connection_factory, **kwasync)
psycopg2.OperationalError: connection to server at "localhost" (::1), port 5432 failed: FATAL:  password authentication failed for user "postgres"


The above exception was the direct cause of the following exception:

Traceback (most recent call last):
  File "D:\Driver C\Desktop\fullstack-internship\backend\job-tracker-backend\.venv\Lib\site-packages\graphql\execution\execute.py", line 562, in execute_field
    result = resolve_fn(source, info, **args)
  File "D:\Driver C\Desktop\fullstack-internship\backend\job-tracker-backend\.venv\Lib\site-packages\strawberry\schema\schema_converter.py", line 1049, in _resolver
    return _get_result_with_extensions(
        _source,
        strawberry_info,
        **kwargs,
    )
  File "D:\Driver C\Desktop\fullstack-internship\backend\job-tracker-backend\.venv\Lib\site-packages\strawberry\schema\schema_converter.py", line 1035, in extension_resolver
    return reduce(
           ~~~~~~~
    ...<2 lines>...
        wrapped_get_result,
        ~~~~~~~~~~~~~~~~~~~
    )(_source, info, **field_kwargs)
    ~^^^^^^^^^^^^^^^^^^^^^^^^^^^^^^^
  File "D:\Driver C\Desktop\fullstack-internship\backend\job-tracker-backend\.venv\Lib\site-packages\strawberry\schema\schema_converter.py", line 1027, in wrapped_get_result
    return _get_result(
        _source,
    ...<2 lines>...
        field_kwargs=kwargs,
    )
  File "D:\Driver C\Desktop\fullstack-internship\backend\job-tracker-backend\.venv\Lib\site-packages\strawberry\schema\schema_converter.py", line 913, in _get_result
    return field.get_result(
           ~~~~~~~~~~~~~~~~^
        _source, info=info, args=field_args, kwargs=field_kwargs
        ^^^^^^^^^^^^^^^^^^^^^^^^^^^^^^^^^^^^^^^^^^^^^^^^^^^^^^^^
    )
    ^
  File "D:\Driver C\Desktop\fullstack-internship\backend\job-tracker-backend\.venv\Lib\site-packages\strawberry\types\field.py", line 232, in get_result
    return self.base_resolver(*args, **kwargs)
           ~~~~~~~~~~~~~~~~~~^^^^^^^^^^^^^^^^^
  File "D:\Driver C\Desktop\fullstack-internship\backend\job-tracker-backend\.venv\Lib\site-packages\strawberry\types\fields\resolver.py", line 238, in __call__
    return self.wrapped_func(*args, **kwargs)
           ~~~~~~~~~~~~~~~~~^^^^^^^^^^^^^^^^^
  File "D:\Driver C\Desktop\fullstack-internship\backend\job-tracker-backend\auth.py", line 10, in login_user
    user = db.query(models.User).filter(user_input.email == models.User.email).first()
  File "D:\Driver C\Desktop\fullstack-internship\backend\job-tracker-backend\.venv\Lib\site-packages\sqlalchemy\orm\query.py", line 2766, in first
    return self.limit(1)._iter().first()  # type: ignore
           ~~~~~~~~~~~~~~~~~~~^^
  File "D:\Driver C\Desktop\fullstack-internship\backend\job-tracker-backend\.venv\Lib\site-packages\sqlalchemy\orm\query.py", line 2864, in _iter
    result: Union[ScalarResult[_T], Result[_T]] = self.session.execute(
                                                  ~~~~~~~~~~~~~~~~~~~~^
        statement,
        ^^^^^^^^^^
        params,
        ^^^^^^^
        execution_options={"_sa_orm_load_options": self.load_options},
        ^^^^^^^^^^^^^^^^^^^^^^^^^^^^^^^^^^^^^^^^^^^^^^^^^^^^^^^^^^^^^^
    )
    ^
  File "D:\Driver C\Desktop\fullstack-internship\backend\job-tracker-backend\.venv\Lib\site-packages\sqlalchemy\orm\session.py", line 2373, in execute
    return self._execute_internal(
           ~~~~~~~~~~~~~~~~~~~~~~^
        statement,
        ^^^^^^^^^^
    ...<4 lines>...
        _add_event=_add_event,
        ^^^^^^^^^^^^^^^^^^^^^^
    )
    ^
  File "D:\Driver C\Desktop\fullstack-internship\backend\job-tracker-backend\.venv\Lib\site-packages\sqlalchemy\orm\session.py", line 2261, in _execute_internal
    conn = self._connection_for_bind(bind)
  File "D:\Driver C\Desktop\fullstack-internship\backend\job-tracker-backend\.venv\Lib\site-packages\sqlalchemy\orm\session.py", line 2113, in _connection_for_bind
    return trans._connection_for_bind(engine, execution_options)
           ~~~~~~~~~~~~~~~~~~~~~~~~~~^^^^^^^^^^^^^^^^^^^^^^^^^^^
  File "<string>", line 2, in _connection_for_bind
  File "D:\Driver C\Desktop\fullstack-internship\backend\job-tracker-backend\.venv\Lib\site-packages\sqlalchemy\orm\state_changes.py", line 137, in _go
    ret_value = fn(self, *arg, **kw)
  File "D:\Driver C\Desktop\fullstack-internship\backend\job-tracker-backend\.venv\Lib\site-packages\sqlalchemy\orm\session.py", line 1191, in _connection_for_bind
    conn = bind.connect()
  File "D:\Driver C\Desktop\fullstack-internship\backend\job-tracker-backend\.venv\Lib\site-packages\sqlalchemy\engine\base.py", line 3295, in connect
    return self._connection_cls(self)
           ~~~~~~~~~~~~~~~~~~~~^^^^^^
  File "D:\Driver C\Desktop\fullstack-internship\backend\job-tracker-backend\.venv\Lib\site-packages\sqlalchemy\engine\base.py", line 146, in __init__
    Connection._handle_dbapi_exception_noconnection(
    ~~~~~~~~~~~~~~~~~~~~~~~~~~~~~~~~~~~~~~~~~~~~~~~^
        err, dialect, engine
        ^^^^^^^^^^^^^^^^^^^^
    )
    ^
  File "D:\Driver C\Desktop\fullstack-internship\backend\job-tracker-backend\.venv\Lib\site-packages\sqlalchemy\engine\base.py", line 2450, in _handle_dbapi_exception_noconnection
    raise sqlalchemy_exception.with_traceback(exc_info[2]) from e
  File "D:\Driver C\Desktop\fullstack-internship\backend\job-tracker-backend\.venv\Lib\site-packages\sqlalchemy\engine\base.py", line 144, in __init__
    self._dbapi_connection = engine.raw_connection()
                             ~~~~~~~~~~~~~~~~~~~~~^^
  File "D:\Driver C\Desktop\fullstack-internship\backend\job-tracker-backend\.venv\Lib\site-packages\sqlalchemy\engine\base.py", line 3319, in raw_connection
    return self.pool.connect()
           ~~~~~~~~~~~~~~~~~^^
  File "D:\Driver C\Desktop\fullstack-internship\backend\job-tracker-backend\.venv\Lib\site-packages\sqlalchemy\pool\base.py", line 448, in connect
    return _ConnectionFairy._checkout(self)
           ~~~~~~~~~~~~~~~~~~~~~~~~~~^^^^^^
  File "D:\Driver C\Desktop\fullstack-internship\backend\job-tracker-backend\.venv\Lib\site-packages\sqlalchemy\pool\base.py", line 1272, in _checkout
    fairy = _ConnectionRecord.checkout(pool)
  File "D:\Driver C\Desktop\fullstack-internship\backend\job-tracker-backend\.venv\Lib\site-packages\sqlalchemy\pool\base.py", line 712, in checkout
    rec = pool._do_get()
  File "D:\Driver C\Desktop\fullstack-internship\backend\job-tracker-backend\.venv\Lib\site-packages\sqlalchemy\pool\impl.py", line 178, in _do_get
    with util.safe_reraise():
         ~~~~~~~~~~~~~~~~~^^
  File "D:\Driver C\Desktop\fullstack-internship\backend\job-tracker-backend\.venv\Lib\site-packages\sqlalchemy\util\langhelpers.py", line 122, in __exit__
    raise exc_value.with_traceback(exc_tb)
  File "D:\Driver C\Desktop\fullstack-internship\backend\job-tracker-backend\.venv\Lib\site-packages\sqlalchemy\pool\impl.py", line 176, in _do_get
    return self._create_connection()
           ~~~~~~~~~~~~~~~~~~~~~~~^^
  File "D:\Driver C\Desktop\fullstack-internship\backend\job-tracker-backend\.venv\Lib\site-packages\sqlalchemy\pool\base.py", line 389, in _create_connection
    return _ConnectionRecord(self)
  File "D:\Driver C\Desktop\fullstack-internship\backend\job-tracker-backend\.venv\Lib\site-packages\sqlalchemy\pool\base.py", line 674, in __init__
    self.__connect()
    ~~~~~~~~~~~~~~^^
  File "D:\Driver C\Desktop\fullstack-internship\backend\job-tracker-backend\.venv\Lib\site-packages\sqlalchemy\pool\base.py", line 900, in __connect
    with util.safe_reraise():
         ~~~~~~~~~~~~~~~~~^^
  File "D:\Driver C\Desktop\fullstack-internship\backend\job-tracker-backend\.venv\Lib\site-packages\sqlalchemy\util\langhelpers.py", line 122, in __exit__
    raise exc_value.with_traceback(exc_tb)
  File "D:\Driver C\Desktop\fullstack-internship\backend\job-tracker-backend\.venv\Lib\site-packages\sqlalchemy\pool\base.py", line 896, in __connect
    self.dbapi_connection = connection = pool._invoke_creator(self)
                                         ~~~~~~~~~~~~~~~~~~~~^^^^^^
  File "D:\Driver C\Desktop\fullstack-internship\backend\job-tracker-backend\.venv\Lib\site-packages\sqlalchemy\engine\create.py", line 667, in connect
    return dialect.connect(*cargs_tup, **cparams)
           ~~~~~~~~~~~~~~~^^^^^^^^^^^^^^^^^^^^^^^
  File "D:\Driver C\Desktop\fullstack-internship\backend\job-tracker-backend\.venv\Lib\site-packages\sqlalchemy\engine\default.py", line 630, in connect
    return self.loaded_dbapi.connect(*cargs, **cparams)  # type: ignore[no-any-return]  # NOQA: E501
           ~~~~~~~~~~~~~~~~~~~~~~~~~^^^^^^^^^^^^^^^^^^^
  File "D:\Driver C\Desktop\fullstack-internship\backend\job-tracker-backend\.venv\Lib\site-packages\psycopg2\__init__.py", line 135, in connect
    conn = _connect(dsn, connection_factory=connection_factory, **kwasync)
sqlalchemy.exc.OperationalError: (psycopg2.OperationalError) connection to server at "localhost" (::1), port 5432 failed: FATAL:  password authentication failed for user "postgres"

(Background on this error at: https://sqlalche.me/e/20/e3q8)
INFO:     127.0.0.1:56865 - "POST /graphql HTTP/1.1" 200 OK
(psycopg2.OperationalError) connection to server at "localhost" (::1), port 5432 failed: FATAL:  password authentication failed for user "postgres"

(Background on this error at: https://sqlalche.me/e/20/e3q8)

GraphQL request:2:3
1 | mutation LoginUser($userInput: UserLogin!) {
2 |   loginUser(userInput: $userInput) {
  |   ^
3 |     accessToken
Traceback (most recent call last):
  File "D:\Driver C\Desktop\fullstack-internship\backend\job-tracker-backend\.venv\Lib\site-packages\sqlalchemy\engine\base.py", line 144, in __init__
    self._dbapi_connection = engine.raw_connection()
                             ~~~~~~~~~~~~~~~~~~~~~^^
  File "D:\Driver C\Desktop\fullstack-internship\backend\job-tracker-backend\.venv\Lib\site-packages\sqlalchemy\engine\base.py", line 3319, in raw_connection
    return self.pool.connect()
           ~~~~~~~~~~~~~~~~~^^
  File "D:\Driver C\Desktop\fullstack-internship\backend\job-tracker-backend\.venv\Lib\site-packages\sqlalchemy\pool\base.py", line 448, in connect
    return _ConnectionFairy._checkout(self)
           ~~~~~~~~~~~~~~~~~~~~~~~~~~^^^^^^
  File "D:\Driver C\Desktop\fullstack-internship\backend\job-tracker-backend\.venv\Lib\site-packages\sqlalchemy\pool\base.py", line 1272, in _checkout
    fairy = _ConnectionRecord.checkout(pool)
  File "D:\Driver C\Desktop\fullstack-internship\backend\job-tracker-backend\.venv\Lib\site-packages\sqlalchemy\pool\base.py", line 712, in checkout
    rec = pool._do_get()
  File "D:\Driver C\Desktop\fullstack-internship\backend\job-tracker-backend\.venv\Lib\site-packages\sqlalchemy\pool\impl.py", line 178, in _do_get
    with util.safe_reraise():
         ~~~~~~~~~~~~~~~~~^^
  File "D:\Driver C\Desktop\fullstack-internship\backend\job-tracker-backend\.venv\Lib\site-packages\sqlalchemy\util\langhelpers.py", line 122, in __exit__
    raise exc_value.with_traceback(exc_tb)
  File "D:\Driver C\Desktop\fullstack-internship\backend\job-tracker-backend\.venv\Lib\site-packages\sqlalchemy\pool\impl.py", line 176, in _do_get
    return self._create_connection()
           ~~~~~~~~~~~~~~~~~~~~~~~^^
  File "D:\Driver C\Desktop\fullstack-internship\backend\job-tracker-backend\.venv\Lib\site-packages\sqlalchemy\pool\base.py", line 389, in _create_connection
    return _ConnectionRecord(self)
  File "D:\Driver C\Desktop\fullstack-internship\backend\job-tracker-backend\.venv\Lib\site-packages\sqlalchemy\pool\base.py", line 674, in __init__
    self.__connect()
    ~~~~~~~~~~~~~~^^
  File "D:\Driver C\Desktop\fullstack-internship\backend\job-tracker-backend\.venv\Lib\site-packages\sqlalchemy\pool\base.py", line 900, in __connect
    with util.safe_reraise():
         ~~~~~~~~~~~~~~~~~^^
  File "D:\Driver C\Desktop\fullstack-internship\backend\job-tracker-backend\.venv\Lib\site-packages\sqlalchemy\util\langhelpers.py", line 122, in __exit__
    raise exc_value.with_traceback(exc_tb)
  File "D:\Driver C\Desktop\fullstack-internship\backend\job-tracker-backend\.venv\Lib\site-packages\sqlalchemy\pool\base.py", line 896, in __connect
    self.dbapi_connection = connection = pool._invoke_creator(self)
                                         ~~~~~~~~~~~~~~~~~~~~^^^^^^
  File "D:\Driver C\Desktop\fullstack-internship\backend\job-tracker-backend\.venv\Lib\site-packages\sqlalchemy\engine\create.py", line 667, in connect
    return dialect.connect(*cargs_tup, **cparams)
           ~~~~~~~~~~~~~~~^^^^^^^^^^^^^^^^^^^^^^^
  File "D:\Driver C\Desktop\fullstack-internship\backend\job-tracker-backend\.venv\Lib\site-packages\sqlalchemy\engine\default.py", line 630, in connect
    return self.loaded_dbapi.connect(*cargs, **cparams)  # type: ignore[no-any-return]  # NOQA: E501
           ~~~~~~~~~~~~~~~~~~~~~~~~~^^^^^^^^^^^^^^^^^^^
  File "D:\Driver C\Desktop\fullstack-internship\backend\job-tracker-backend\.venv\Lib\site-packages\psycopg2\__init__.py", line 135, in connect
    conn = _connect(dsn, connection_factory=connection_factory, **kwasync)
psycopg2.OperationalError: connection to server at "localhost" (::1), port 5432 failed: FATAL:  password authentication failed for user "postgres"


The above exception was the direct cause of the following exception:

Traceback (most recent call last):
  File "D:\Driver C\Desktop\fullstack-internship\backend\job-tracker-backend\.venv\Lib\site-packages\graphql\execution\execute.py", line 562, in execute_field
    result = resolve_fn(source, info, **args)
  File "D:\Driver C\Desktop\fullstack-internship\backend\job-tracker-backend\.venv\Lib\site-packages\strawberry\schema\schema_converter.py", line 1049, in _resolver
    return _get_result_with_extensions(
        _source,
        strawberry_info,
        **kwargs,
    )
  File "D:\Driver C\Desktop\fullstack-internship\backend\job-tracker-backend\.venv\Lib\site-packages\strawberry\schema\schema_converter.py", line 1035, in extension_resolver
    return reduce(
           ~~~~~~~
    ...<2 lines>...
        wrapped_get_result,
        ~~~~~~~~~~~~~~~~~~~
    )(_source, info, **field_kwargs)
    ~^^^^^^^^^^^^^^^^^^^^^^^^^^^^^^^
  File "D:\Driver C\Desktop\fullstack-internship\backend\job-tracker-backend\.venv\Lib\site-packages\strawberry\schema\schema_converter.py", line 1027, in wrapped_get_result
    return _get_result(
        _source,
    ...<2 lines>...
        field_kwargs=kwargs,
    )
  File "D:\Driver C\Desktop\fullstack-internship\backend\job-tracker-backend\.venv\Lib\site-packages\strawberry\schema\schema_converter.py", line 913, in _get_result
    return field.get_result(
           ~~~~~~~~~~~~~~~~^
        _source, info=info, args=field_args, kwargs=field_kwargs
        ^^^^^^^^^^^^^^^^^^^^^^^^^^^^^^^^^^^^^^^^^^^^^^^^^^^^^^^^
    )
    ^
  File "D:\Driver C\Desktop\fullstack-internship\backend\job-tracker-backend\.venv\Lib\site-packages\strawberry\types\field.py", line 232, in get_result
    return self.base_resolver(*args, **kwargs)
           ~~~~~~~~~~~~~~~~~~^^^^^^^^^^^^^^^^^
  File "D:\Driver C\Desktop\fullstack-internship\backend\job-tracker-backend\.venv\Lib\site-packages\strawberry\types\fields\resolver.py", line 238, in __call__
    return self.wrapped_func(*args, **kwargs)
           ~~~~~~~~~~~~~~~~~^^^^^^^^^^^^^^^^^
  File "D:\Driver C\Desktop\fullstack-internship\backend\job-tracker-backend\auth.py", line 10, in login_user
    user = db.query(models.User).filter(user_input.email == models.User.email).first()
  File "D:\Driver C\Desktop\fullstack-internship\backend\job-tracker-backend\.venv\Lib\site-packages\sqlalchemy\orm\query.py", line 2766, in first
    return self.limit(1)._iter().first()  # type: ignore
           ~~~~~~~~~~~~~~~~~~~^^
  File "D:\Driver C\Desktop\fullstack-internship\backend\job-tracker-backend\.venv\Lib\site-packages\sqlalchemy\orm\query.py", line 2864, in _iter
    result: Union[ScalarResult[_T], Result[_T]] = self.session.execute(
                                                  ~~~~~~~~~~~~~~~~~~~~^
        statement,
        ^^^^^^^^^^
        params,
        ^^^^^^^
        execution_options={"_sa_orm_load_options": self.load_options},
        ^^^^^^^^^^^^^^^^^^^^^^^^^^^^^^^^^^^^^^^^^^^^^^^^^^^^^^^^^^^^^^
    )
    ^
  File "D:\Driver C\Desktop\fullstack-internship\backend\job-tracker-backend\.venv\Lib\site-packages\sqlalchemy\orm\session.py", line 2373, in execute
    return self._execute_internal(
           ~~~~~~~~~~~~~~~~~~~~~~^
        statement,
        ^^^^^^^^^^
    ...<4 lines>...
        _add_event=_add_event,
        ^^^^^^^^^^^^^^^^^^^^^^
    )
    ^
  File "D:\Driver C\Desktop\fullstack-internship\backend\job-tracker-backend\.venv\Lib\site-packages\sqlalchemy\orm\session.py", line 2261, in _execute_internal
    conn = self._connection_for_bind(bind)
  File "D:\Driver C\Desktop\fullstack-internship\backend\job-tracker-backend\.venv\Lib\site-packages\sqlalchemy\orm\session.py", line 2113, in _connection_for_bind
    return trans._connection_for_bind(engine, execution_options)
           ~~~~~~~~~~~~~~~~~~~~~~~~~~^^^^^^^^^^^^^^^^^^^^^^^^^^^
  File "<string>", line 2, in _connection_for_bind
  File "D:\Driver C\Desktop\fullstack-internship\backend\job-tracker-backend\.venv\Lib\site-packages\sqlalchemy\orm\state_changes.py", line 137, in _go
    ret_value = fn(self, *arg, **kw)
  File "D:\Driver C\Desktop\fullstack-internship\backend\job-tracker-backend\.venv\Lib\site-packages\sqlalchemy\orm\session.py", line 1191, in _connection_for_bind
    conn = bind.connect()
  File "D:\Driver C\Desktop\fullstack-internship\backend\job-tracker-backend\.venv\Lib\site-packages\sqlalchemy\engine\base.py", line 3295, in connect
    return self._connection_cls(self)
           ~~~~~~~~~~~~~~~~~~~~^^^^^^
  File "D:\Driver C\Desktop\fullstack-internship\backend\job-tracker-backend\.venv\Lib\site-packages\sqlalchemy\engine\base.py", line 146, in __init__
    Connection._handle_dbapi_exception_noconnection(
    ~~~~~~~~~~~~~~~~~~~~~~~~~~~~~~~~~~~~~~~~~~~~~~~^
        err, dialect, engine
        ^^^^^^^^^^^^^^^^^^^^
    )
    ^
  File "D:\Driver C\Desktop\fullstack-internship\backend\job-tracker-backend\.venv\Lib\site-packages\sqlalchemy\engine\base.py", line 2450, in _handle_dbapi_exception_noconnection
    raise sqlalchemy_exception.with_traceback(exc_info[2]) from e
  File "D:\Driver C\Desktop\fullstack-internship\backend\job-tracker-backend\.venv\Lib\site-packages\sqlalchemy\engine\base.py", line 144, in __init__
    self._dbapi_connection = engine.raw_connection()
                             ~~~~~~~~~~~~~~~~~~~~~^^
  File "D:\Driver C\Desktop\fullstack-internship\backend\job-tracker-backend\.venv\Lib\site-packages\sqlalchemy\engine\base.py", line 3319, in raw_connection
    return self.pool.connect()
           ~~~~~~~~~~~~~~~~~^^
  File "D:\Driver C\Desktop\fullstack-internship\backend\job-tracker-backend\.venv\Lib\site-packages\sqlalchemy\pool\base.py", line 448, in connect
    return _ConnectionFairy._checkout(self)
           ~~~~~~~~~~~~~~~~~~~~~~~~~~^^^^^^
  File "D:\Driver C\Desktop\fullstack-internship\backend\job-tracker-backend\.venv\Lib\site-packages\sqlalchemy\pool\base.py", line 1272, in _checkout
    fairy = _ConnectionRecord.checkout(pool)
  File "D:\Driver C\Desktop\fullstack-internship\backend\job-tracker-backend\.venv\Lib\site-packages\sqlalchemy\pool\base.py", line 712, in checkout
    rec = pool._do_get()
  File "D:\Driver C\Desktop\fullstack-internship\backend\job-tracker-backend\.venv\Lib\site-packages\sqlalchemy\pool\impl.py", line 178, in _do_get
    with util.safe_reraise():
         ~~~~~~~~~~~~~~~~~^^
  File "D:\Driver C\Desktop\fullstack-internship\backend\job-tracker-backend\.venv\Lib\site-packages\sqlalchemy\util\langhelpers.py", line 122, in __exit__
    raise exc_value.with_traceback(exc_tb)
  File "D:\Driver C\Desktop\fullstack-internship\backend\job-tracker-backend\.venv\Lib\site-packages\sqlalchemy\pool\impl.py", line 176, in _do_get
    return self._create_connection()
           ~~~~~~~~~~~~~~~~~~~~~~~^^
  File "D:\Driver C\Desktop\fullstack-internship\backend\job-tracker-backend\.venv\Lib\site-packages\sqlalchemy\pool\base.py", line 389, in _create_connection
    return _ConnectionRecord(self)
  File "D:\Driver C\Desktop\fullstack-internship\backend\job-tracker-backend\.venv\Lib\site-packages\sqlalchemy\pool\base.py", line 674, in __init__
    self.__connect()
    ~~~~~~~~~~~~~~^^
  File "D:\Driver C\Desktop\fullstack-internship\backend\job-tracker-backend\.venv\Lib\site-packages\sqlalchemy\pool\base.py", line 900, in __connect
    with util.safe_reraise():
         ~~~~~~~~~~~~~~~~~^^
  File "D:\Driver C\Desktop\fullstack-internship\backend\job-tracker-backend\.venv\Lib\site-packages\sqlalchemy\util\langhelpers.py", line 122, in __exit__
    raise exc_value.with_traceback(exc_tb)
  File "D:\Driver C\Desktop\fullstack-internship\backend\job-tracker-backend\.venv\Lib\site-packages\sqlalchemy\pool\base.py", line 896, in __connect
    self.dbapi_connection = connection = pool._invoke_creator(self)
                                         ~~~~~~~~~~~~~~~~~~~~^^^^^^
  File "D:\Driver C\Desktop\fullstack-internship\backend\job-tracker-backend\.venv\Lib\site-packages\sqlalchemy\engine\create.py", line 667, in connect
    return dialect.connect(*cargs_tup, **cparams)
           ~~~~~~~~~~~~~~~^^^^^^^^^^^^^^^^^^^^^^^
  File "D:\Driver C\Desktop\fullstack-internship\backend\job-tracker-backend\.venv\Lib\site-packages\sqlalchemy\engine\default.py", line 630, in connect
    return self.loaded_dbapi.connect(*cargs, **cparams)  # type: ignore[no-any-return]  # NOQA: E501
           ~~~~~~~~~~~~~~~~~~~~~~~~~^^^^^^^^^^^^^^^^^^^
  File "D:\Driver C\Desktop\fullstack-internship\backend\job-tracker-backend\.venv\Lib\site-packages\psycopg2\__init__.py", line 135, in connect
    conn = _connect(dsn, connection_factory=connection_factory, **kwasync)
sqlalchemy.exc.OperationalError: (psycopg2.OperationalError) connection to server at "localhost" (::1), port 5432 failed: FATAL:  password authentication failed for user "postgres"

(Background on this error at: https://sqlalche.me/e/20/e3q8)
INFO:     127.0.0.1:56865 - "POST /graphql HTTP/1.1" 200 OK
INFO:     127.0.0.1:56931 - "OPTIONS /graphql HTTP/1.1" 200 OK
(psycopg2.OperationalError) connection to server at "localhost" (::1), port 5432 failed: FATAL:  password authentication failed for user "postgres"

(Background on this error at: https://sqlalche.me/e/20/e3q8)

GraphQL request:2:3
1 | mutation LoginUser($userInput: UserLogin!) {
2 |   loginUser(userInput: $userInput) {
  |   ^
3 |     accessToken
Traceback (most recent call last):
  File "D:\Driver C\Desktop\fullstack-internship\backend\job-tracker-backend\.venv\Lib\site-packages\sqlalchemy\engine\base.py", line 144, in __init__
    self._dbapi_connection = engine.raw_connection()
                             ~~~~~~~~~~~~~~~~~~~~~^^
  File "D:\Driver C\Desktop\fullstack-internship\backend\job-tracker-backend\.venv\Lib\site-packages\sqlalchemy\engine\base.py", line 3319, in raw_connection
    return self.pool.connect()
           ~~~~~~~~~~~~~~~~~^^
  File "D:\Driver C\Desktop\fullstack-internship\backend\job-tracker-backend\.venv\Lib\site-packages\sqlalchemy\pool\base.py", line 448, in connect
    return _ConnectionFairy._checkout(self)
           ~~~~~~~~~~~~~~~~~~~~~~~~~~^^^^^^
  File "D:\Driver C\Desktop\fullstack-internship\backend\job-tracker-backend\.venv\Lib\site-packages\sqlalchemy\pool\base.py", line 1272, in _checkout
    fairy = _ConnectionRecord.checkout(pool)
  File "D:\Driver C\Desktop\fullstack-internship\backend\job-tracker-backend\.venv\Lib\site-packages\sqlalchemy\pool\base.py", line 712, in checkout
    rec = pool._do_get()
  File "D:\Driver C\Desktop\fullstack-internship\backend\job-tracker-backend\.venv\Lib\site-packages\sqlalchemy\pool\impl.py", line 178, in _do_get
    with util.safe_reraise():
         ~~~~~~~~~~~~~~~~~^^
  File "D:\Driver C\Desktop\fullstack-internship\backend\job-tracker-backend\.venv\Lib\site-packages\sqlalchemy\util\langhelpers.py", line 122, in __exit__
    raise exc_value.with_traceback(exc_tb)
  File "D:\Driver C\Desktop\fullstack-internship\backend\job-tracker-backend\.venv\Lib\site-packages\sqlalchemy\pool\impl.py", line 176, in _do_get
    return self._create_connection()
           ~~~~~~~~~~~~~~~~~~~~~~~^^
  File "D:\Driver C\Desktop\fullstack-internship\backend\job-tracker-backend\.venv\Lib\site-packages\sqlalchemy\pool\base.py", line 389, in _create_connection
    return _ConnectionRecord(self)
  File "D:\Driver C\Desktop\fullstack-internship\backend\job-tracker-backend\.venv\Lib\site-packages\sqlalchemy\pool\base.py", line 674, in __init__
    self.__connect()
    ~~~~~~~~~~~~~~^^
  File "D:\Driver C\Desktop\fullstack-internship\backend\job-tracker-backend\.venv\Lib\site-packages\sqlalchemy\pool\base.py", line 900, in __connect
    with util.safe_reraise():
         ~~~~~~~~~~~~~~~~~^^
  File "D:\Driver C\Desktop\fullstack-internship\backend\job-tracker-backend\.venv\Lib\site-packages\sqlalchemy\util\langhelpers.py", line 122, in __exit__
    raise exc_value.with_traceback(exc_tb)
  File "D:\Driver C\Desktop\fullstack-internship\backend\job-tracker-backend\.venv\Lib\site-packages\sqlalchemy\pool\base.py", line 896, in __connect
    self.dbapi_connection = connection = pool._invoke_creator(self)
                                         ~~~~~~~~~~~~~~~~~~~~^^^^^^
  File "D:\Driver C\Desktop\fullstack-internship\backend\job-tracker-backend\.venv\Lib\site-packages\sqlalchemy\engine\create.py", line 667, in connect
    return dialect.connect(*cargs_tup, **cparams)
           ~~~~~~~~~~~~~~~^^^^^^^^^^^^^^^^^^^^^^^
  File "D:\Driver C\Desktop\fullstack-internship\backend\job-tracker-backend\.venv\Lib\site-packages\sqlalchemy\engine\default.py", line 630, in connect
    return self.loaded_dbapi.connect(*cargs, **cparams)  # type: ignore[no-any-return]  # NOQA: E501
           ~~~~~~~~~~~~~~~~~~~~~~~~~^^^^^^^^^^^^^^^^^^^
  File "D:\Driver C\Desktop\fullstack-internship\backend\job-tracker-backend\.venv\Lib\site-packages\psycopg2\__init__.py", line 135, in connect
    conn = _connect(dsn, connection_factory=connection_factory, **kwasync)
psycopg2.OperationalError: connection to server at "localhost" (::1), port 5432 failed: FATAL:  password authentication failed for user "postgres"


The above exception was the direct cause of the following exception:

Traceback (most recent call last):
  File "D:\Driver C\Desktop\fullstack-internship\backend\job-tracker-backend\.venv\Lib\site-packages\graphql\execution\execute.py", line 562, in execute_field
    result = resolve_fn(source, info, **args)
  File "D:\Driver C\Desktop\fullstack-internship\backend\job-tracker-backend\.venv\Lib\site-packages\strawberry\schema\schema_converter.py", line 1049, in _resolver
    return _get_result_with_extensions(
        _source,
        strawberry_info,
        **kwargs,
    )
  File "D:\Driver C\Desktop\fullstack-internship\backend\job-tracker-backend\.venv\Lib\site-packages\strawberry\schema\schema_converter.py", line 1035, in extension_resolver
    return reduce(
           ~~~~~~~
    ...<2 lines>...
        wrapped_get_result,
        ~~~~~~~~~~~~~~~~~~~
    )(_source, info, **field_kwargs)
    ~^^^^^^^^^^^^^^^^^^^^^^^^^^^^^^^
  File "D:\Driver C\Desktop\fullstack-internship\backend\job-tracker-backend\.venv\Lib\site-packages\strawberry\schema\schema_converter.py", line 1027, in wrapped_get_result
    return _get_result(
        _source,
    ...<2 lines>...
        field_kwargs=kwargs,
    )
  File "D:\Driver C\Desktop\fullstack-internship\backend\job-tracker-backend\.venv\Lib\site-packages\strawberry\schema\schema_converter.py", line 913, in _get_result
    return field.get_result(
           ~~~~~~~~~~~~~~~~^
        _source, info=info, args=field_args, kwargs=field_kwargs
        ^^^^^^^^^^^^^^^^^^^^^^^^^^^^^^^^^^^^^^^^^^^^^^^^^^^^^^^^
    )
    ^
  File "D:\Driver C\Desktop\fullstack-internship\backend\job-tracker-backend\.venv\Lib\site-packages\strawberry\types\field.py", line 232, in get_result
    return self.base_resolver(*args, **kwargs)
           ~~~~~~~~~~~~~~~~~~^^^^^^^^^^^^^^^^^
  File "D:\Driver C\Desktop\fullstack-internship\backend\job-tracker-backend\.venv\Lib\site-packages\strawberry\types\fields\resolver.py", line 238, in __call__
    return self.wrapped_func(*args, **kwargs)
           ~~~~~~~~~~~~~~~~~^^^^^^^^^^^^^^^^^
  File "D:\Driver C\Desktop\fullstack-internship\backend\job-tracker-backend\auth.py", line 10, in login_user
    user = db.query(models.User).filter(user_input.email == models.User.email).first()
  File "D:\Driver C\Desktop\fullstack-internship\backend\job-tracker-backend\.venv\Lib\site-packages\sqlalchemy\orm\query.py", line 2766, in first
    return self.limit(1)._iter().first()  # type: ignore
           ~~~~~~~~~~~~~~~~~~~^^
  File "D:\Driver C\Desktop\fullstack-internship\backend\job-tracker-backend\.venv\Lib\site-packages\sqlalchemy\orm\query.py", line 2864, in _iter
    result: Union[ScalarResult[_T], Result[_T]] = self.session.execute(
                                                  ~~~~~~~~~~~~~~~~~~~~^
        statement,
        ^^^^^^^^^^
        params,
        ^^^^^^^
        execution_options={"_sa_orm_load_options": self.load_options},
        ^^^^^^^^^^^^^^^^^^^^^^^^^^^^^^^^^^^^^^^^^^^^^^^^^^^^^^^^^^^^^^
    )
    ^
  File "D:\Driver C\Desktop\fullstack-internship\backend\job-tracker-backend\.venv\Lib\site-packages\sqlalchemy\orm\session.py", line 2373, in execute
    return self._execute_internal(
           ~~~~~~~~~~~~~~~~~~~~~~^
        statement,
        ^^^^^^^^^^
    ...<4 lines>...
        _add_event=_add_event,
        ^^^^^^^^^^^^^^^^^^^^^^
    )
    ^
  File "D:\Driver C\Desktop\fullstack-internship\backend\job-tracker-backend\.venv\Lib\site-packages\sqlalchemy\orm\session.py", line 2261, in _execute_internal
    conn = self._connection_for_bind(bind)
  File "D:\Driver C\Desktop\fullstack-internship\backend\job-tracker-backend\.venv\Lib\site-packages\sqlalchemy\orm\session.py", line 2113, in _connection_for_bind
    return trans._connection_for_bind(engine, execution_options)
           ~~~~~~~~~~~~~~~~~~~~~~~~~~^^^^^^^^^^^^^^^^^^^^^^^^^^^
  File "<string>", line 2, in _connection_for_bind
  File "D:\Driver C\Desktop\fullstack-internship\backend\job-tracker-backend\.venv\Lib\site-packages\sqlalchemy\orm\state_changes.py", line 137, in _go
    ret_value = fn(self, *arg, **kw)
  File "D:\Driver C\Desktop\fullstack-internship\backend\job-tracker-backend\.venv\Lib\site-packages\sqlalchemy\orm\session.py", line 1191, in _connection_for_bind
    conn = bind.connect()
  File "D:\Driver C\Desktop\fullstack-internship\backend\job-tracker-backend\.venv\Lib\site-packages\sqlalchemy\engine\base.py", line 3295, in connect
    return self._connection_cls(self)
           ~~~~~~~~~~~~~~~~~~~~^^^^^^
  File "D:\Driver C\Desktop\fullstack-internship\backend\job-tracker-backend\.venv\Lib\site-packages\sqlalchemy\engine\base.py", line 146, in __init__
    Connection._handle_dbapi_exception_noconnection(
    ~~~~~~~~~~~~~~~~~~~~~~~~~~~~~~~~~~~~~~~~~~~~~~~^
        err, dialect, engine
        ^^^^^^^^^^^^^^^^^^^^
    )
    ^
  File "D:\Driver C\Desktop\fullstack-internship\backend\job-tracker-backend\.venv\Lib\site-packages\sqlalchemy\engine\base.py", line 2450, in _handle_dbapi_exception_noconnection
    raise sqlalchemy_exception.with_traceback(exc_info[2]) from e
  File "D:\Driver C\Desktop\fullstack-internship\backend\job-tracker-backend\.venv\Lib\site-packages\sqlalchemy\engine\base.py", line 144, in __init__
    self._dbapi_connection = engine.raw_connection()
                             ~~~~~~~~~~~~~~~~~~~~~^^
  File "D:\Driver C\Desktop\fullstack-internship\backend\job-tracker-backend\.venv\Lib\site-packages\sqlalchemy\engine\base.py", line 3319, in raw_connection
    return self.pool.connect()
           ~~~~~~~~~~~~~~~~~^^
  File "D:\Driver C\Desktop\fullstack-internship\backend\job-tracker-backend\.venv\Lib\site-packages\sqlalchemy\pool\base.py", line 448, in connect
    return _ConnectionFairy._checkout(self)
           ~~~~~~~~~~~~~~~~~~~~~~~~~~^^^^^^
  File "D:\Driver C\Desktop\fullstack-internship\backend\job-tracker-backend\.venv\Lib\site-packages\sqlalchemy\pool\base.py", line 1272, in _checkout
    fairy = _ConnectionRecord.checkout(pool)
  File "D:\Driver C\Desktop\fullstack-internship\backend\job-tracker-backend\.venv\Lib\site-packages\sqlalchemy\pool\base.py", line 712, in checkout
    rec = pool._do_get()
  File "D:\Driver C\Desktop\fullstack-internship\backend\job-tracker-backend\.venv\Lib\site-packages\sqlalchemy\pool\impl.py", line 178, in _do_get
    with util.safe_reraise():
         ~~~~~~~~~~~~~~~~~^^
  File "D:\Driver C\Desktop\fullstack-internship\backend\job-tracker-backend\.venv\Lib\site-packages\sqlalchemy\util\langhelpers.py", line 122, in __exit__
    raise exc_value.with_traceback(exc_tb)
  File "D:\Driver C\Desktop\fullstack-internship\backend\job-tracker-backend\.venv\Lib\site-packages\sqlalchemy\pool\impl.py", line 176, in _do_get
    return self._create_connection()
           ~~~~~~~~~~~~~~~~~~~~~~~^^
  File "D:\Driver C\Desktop\fullstack-internship\backend\job-tracker-backend\.venv\Lib\site-packages\sqlalchemy\pool\base.py", line 389, in _create_connection
    return _ConnectionRecord(self)
  File "D:\Driver C\Desktop\fullstack-internship\backend\job-tracker-backend\.venv\Lib\site-packages\sqlalchemy\pool\base.py", line 674, in __init__
    self.__connect()
    ~~~~~~~~~~~~~~^^
  File "D:\Driver C\Desktop\fullstack-internship\backend\job-tracker-backend\.venv\Lib\site-packages\sqlalchemy\pool\base.py", line 900, in __connect
    with util.safe_reraise():
         ~~~~~~~~~~~~~~~~~^^
  File "D:\Driver C\Desktop\fullstack-internship\backend\job-tracker-backend\.venv\Lib\site-packages\sqlalchemy\util\langhelpers.py", line 122, in __exit__
    raise exc_value.with_traceback(exc_tb)
  File "D:\Driver C\Desktop\fullstack-internship\backend\job-tracker-backend\.venv\Lib\site-packages\sqlalchemy\pool\base.py", line 896, in __connect
    self.dbapi_connection = connection = pool._invoke_creator(self)
                                         ~~~~~~~~~~~~~~~~~~~~^^^^^^
  File "D:\Driver C\Desktop\fullstack-internship\backend\job-tracker-backend\.venv\Lib\site-packages\sqlalchemy\engine\create.py", line 667, in connect
    return dialect.connect(*cargs_tup, **cparams)
           ~~~~~~~~~~~~~~~^^^^^^^^^^^^^^^^^^^^^^^
  File "D:\Driver C\Desktop\fullstack-internship\backend\job-tracker-backend\.venv\Lib\site-packages\sqlalchemy\engine\default.py", line 630, in connect
    return self.loaded_dbapi.connect(*cargs, **cparams)  # type: ignore[no-any-return]  # NOQA: E501
           ~~~~~~~~~~~~~~~~~~~~~~~~~^^^^^^^^^^^^^^^^^^^
  File "D:\Driver C\Desktop\fullstack-internship\backend\job-tracker-backend\.venv\Lib\site-packages\psycopg2\__init__.py", line 135, in connect
    conn = _connect(dsn, connection_factory=connection_factory, **kwasync)
sqlalchemy.exc.OperationalError: (psycopg2.OperationalError) connection to server at "localhost" (::1), port 5432 failed: FATAL:  password authentication failed for user "postgres"

(Background on this error at: https://sqlalche.me/e/20/e3q8)
INFO:     127.0.0.1:56931 - "POST /graphql HTTP/1.1" 200 OK
INFO:     127.0.0.1:56934 - "OPTIONS /graphql HTTP/1.1" 200 OK
(psycopg2.OperationalError) connection to server at "localhost" (::1), port 5432 failed: FATAL:  password authentication failed for user "postgres"

(Background on this error at: https://sqlalche.me/e/20/e3q8)

GraphQL request:2:3
1 | mutation LoginUser($userInput: UserLogin!) {
2 |   loginUser(userInput: $userInput) {
  |   ^
3 |     accessToken
Traceback (most recent call last):
  File "D:\Driver C\Desktop\fullstack-internship\backend\job-tracker-backend\.venv\Lib\site-packages\sqlalchemy\engine\base.py", line 144, in __init__
    self._dbapi_connection = engine.raw_connection()
                             ~~~~~~~~~~~~~~~~~~~~~^^
  File "D:\Driver C\Desktop\fullstack-internship\backend\job-tracker-backend\.venv\Lib\site-packages\sqlalchemy\engine\base.py", line 3319, in raw_connection
    return self.pool.connect()
           ~~~~~~~~~~~~~~~~~^^
  File "D:\Driver C\Desktop\fullstack-internship\backend\job-tracker-backend\.venv\Lib\site-packages\sqlalchemy\pool\base.py", line 448, in connect
    return _ConnectionFairy._checkout(self)
           ~~~~~~~~~~~~~~~~~~~~~~~~~~^^^^^^
  File "D:\Driver C\Desktop\fullstack-internship\backend\job-tracker-backend\.venv\Lib\site-packages\sqlalchemy\pool\base.py", line 1272, in _checkout
    fairy = _ConnectionRecord.checkout(pool)
  File "D:\Driver C\Desktop\fullstack-internship\backend\job-tracker-backend\.venv\Lib\site-packages\sqlalchemy\pool\base.py", line 712, in checkout
    rec = pool._do_get()
  File "D:\Driver C\Desktop\fullstack-internship\backend\job-tracker-backend\.venv\Lib\site-packages\sqlalchemy\pool\impl.py", line 178, in _do_get
    with util.safe_reraise():
         ~~~~~~~~~~~~~~~~~^^
  File "D:\Driver C\Desktop\fullstack-internship\backend\job-tracker-backend\.venv\Lib\site-packages\sqlalchemy\util\langhelpers.py", line 122, in __exit__
    raise exc_value.with_traceback(exc_tb)
  File "D:\Driver C\Desktop\fullstack-internship\backend\job-tracker-backend\.venv\Lib\site-packages\sqlalchemy\pool\impl.py", line 176, in _do_get
    return self._create_connection()
           ~~~~~~~~~~~~~~~~~~~~~~~^^
  File "D:\Driver C\Desktop\fullstack-internship\backend\job-tracker-backend\.venv\Lib\site-packages\sqlalchemy\pool\base.py", line 389, in _create_connection
    return _ConnectionRecord(self)
  File "D:\Driver C\Desktop\fullstack-internship\backend\job-tracker-backend\.venv\Lib\site-packages\sqlalchemy\pool\base.py", line 674, in __init__
    self.__connect()
    ~~~~~~~~~~~~~~^^
  File "D:\Driver C\Desktop\fullstack-internship\backend\job-tracker-backend\.venv\Lib\site-packages\sqlalchemy\pool\base.py", line 900, in __connect
    with util.safe_reraise():
         ~~~~~~~~~~~~~~~~~^^
  File "D:\Driver C\Desktop\fullstack-internship\backend\job-tracker-backend\.venv\Lib\site-packages\sqlalchemy\util\langhelpers.py", line 122, in __exit__
    raise exc_value.with_traceback(exc_tb)
  File "D:\Driver C\Desktop\fullstack-internship\backend\job-tracker-backend\.venv\Lib\site-packages\sqlalchemy\pool\base.py", line 896, in __connect
    self.dbapi_connection = connection = pool._invoke_creator(self)
                                         ~~~~~~~~~~~~~~~~~~~~^^^^^^
  File "D:\Driver C\Desktop\fullstack-internship\backend\job-tracker-backend\.venv\Lib\site-packages\sqlalchemy\engine\create.py", line 667, in connect
    return dialect.connect(*cargs_tup, **cparams)
           ~~~~~~~~~~~~~~~^^^^^^^^^^^^^^^^^^^^^^^
  File "D:\Driver C\Desktop\fullstack-internship\backend\job-tracker-backend\.venv\Lib\site-packages\sqlalchemy\engine\default.py", line 630, in connect
    return self.loaded_dbapi.connect(*cargs, **cparams)  # type: ignore[no-any-return]  # NOQA: E501
           ~~~~~~~~~~~~~~~~~~~~~~~~~^^^^^^^^^^^^^^^^^^^
  File "D:\Driver C\Desktop\fullstack-internship\backend\job-tracker-backend\.venv\Lib\site-packages\psycopg2\__init__.py", line 135, in connect
    conn = _connect(dsn, connection_factory=connection_factory, **kwasync)
psycopg2.OperationalError: connection to server at "localhost" (::1), port 5432 failed: FATAL:  password authentication failed for user "postgres"


The above exception was the direct cause of the following exception:

Traceback (most recent call last):
  File "D:\Driver C\Desktop\fullstack-internship\backend\job-tracker-backend\.venv\Lib\site-packages\graphql\execution\execute.py", line 562, in execute_field
    result = resolve_fn(source, info, **args)
  File "D:\Driver C\Desktop\fullstack-internship\backend\job-tracker-backend\.venv\Lib\site-packages\strawberry\schema\schema_converter.py", line 1049, in _resolver
    return _get_result_with_extensions(
        _source,
        strawberry_info,
        **kwargs,
    )
  File "D:\Driver C\Desktop\fullstack-internship\backend\job-tracker-backend\.venv\Lib\site-packages\strawberry\schema\schema_converter.py", line 1035, in extension_resolver
    return reduce(
           ~~~~~~~
    ...<2 lines>...
        wrapped_get_result,
        ~~~~~~~~~~~~~~~~~~~
    )(_source, info, **field_kwargs)
    ~^^^^^^^^^^^^^^^^^^^^^^^^^^^^^^^
  File "D:\Driver C\Desktop\fullstack-internship\backend\job-tracker-backend\.venv\Lib\site-packages\strawberry\schema\schema_converter.py", line 1027, in wrapped_get_result
    return _get_result(
        _source,
    ...<2 lines>...
        field_kwargs=kwargs,
    )
  File "D:\Driver C\Desktop\fullstack-internship\backend\job-tracker-backend\.venv\Lib\site-packages\strawberry\schema\schema_converter.py", line 913, in _get_result
    return field.get_result(
           ~~~~~~~~~~~~~~~~^
        _source, info=info, args=field_args, kwargs=field_kwargs
        ^^^^^^^^^^^^^^^^^^^^^^^^^^^^^^^^^^^^^^^^^^^^^^^^^^^^^^^^
    )
    ^
  File "D:\Driver C\Desktop\fullstack-internship\backend\job-tracker-backend\.venv\Lib\site-packages\strawberry\types\field.py", line 232, in get_result
    return self.base_resolver(*args, **kwargs)
           ~~~~~~~~~~~~~~~~~~^^^^^^^^^^^^^^^^^
  File "D:\Driver C\Desktop\fullstack-internship\backend\job-tracker-backend\.venv\Lib\site-packages\strawberry\types\fields\resolver.py", line 238, in __call__
    return self.wrapped_func(*args, **kwargs)
           ~~~~~~~~~~~~~~~~~^^^^^^^^^^^^^^^^^
  File "D:\Driver C\Desktop\fullstack-internship\backend\job-tracker-backend\auth.py", line 10, in login_user
    user = db.query(models.User).filter(user_input.email == models.User.email).first()
  File "D:\Driver C\Desktop\fullstack-internship\backend\job-tracker-backend\.venv\Lib\site-packages\sqlalchemy\orm\query.py", line 2766, in first
    return self.limit(1)._iter().first()  # type: ignore
           ~~~~~~~~~~~~~~~~~~~^^
  File "D:\Driver C\Desktop\fullstack-internship\backend\job-tracker-backend\.venv\Lib\site-packages\sqlalchemy\orm\query.py", line 2864, in _iter
    result: Union[ScalarResult[_T], Result[_T]] = self.session.execute(
                                                  ~~~~~~~~~~~~~~~~~~~~^
        statement,
        ^^^^^^^^^^
        params,
        ^^^^^^^
        execution_options={"_sa_orm_load_options": self.load_options},
        ^^^^^^^^^^^^^^^^^^^^^^^^^^^^^^^^^^^^^^^^^^^^^^^^^^^^^^^^^^^^^^
    )
    ^
  File "D:\Driver C\Desktop\fullstack-internship\backend\job-tracker-backend\.venv\Lib\site-packages\sqlalchemy\orm\session.py", line 2373, in execute
    return self._execute_internal(
           ~~~~~~~~~~~~~~~~~~~~~~^
        statement,
        ^^^^^^^^^^
    ...<4 lines>...
        _add_event=_add_event,
        ^^^^^^^^^^^^^^^^^^^^^^
    )
    ^
  File "D:\Driver C\Desktop\fullstack-internship\backend\job-tracker-backend\.venv\Lib\site-packages\sqlalchemy\orm\session.py", line 2261, in _execute_internal
    conn = self._connection_for_bind(bind)
  File "D:\Driver C\Desktop\fullstack-internship\backend\job-tracker-backend\.venv\Lib\site-packages\sqlalchemy\orm\session.py", line 2113, in _connection_for_bind
    return trans._connection_for_bind(engine, execution_options)
           ~~~~~~~~~~~~~~~~~~~~~~~~~~^^^^^^^^^^^^^^^^^^^^^^^^^^^
  File "<string>", line 2, in _connection_for_bind
  File "D:\Driver C\Desktop\fullstack-internship\backend\job-tracker-backend\.venv\Lib\site-packages\sqlalchemy\orm\state_changes.py", line 137, in _go
    ret_value = fn(self, *arg, **kw)
  File "D:\Driver C\Desktop\fullstack-internship\backend\job-tracker-backend\.venv\Lib\site-packages\sqlalchemy\orm\session.py", line 1191, in _connection_for_bind
    conn = bind.connect()
  File "D:\Driver C\Desktop\fullstack-internship\backend\job-tracker-backend\.venv\Lib\site-packages\sqlalchemy\engine\base.py", line 3295, in connect
    return self._connection_cls(self)
           ~~~~~~~~~~~~~~~~~~~~^^^^^^
  File "D:\Driver C\Desktop\fullstack-internship\backend\job-tracker-backend\.venv\Lib\site-packages\sqlalchemy\engine\base.py", line 146, in __init__
    Connection._handle_dbapi_exception_noconnection(
    ~~~~~~~~~~~~~~~~~~~~~~~~~~~~~~~~~~~~~~~~~~~~~~~^
        err, dialect, engine
        ^^^^^^^^^^^^^^^^^^^^
    )
    ^
  File "D:\Driver C\Desktop\fullstack-internship\backend\job-tracker-backend\.venv\Lib\site-packages\sqlalchemy\engine\base.py", line 2450, in _handle_dbapi_exception_noconnection
    raise sqlalchemy_exception.with_traceback(exc_info[2]) from e
  File "D:\Driver C\Desktop\fullstack-internship\backend\job-tracker-backend\.venv\Lib\site-packages\sqlalchemy\engine\base.py", line 144, in __init__
    self._dbapi_connection = engine.raw_connection()
                             ~~~~~~~~~~~~~~~~~~~~~^^
  File "D:\Driver C\Desktop\fullstack-internship\backend\job-tracker-backend\.venv\Lib\site-packages\sqlalchemy\engine\base.py", line 3319, in raw_connection
    return self.pool.connect()
           ~~~~~~~~~~~~~~~~~^^
  File "D:\Driver C\Desktop\fullstack-internship\backend\job-tracker-backend\.venv\Lib\site-packages\sqlalchemy\pool\base.py", line 448, in connect
    return _ConnectionFairy._checkout(self)
           ~~~~~~~~~~~~~~~~~~~~~~~~~~^^^^^^
  File "D:\Driver C\Desktop\fullstack-internship\backend\job-tracker-backend\.venv\Lib\site-packages\sqlalchemy\pool\base.py", line 1272, in _checkout
    fairy = _ConnectionRecord.checkout(pool)
  File "D:\Driver C\Desktop\fullstack-internship\backend\job-tracker-backend\.venv\Lib\site-packages\sqlalchemy\pool\base.py", line 712, in checkout
    rec = pool._do_get()
  File "D:\Driver C\Desktop\fullstack-internship\backend\job-tracker-backend\.venv\Lib\site-packages\sqlalchemy\pool\impl.py", line 178, in _do_get
    with util.safe_reraise():
         ~~~~~~~~~~~~~~~~~^^
  File "D:\Driver C\Desktop\fullstack-internship\backend\job-tracker-backend\.venv\Lib\site-packages\sqlalchemy\util\langhelpers.py", line 122, in __exit__
    raise exc_value.with_traceback(exc_tb)
  File "D:\Driver C\Desktop\fullstack-internship\backend\job-tracker-backend\.venv\Lib\site-packages\sqlalchemy\pool\impl.py", line 176, in _do_get
    return self._create_connection()
           ~~~~~~~~~~~~~~~~~~~~~~~^^
  File "D:\Driver C\Desktop\fullstack-internship\backend\job-tracker-backend\.venv\Lib\site-packages\sqlalchemy\pool\base.py", line 389, in _create_connection
    return _ConnectionRecord(self)
  File "D:\Driver C\Desktop\fullstack-internship\backend\job-tracker-backend\.venv\Lib\site-packages\sqlalchemy\pool\base.py", line 674, in __init__
    self.__connect()
    ~~~~~~~~~~~~~~^^
  File "D:\Driver C\Desktop\fullstack-internship\backend\job-tracker-backend\.venv\Lib\site-packages\sqlalchemy\pool\base.py", line 900, in __connect
    with util.safe_reraise():
         ~~~~~~~~~~~~~~~~~^^
  File "D:\Driver C\Desktop\fullstack-internship\backend\job-tracker-backend\.venv\Lib\site-packages\sqlalchemy\util\langhelpers.py", line 122, in __exit__
    raise exc_value.with_traceback(exc_tb)
  File "D:\Driver C\Desktop\fullstack-internship\backend\job-tracker-backend\.venv\Lib\site-packages\sqlalchemy\pool\base.py", line 896, in __connect
    self.dbapi_connection = connection = pool._invoke_creator(self)
                                         ~~~~~~~~~~~~~~~~~~~~^^^^^^
  File "D:\Driver C\Desktop\fullstack-internship\backend\job-tracker-backend\.venv\Lib\site-packages\sqlalchemy\engine\create.py", line 667, in connect
    return dialect.connect(*cargs_tup, **cparams)
           ~~~~~~~~~~~~~~~^^^^^^^^^^^^^^^^^^^^^^^
  File "D:\Driver C\Desktop\fullstack-internship\backend\job-tracker-backend\.venv\Lib\site-packages\sqlalchemy\engine\default.py", line 630, in connect
    return self.loaded_dbapi.connect(*cargs, **cparams)  # type: ignore[no-any-return]  # NOQA: E501
           ~~~~~~~~~~~~~~~~~~~~~~~~~^^^^^^^^^^^^^^^^^^^
  File "D:\Driver C\Desktop\fullstack-internship\backend\job-tracker-backend\.venv\Lib\site-packages\psycopg2\__init__.py", line 135, in connect
    conn = _connect(dsn, connection_factory=connection_factory, **kwasync)
sqlalchemy.exc.OperationalError: (psycopg2.OperationalError) connection to server at "localhost" (::1), port 5432 failed: FATAL:  password authentication failed for user "postgres"

(Background on this error at: https://sqlalche.me/e/20/e3q8)
INFO:     127.0.0.1:56935 - "POST /graphql HTTP/1.1" 200 OK
INFO:     127.0.0.1:57121 - "OPTIONS /graphql HTTP/1.1" 200 OK
(psycopg2.OperationalError) connection to server at "localhost" (::1), port 5432 failed: FATAL:  password authentication failed for user "postgres"

(Background on this error at: https://sqlalche.me/e/20/e3q8)

GraphQL request:2:3
1 | mutation LoginUser($userInput: UserLogin!) {
2 |   loginUser(userInput: $userInput) {
  |   ^
3 |     accessToken
Traceback (most recent call last):
  File "D:\Driver C\Desktop\fullstack-internship\backend\job-tracker-backend\.venv\Lib\site-packages\sqlalchemy\engine\base.py", line 144, in __init__
    self._dbapi_connection = engine.raw_connection()
                             ~~~~~~~~~~~~~~~~~~~~~^^
  File "D:\Driver C\Desktop\fullstack-internship\backend\job-tracker-backend\.venv\Lib\site-packages\sqlalchemy\engine\base.py", line 3319, in raw_connection
    return self.pool.connect()
           ~~~~~~~~~~~~~~~~~^^
  File "D:\Driver C\Desktop\fullstack-internship\backend\job-tracker-backend\.venv\Lib\site-packages\sqlalchemy\pool\base.py", line 448, in connect
    return _ConnectionFairy._checkout(self)
           ~~~~~~~~~~~~~~~~~~~~~~~~~~^^^^^^
  File "D:\Driver C\Desktop\fullstack-internship\backend\job-tracker-backend\.venv\Lib\site-packages\sqlalchemy\pool\base.py", line 1272, in _checkout
    fairy = _ConnectionRecord.checkout(pool)
  File "D:\Driver C\Desktop\fullstack-internship\backend\job-tracker-backend\.venv\Lib\site-packages\sqlalchemy\pool\base.py", line 712, in checkout
    rec = pool._do_get()
  File "D:\Driver C\Desktop\fullstack-internship\backend\job-tracker-backend\.venv\Lib\site-packages\sqlalchemy\pool\impl.py", line 178, in _do_get
    with util.safe_reraise():
         ~~~~~~~~~~~~~~~~~^^
  File "D:\Driver C\Desktop\fullstack-internship\backend\job-tracker-backend\.venv\Lib\site-packages\sqlalchemy\util\langhelpers.py", line 122, in __exit__
    raise exc_value.with_traceback(exc_tb)
  File "D:\Driver C\Desktop\fullstack-internship\backend\job-tracker-backend\.venv\Lib\site-packages\sqlalchemy\pool\impl.py", line 176, in _do_get
    return self._create_connection()
           ~~~~~~~~~~~~~~~~~~~~~~~^^
  File "D:\Driver C\Desktop\fullstack-internship\backend\job-tracker-backend\.venv\Lib\site-packages\sqlalchemy\pool\base.py", line 389, in _create_connection
    return _ConnectionRecord(self)
  File "D:\Driver C\Desktop\fullstack-internship\backend\job-tracker-backend\.venv\Lib\site-packages\sqlalchemy\pool\base.py", line 674, in __init__
    self.__connect()
    ~~~~~~~~~~~~~~^^
  File "D:\Driver C\Desktop\fullstack-internship\backend\job-tracker-backend\.venv\Lib\site-packages\sqlalchemy\pool\base.py", line 900, in __connect
    with util.safe_reraise():
         ~~~~~~~~~~~~~~~~~^^
  File "D:\Driver C\Desktop\fullstack-internship\backend\job-tracker-backend\.venv\Lib\site-packages\sqlalchemy\util\langhelpers.py", line 122, in __exit__
    raise exc_value.with_traceback(exc_tb)
  File "D:\Driver C\Desktop\fullstack-internship\backend\job-tracker-backend\.venv\Lib\site-packages\sqlalchemy\pool\base.py", line 896, in __connect
    self.dbapi_connection = connection = pool._invoke_creator(self)
                                         ~~~~~~~~~~~~~~~~~~~~^^^^^^
  File "D:\Driver C\Desktop\fullstack-internship\backend\job-tracker-backend\.venv\Lib\site-packages\sqlalchemy\engine\create.py", line 667, in connect
    return dialect.connect(*cargs_tup, **cparams)
           ~~~~~~~~~~~~~~~^^^^^^^^^^^^^^^^^^^^^^^
  File "D:\Driver C\Desktop\fullstack-internship\backend\job-tracker-backend\.venv\Lib\site-packages\sqlalchemy\engine\default.py", line 630, in connect
    return self.loaded_dbapi.connect(*cargs, **cparams)  # type: ignore[no-any-return]  # NOQA: E501
           ~~~~~~~~~~~~~~~~~~~~~~~~~^^^^^^^^^^^^^^^^^^^
  File "D:\Driver C\Desktop\fullstack-internship\backend\job-tracker-backend\.venv\Lib\site-packages\psycopg2\__init__.py", line 135, in connect
    conn = _connect(dsn, connection_factory=connection_factory, **kwasync)
psycopg2.OperationalError: connection to server at "localhost" (::1), port 5432 failed: FATAL:  password authentication failed for user "postgres"


The above exception was the direct cause of the following exception:

Traceback (most recent call last):
  File "D:\Driver C\Desktop\fullstack-internship\backend\job-tracker-backend\.venv\Lib\site-packages\graphql\execution\execute.py", line 562, in execute_field
    result = resolve_fn(source, info, **args)
  File "D:\Driver C\Desktop\fullstack-internship\backend\job-tracker-backend\.venv\Lib\site-packages\strawberry\schema\schema_converter.py", line 1049, in _resolver
    return _get_result_with_extensions(
        _source,
        strawberry_info,
        **kwargs,
    )
  File "D:\Driver C\Desktop\fullstack-internship\backend\job-tracker-backend\.venv\Lib\site-packages\strawberry\schema\schema_converter.py", line 1035, in extension_resolver
    return reduce(
           ~~~~~~~
    ...<2 lines>...
        wrapped_get_result,
        ~~~~~~~~~~~~~~~~~~~
    )(_source, info, **field_kwargs)
    ~^^^^^^^^^^^^^^^^^^^^^^^^^^^^^^^
  File "D:\Driver C\Desktop\fullstack-internship\backend\job-tracker-backend\.venv\Lib\site-packages\strawberry\schema\schema_converter.py", line 1027, in wrapped_get_result
    return _get_result(
        _source,
    ...<2 lines>...
        field_kwargs=kwargs,
    )
  File "D:\Driver C\Desktop\fullstack-internship\backend\job-tracker-backend\.venv\Lib\site-packages\strawberry\schema\schema_converter.py", line 913, in _get_result
    return field.get_result(
           ~~~~~~~~~~~~~~~~^
        _source, info=info, args=field_args, kwargs=field_kwargs
        ^^^^^^^^^^^^^^^^^^^^^^^^^^^^^^^^^^^^^^^^^^^^^^^^^^^^^^^^
    )
    ^
  File "D:\Driver C\Desktop\fullstack-internship\backend\job-tracker-backend\.venv\Lib\site-packages\strawberry\types\field.py", line 232, in get_result
    return self.base_resolver(*args, **kwargs)
           ~~~~~~~~~~~~~~~~~~^^^^^^^^^^^^^^^^^
  File "D:\Driver C\Desktop\fullstack-internship\backend\job-tracker-backend\.venv\Lib\site-packages\strawberry\types\fields\resolver.py", line 238, in __call__
    return self.wrapped_func(*args, **kwargs)
           ~~~~~~~~~~~~~~~~~^^^^^^^^^^^^^^^^^
  File "D:\Driver C\Desktop\fullstack-internship\backend\job-tracker-backend\auth.py", line 10, in login_user
    user = db.query(models.User).filter(user_input.email == models.User.email).first()
  File "D:\Driver C\Desktop\fullstack-internship\backend\job-tracker-backend\.venv\Lib\site-packages\sqlalchemy\orm\query.py", line 2766, in first
    return self.limit(1)._iter().first()  # type: ignore
           ~~~~~~~~~~~~~~~~~~~^^
  File "D:\Driver C\Desktop\fullstack-internship\backend\job-tracker-backend\.venv\Lib\site-packages\sqlalchemy\orm\query.py", line 2864, in _iter
    result: Union[ScalarResult[_T], Result[_T]] = self.session.execute(
                                                  ~~~~~~~~~~~~~~~~~~~~^
        statement,
        ^^^^^^^^^^
        params,
        ^^^^^^^
        execution_options={"_sa_orm_load_options": self.load_options},
        ^^^^^^^^^^^^^^^^^^^^^^^^^^^^^^^^^^^^^^^^^^^^^^^^^^^^^^^^^^^^^^
    )
    ^
  File "D:\Driver C\Desktop\fullstack-internship\backend\job-tracker-backend\.venv\Lib\site-packages\sqlalchemy\orm\session.py", line 2373, in execute
    return self._execute_internal(
           ~~~~~~~~~~~~~~~~~~~~~~^
        statement,
        ^^^^^^^^^^
    ...<4 lines>...
        _add_event=_add_event,
        ^^^^^^^^^^^^^^^^^^^^^^
    )
    ^
  File "D:\Driver C\Desktop\fullstack-internship\backend\job-tracker-backend\.venv\Lib\site-packages\sqlalchemy\orm\session.py", line 2261, in _execute_internal
    conn = self._connection_for_bind(bind)
  File "D:\Driver C\Desktop\fullstack-internship\backend\job-tracker-backend\.venv\Lib\site-packages\sqlalchemy\orm\session.py", line 2113, in _connection_for_bind
    return trans._connection_for_bind(engine, execution_options)
           ~~~~~~~~~~~~~~~~~~~~~~~~~~^^^^^^^^^^^^^^^^^^^^^^^^^^^
  File "<string>", line 2, in _connection_for_bind
  File "D:\Driver C\Desktop\fullstack-internship\backend\job-tracker-backend\.venv\Lib\site-packages\sqlalchemy\orm\state_changes.py", line 137, in _go
    ret_value = fn(self, *arg, **kw)
  File "D:\Driver C\Desktop\fullstack-internship\backend\job-tracker-backend\.venv\Lib\site-packages\sqlalchemy\orm\session.py", line 1191, in _connection_for_bind
    conn = bind.connect()
  File "D:\Driver C\Desktop\fullstack-internship\backend\job-tracker-backend\.venv\Lib\site-packages\sqlalchemy\engine\base.py", line 3295, in connect
    return self._connection_cls(self)
           ~~~~~~~~~~~~~~~~~~~~^^^^^^
  File "D:\Driver C\Desktop\fullstack-internship\backend\job-tracker-backend\.venv\Lib\site-packages\sqlalchemy\engine\base.py", line 146, in __init__
    Connection._handle_dbapi_exception_noconnection(
    ~~~~~~~~~~~~~~~~~~~~~~~~~~~~~~~~~~~~~~~~~~~~~~~^
        err, dialect, engine
        ^^^^^^^^^^^^^^^^^^^^
    )
    ^
  File "D:\Driver C\Desktop\fullstack-internship\backend\job-tracker-backend\.venv\Lib\site-packages\sqlalchemy\engine\base.py", line 2450, in _handle_dbapi_exception_noconnection
    raise sqlalchemy_exception.with_traceback(exc_info[2]) from e
  File "D:\Driver C\Desktop\fullstack-internship\backend\job-tracker-backend\.venv\Lib\site-packages\sqlalchemy\engine\base.py", line 144, in __init__
    self._dbapi_connection = engine.raw_connection()
                             ~~~~~~~~~~~~~~~~~~~~~^^
  File "D:\Driver C\Desktop\fullstack-internship\backend\job-tracker-backend\.venv\Lib\site-packages\sqlalchemy\engine\base.py", line 3319, in raw_connection
    return self.pool.connect()
           ~~~~~~~~~~~~~~~~~^^
  File "D:\Driver C\Desktop\fullstack-internship\backend\job-tracker-backend\.venv\Lib\site-packages\sqlalchemy\pool\base.py", line 448, in connect
    return _ConnectionFairy._checkout(self)
           ~~~~~~~~~~~~~~~~~~~~~~~~~~^^^^^^
  File "D:\Driver C\Desktop\fullstack-internship\backend\job-tracker-backend\.venv\Lib\site-packages\sqlalchemy\pool\base.py", line 1272, in _checkout
    fairy = _ConnectionRecord.checkout(pool)
  File "D:\Driver C\Desktop\fullstack-internship\backend\job-tracker-backend\.venv\Lib\site-packages\sqlalchemy\pool\base.py", line 712, in checkout
    rec = pool._do_get()
  File "D:\Driver C\Desktop\fullstack-internship\backend\job-tracker-backend\.venv\Lib\site-packages\sqlalchemy\pool\impl.py", line 178, in _do_get
    with util.safe_reraise():
         ~~~~~~~~~~~~~~~~~^^
  File "D:\Driver C\Desktop\fullstack-internship\backend\job-tracker-backend\.venv\Lib\site-packages\sqlalchemy\util\langhelpers.py", line 122, in __exit__
    raise exc_value.with_traceback(exc_tb)
  File "D:\Driver C\Desktop\fullstack-internship\backend\job-tracker-backend\.venv\Lib\site-packages\sqlalchemy\pool\impl.py", line 176, in _do_get
    return self._create_connection()
           ~~~~~~~~~~~~~~~~~~~~~~~^^
  File "D:\Driver C\Desktop\fullstack-internship\backend\job-tracker-backend\.venv\Lib\site-packages\sqlalchemy\pool\base.py", line 389, in _create_connection
    return _ConnectionRecord(self)
  File "D:\Driver C\Desktop\fullstack-internship\backend\job-tracker-backend\.venv\Lib\site-packages\sqlalchemy\pool\base.py", line 674, in __init__
    self.__connect()
    ~~~~~~~~~~~~~~^^
  File "D:\Driver C\Desktop\fullstack-internship\backend\job-tracker-backend\.venv\Lib\site-packages\sqlalchemy\pool\base.py", line 900, in __connect
    with util.safe_reraise():
         ~~~~~~~~~~~~~~~~~^^
  File "D:\Driver C\Desktop\fullstack-internship\backend\job-tracker-backend\.venv\Lib\site-packages\sqlalchemy\util\langhelpers.py", line 122, in __exit__
    raise exc_value.with_traceback(exc_tb)
  File "D:\Driver C\Desktop\fullstack-internship\backend\job-tracker-backend\.venv\Lib\site-packages\sqlalchemy\pool\base.py", line 896, in __connect
    self.dbapi_connection = connection = pool._invoke_creator(self)
                                         ~~~~~~~~~~~~~~~~~~~~^^^^^^
  File "D:\Driver C\Desktop\fullstack-internship\backend\job-tracker-backend\.venv\Lib\site-packages\sqlalchemy\engine\create.py", line 667, in connect
    return dialect.connect(*cargs_tup, **cparams)
           ~~~~~~~~~~~~~~~^^^^^^^^^^^^^^^^^^^^^^^
  File "D:\Driver C\Desktop\fullstack-internship\backend\job-tracker-backend\.venv\Lib\site-packages\sqlalchemy\engine\default.py", line 630, in connect
    return self.loaded_dbapi.connect(*cargs, **cparams)  # type: ignore[no-any-return]  # NOQA: E501
           ~~~~~~~~~~~~~~~~~~~~~~~~~^^^^^^^^^^^^^^^^^^^
  File "D:\Driver C\Desktop\fullstack-internship\backend\job-tracker-backend\.venv\Lib\site-packages\psycopg2\__init__.py", line 135, in connect
    conn = _connect(dsn, connection_factory=connection_factory, **kwasync)
sqlalchemy.exc.OperationalError: (psycopg2.OperationalError) connection to server at "localhost" (::1), port 5432 failed: FATAL:  password authentication failed for user "postgres"

(Background on this error at: https://sqlalche.me/e/20/e3q8)
INFO:     127.0.0.1:57121 - "POST /graphql HTTP/1.1" 200 OK
INFO:     127.0.0.1:57124 - "OPTIONS /graphql HTTP/1.1" 200 OK
(psycopg2.OperationalError) connection to server at "localhost" (::1), port 5432 failed: FATAL:  password authentication failed for user "postgres"

(Background on this error at: https://sqlalche.me/e/20/e3q8)

GraphQL request:2:3
1 | mutation LoginUser($userInput: UserLogin!) {
2 |   loginUser(userInput: $userInput) {
  |   ^
3 |     accessToken
Traceback (most recent call last):
  File "D:\Driver C\Desktop\fullstack-internship\backend\job-tracker-backend\.venv\Lib\site-packages\sqlalchemy\engine\base.py", line 144, in __init__
    self._dbapi_connection = engine.raw_connection()
                             ~~~~~~~~~~~~~~~~~~~~~^^
  File "D:\Driver C\Desktop\fullstack-internship\backend\job-tracker-backend\.venv\Lib\site-packages\sqlalchemy\engine\base.py", line 3319, in raw_connection
    return self.pool.connect()
           ~~~~~~~~~~~~~~~~~^^
  File "D:\Driver C\Desktop\fullstack-internship\backend\job-tracker-backend\.venv\Lib\site-packages\sqlalchemy\pool\base.py", line 448, in connect
    return _ConnectionFairy._checkout(self)
           ~~~~~~~~~~~~~~~~~~~~~~~~~~^^^^^^
  File "D:\Driver C\Desktop\fullstack-internship\backend\job-tracker-backend\.venv\Lib\site-packages\sqlalchemy\pool\base.py", line 1272, in _checkout
    fairy = _ConnectionRecord.checkout(pool)
  File "D:\Driver C\Desktop\fullstack-internship\backend\job-tracker-backend\.venv\Lib\site-packages\sqlalchemy\pool\base.py", line 712, in checkout
    rec = pool._do_get()
  File "D:\Driver C\Desktop\fullstack-internship\backend\job-tracker-backend\.venv\Lib\site-packages\sqlalchemy\pool\impl.py", line 178, in _do_get
    with util.safe_reraise():
         ~~~~~~~~~~~~~~~~~^^
  File "D:\Driver C\Desktop\fullstack-internship\backend\job-tracker-backend\.venv\Lib\site-packages\sqlalchemy\util\langhelpers.py", line 122, in __exit__
    raise exc_value.with_traceback(exc_tb)
  File "D:\Driver C\Desktop\fullstack-internship\backend\job-tracker-backend\.venv\Lib\site-packages\sqlalchemy\pool\impl.py", line 176, in _do_get
    return self._create_connection()
           ~~~~~~~~~~~~~~~~~~~~~~~^^
  File "D:\Driver C\Desktop\fullstack-internship\backend\job-tracker-backend\.venv\Lib\site-packages\sqlalchemy\pool\base.py", line 389, in _create_connection
    return _ConnectionRecord(self)
  File "D:\Driver C\Desktop\fullstack-internship\backend\job-tracker-backend\.venv\Lib\site-packages\sqlalchemy\pool\base.py", line 674, in __init__
    self.__connect()
    ~~~~~~~~~~~~~~^^
  File "D:\Driver C\Desktop\fullstack-internship\backend\job-tracker-backend\.venv\Lib\site-packages\sqlalchemy\pool\base.py", line 900, in __connect
    with util.safe_reraise():
         ~~~~~~~~~~~~~~~~~^^
  File "D:\Driver C\Desktop\fullstack-internship\backend\job-tracker-backend\.venv\Lib\site-packages\sqlalchemy\util\langhelpers.py", line 122, in __exit__
    raise exc_value.with_traceback(exc_tb)
  File "D:\Driver C\Desktop\fullstack-internship\backend\job-tracker-backend\.venv\Lib\site-packages\sqlalchemy\pool\base.py", line 896, in __connect
    self.dbapi_connection = connection = pool._invoke_creator(self)
                                         ~~~~~~~~~~~~~~~~~~~~^^^^^^
  File "D:\Driver C\Desktop\fullstack-internship\backend\job-tracker-backend\.venv\Lib\site-packages\sqlalchemy\engine\create.py", line 667, in connect
    return dialect.connect(*cargs_tup, **cparams)
           ~~~~~~~~~~~~~~~^^^^^^^^^^^^^^^^^^^^^^^
  File "D:\Driver C\Desktop\fullstack-internship\backend\job-tracker-backend\.venv\Lib\site-packages\sqlalchemy\engine\default.py", line 630, in connect
    return self.loaded_dbapi.connect(*cargs, **cparams)  # type: ignore[no-any-return]  # NOQA: E501
           ~~~~~~~~~~~~~~~~~~~~~~~~~^^^^^^^^^^^^^^^^^^^
  File "D:\Driver C\Desktop\fullstack-internship\backend\job-tracker-backend\.venv\Lib\site-packages\psycopg2\__init__.py", line 135, in connect
    conn = _connect(dsn, connection_factory=connection_factory, **kwasync)
psycopg2.OperationalError: connection to server at "localhost" (::1), port 5432 failed: FATAL:  password authentication failed for user "postgres"


The above exception was the direct cause of the following exception:

Traceback (most recent call last):
  File "D:\Driver C\Desktop\fullstack-internship\backend\job-tracker-backend\.venv\Lib\site-packages\graphql\execution\execute.py", line 562, in execute_field
    result = resolve_fn(source, info, **args)
  File "D:\Driver C\Desktop\fullstack-internship\backend\job-tracker-backend\.venv\Lib\site-packages\strawberry\schema\schema_converter.py", line 1049, in _resolver
    return _get_result_with_extensions(
        _source,
        strawberry_info,
        **kwargs,
    )
  File "D:\Driver C\Desktop\fullstack-internship\backend\job-tracker-backend\.venv\Lib\site-packages\strawberry\schema\schema_converter.py", line 1035, in extension_resolver
    return reduce(
           ~~~~~~~
    ...<2 lines>...
        wrapped_get_result,
        ~~~~~~~~~~~~~~~~~~~
    )(_source, info, **field_kwargs)
    ~^^^^^^^^^^^^^^^^^^^^^^^^^^^^^^^
  File "D:\Driver C\Desktop\fullstack-internship\backend\job-tracker-backend\.venv\Lib\site-packages\strawberry\schema\schema_converter.py", line 1027, in wrapped_get_result
    return _get_result(
        _source,
    ...<2 lines>...
        field_kwargs=kwargs,
    )
  File "D:\Driver C\Desktop\fullstack-internship\backend\job-tracker-backend\.venv\Lib\site-packages\strawberry\schema\schema_converter.py", line 913, in _get_result
    return field.get_result(
           ~~~~~~~~~~~~~~~~^
        _source, info=info, args=field_args, kwargs=field_kwargs
        ^^^^^^^^^^^^^^^^^^^^^^^^^^^^^^^^^^^^^^^^^^^^^^^^^^^^^^^^
    )
    ^
  File "D:\Driver C\Desktop\fullstack-internship\backend\job-tracker-backend\.venv\Lib\site-packages\strawberry\types\field.py", line 232, in get_result
    return self.base_resolver(*args, **kwargs)
           ~~~~~~~~~~~~~~~~~~^^^^^^^^^^^^^^^^^
  File "D:\Driver C\Desktop\fullstack-internship\backend\job-tracker-backend\.venv\Lib\site-packages\strawberry\types\fields\resolver.py", line 238, in __call__
    return self.wrapped_func(*args, **kwargs)
           ~~~~~~~~~~~~~~~~~^^^^^^^^^^^^^^^^^
  File "D:\Driver C\Desktop\fullstack-internship\backend\job-tracker-backend\auth.py", line 10, in login_user
    user = db.query(models.User).filter(user_input.email == models.User.email).first()
  File "D:\Driver C\Desktop\fullstack-internship\backend\job-tracker-backend\.venv\Lib\site-packages\sqlalchemy\orm\query.py", line 2766, in first
    return self.limit(1)._iter().first()  # type: ignore
           ~~~~~~~~~~~~~~~~~~~^^
  File "D:\Driver C\Desktop\fullstack-internship\backend\job-tracker-backend\.venv\Lib\site-packages\sqlalchemy\orm\query.py", line 2864, in _iter
    result: Union[ScalarResult[_T], Result[_T]] = self.session.execute(
                                                  ~~~~~~~~~~~~~~~~~~~~^
        statement,
        ^^^^^^^^^^
        params,
        ^^^^^^^
        execution_options={"_sa_orm_load_options": self.load_options},
        ^^^^^^^^^^^^^^^^^^^^^^^^^^^^^^^^^^^^^^^^^^^^^^^^^^^^^^^^^^^^^^
    )
    ^
  File "D:\Driver C\Desktop\fullstack-internship\backend\job-tracker-backend\.venv\Lib\site-packages\sqlalchemy\orm\session.py", line 2373, in execute
    return self._execute_internal(
           ~~~~~~~~~~~~~~~~~~~~~~^
        statement,
        ^^^^^^^^^^
    ...<4 lines>...
        _add_event=_add_event,
        ^^^^^^^^^^^^^^^^^^^^^^
    )
    ^
  File "D:\Driver C\Desktop\fullstack-internship\backend\job-tracker-backend\.venv\Lib\site-packages\sqlalchemy\orm\session.py", line 2261, in _execute_internal
    conn = self._connection_for_bind(bind)
  File "D:\Driver C\Desktop\fullstack-internship\backend\job-tracker-backend\.venv\Lib\site-packages\sqlalchemy\orm\session.py", line 2113, in _connection_for_bind
    return trans._connection_for_bind(engine, execution_options)
           ~~~~~~~~~~~~~~~~~~~~~~~~~~^^^^^^^^^^^^^^^^^^^^^^^^^^^
  File "<string>", line 2, in _connection_for_bind
  File "D:\Driver C\Desktop\fullstack-internship\backend\job-tracker-backend\.venv\Lib\site-packages\sqlalchemy\orm\state_changes.py", line 137, in _go
    ret_value = fn(self, *arg, **kw)
  File "D:\Driver C\Desktop\fullstack-internship\backend\job-tracker-backend\.venv\Lib\site-packages\sqlalchemy\orm\session.py", line 1191, in _connection_for_bind
    conn = bind.connect()
  File "D:\Driver C\Desktop\fullstack-internship\backend\job-tracker-backend\.venv\Lib\site-packages\sqlalchemy\engine\base.py", line 3295, in connect
    return self._connection_cls(self)
           ~~~~~~~~~~~~~~~~~~~~^^^^^^
  File "D:\Driver C\Desktop\fullstack-internship\backend\job-tracker-backend\.venv\Lib\site-packages\sqlalchemy\engine\base.py", line 146, in __init__
    Connection._handle_dbapi_exception_noconnection(
    ~~~~~~~~~~~~~~~~~~~~~~~~~~~~~~~~~~~~~~~~~~~~~~~^
        err, dialect, engine
        ^^^^^^^^^^^^^^^^^^^^
    )
    ^
  File "D:\Driver C\Desktop\fullstack-internship\backend\job-tracker-backend\.venv\Lib\site-packages\sqlalchemy\engine\base.py", line 2450, in _handle_dbapi_exception_noconnection
    raise sqlalchemy_exception.with_traceback(exc_info[2]) from e
  File "D:\Driver C\Desktop\fullstack-internship\backend\job-tracker-backend\.venv\Lib\site-packages\sqlalchemy\engine\base.py", line 144, in __init__
    self._dbapi_connection = engine.raw_connection()
                             ~~~~~~~~~~~~~~~~~~~~~^^
  File "D:\Driver C\Desktop\fullstack-internship\backend\job-tracker-backend\.venv\Lib\site-packages\sqlalchemy\engine\base.py", line 3319, in raw_connection
    return self.pool.connect()
           ~~~~~~~~~~~~~~~~~^^
  File "D:\Driver C\Desktop\fullstack-internship\backend\job-tracker-backend\.venv\Lib\site-packages\sqlalchemy\pool\base.py", line 448, in connect
    return _ConnectionFairy._checkout(self)
           ~~~~~~~~~~~~~~~~~~~~~~~~~~^^^^^^
  File "D:\Driver C\Desktop\fullstack-internship\backend\job-tracker-backend\.venv\Lib\site-packages\sqlalchemy\pool\base.py", line 1272, in _checkout
    fairy = _ConnectionRecord.checkout(pool)
  File "D:\Driver C\Desktop\fullstack-internship\backend\job-tracker-backend\.venv\Lib\site-packages\sqlalchemy\pool\base.py", line 712, in checkout
    rec = pool._do_get()
  File "D:\Driver C\Desktop\fullstack-internship\backend\job-tracker-backend\.venv\Lib\site-packages\sqlalchemy\pool\impl.py", line 178, in _do_get
    with util.safe_reraise():
         ~~~~~~~~~~~~~~~~~^^
  File "D:\Driver C\Desktop\fullstack-internship\backend\job-tracker-backend\.venv\Lib\site-packages\sqlalchemy\util\langhelpers.py", line 122, in __exit__
    raise exc_value.with_traceback(exc_tb)
  File "D:\Driver C\Desktop\fullstack-internship\backend\job-tracker-backend\.venv\Lib\site-packages\sqlalchemy\pool\impl.py", line 176, in _do_get
    return self._create_connection()
           ~~~~~~~~~~~~~~~~~~~~~~~^^
  File "D:\Driver C\Desktop\fullstack-internship\backend\job-tracker-backend\.venv\Lib\site-packages\sqlalchemy\pool\base.py", line 389, in _create_connection
    return _ConnectionRecord(self)
  File "D:\Driver C\Desktop\fullstack-internship\backend\job-tracker-backend\.venv\Lib\site-packages\sqlalchemy\pool\base.py", line 674, in __init__
    self.__connect()
    ~~~~~~~~~~~~~~^^
  File "D:\Driver C\Desktop\fullstack-internship\backend\job-tracker-backend\.venv\Lib\site-packages\sqlalchemy\pool\base.py", line 900, in __connect
    with util.safe_reraise():
         ~~~~~~~~~~~~~~~~~^^
  File "D:\Driver C\Desktop\fullstack-internship\backend\job-tracker-backend\.venv\Lib\site-packages\sqlalchemy\util\langhelpers.py", line 122, in __exit__
    raise exc_value.with_traceback(exc_tb)
  File "D:\Driver C\Desktop\fullstack-internship\backend\job-tracker-backend\.venv\Lib\site-packages\sqlalchemy\pool\base.py", line 896, in __connect
    self.dbapi_connection = connection = pool._invoke_creator(self)
                                         ~~~~~~~~~~~~~~~~~~~~^^^^^^
  File "D:\Driver C\Desktop\fullstack-internship\backend\job-tracker-backend\.venv\Lib\site-packages\sqlalchemy\engine\create.py", line 667, in connect
    return dialect.connect(*cargs_tup, **cparams)
           ~~~~~~~~~~~~~~~^^^^^^^^^^^^^^^^^^^^^^^
  File "D:\Driver C\Desktop\fullstack-internship\backend\job-tracker-backend\.venv\Lib\site-packages\sqlalchemy\engine\default.py", line 630, in connect
    return self.loaded_dbapi.connect(*cargs, **cparams)  # type: ignore[no-any-return]  # NOQA: E501
           ~~~~~~~~~~~~~~~~~~~~~~~~~^^^^^^^^^^^^^^^^^^^
  File "D:\Driver C\Desktop\fullstack-internship\backend\job-tracker-backend\.venv\Lib\site-packages\psycopg2\__init__.py", line 135, in connect
    conn = _connect(dsn, connection_factory=connection_factory, **kwasync)
sqlalchemy.exc.OperationalError: (psycopg2.OperationalError) connection to server at "localhost" (::1), port 5432 failed: FATAL:  password authentication failed for user "postgres"

(Background on this error at: https://sqlalche.me/e/20/e3q8)
INFO:     127.0.0.1:57125 - "POST /graphql HTTP/1.1" 200 OK
INFO:     127.0.0.1:57125 - "OPTIONS /graphql HTTP/1.1" 200 OK
(psycopg2.OperationalError) connection to server at "localhost" (::1), port 5432 failed: FATAL:  password authentication failed for user "postgres"

(Background on this error at: https://sqlalche.me/e/20/e3q8)

GraphQL request:2:3
1 | mutation LoginUser($userInput: UserLogin!) {
2 |   loginUser(userInput: $userInput) {
  |   ^
3 |     accessToken
Traceback (most recent call last):
  File "D:\Driver C\Desktop\fullstack-internship\backend\job-tracker-backend\.venv\Lib\site-packages\sqlalchemy\engine\base.py", line 144, in __init__
    self._dbapi_connection = engine.raw_connection()
                             ~~~~~~~~~~~~~~~~~~~~~^^
  File "D:\Driver C\Desktop\fullstack-internship\backend\job-tracker-backend\.venv\Lib\site-packages\sqlalchemy\engine\base.py", line 3319, in raw_connection
    return self.pool.connect()
           ~~~~~~~~~~~~~~~~~^^
  File "D:\Driver C\Desktop\fullstack-internship\backend\job-tracker-backend\.venv\Lib\site-packages\sqlalchemy\pool\base.py", line 448, in connect
    return _ConnectionFairy._checkout(self)
           ~~~~~~~~~~~~~~~~~~~~~~~~~~^^^^^^
  File "D:\Driver C\Desktop\fullstack-internship\backend\job-tracker-backend\.venv\Lib\site-packages\sqlalchemy\pool\base.py", line 1272, in _checkout
    fairy = _ConnectionRecord.checkout(pool)
  File "D:\Driver C\Desktop\fullstack-internship\backend\job-tracker-backend\.venv\Lib\site-packages\sqlalchemy\pool\base.py", line 712, in checkout
    rec = pool._do_get()
  File "D:\Driver C\Desktop\fullstack-internship\backend\job-tracker-backend\.venv\Lib\site-packages\sqlalchemy\pool\impl.py", line 178, in _do_get
    with util.safe_reraise():
         ~~~~~~~~~~~~~~~~~^^
  File "D:\Driver C\Desktop\fullstack-internship\backend\job-tracker-backend\.venv\Lib\site-packages\sqlalchemy\util\langhelpers.py", line 122, in __exit__
    raise exc_value.with_traceback(exc_tb)
  File "D:\Driver C\Desktop\fullstack-internship\backend\job-tracker-backend\.venv\Lib\site-packages\sqlalchemy\pool\impl.py", line 176, in _do_get
    return self._create_connection()
           ~~~~~~~~~~~~~~~~~~~~~~~^^
  File "D:\Driver C\Desktop\fullstack-internship\backend\job-tracker-backend\.venv\Lib\site-packages\sqlalchemy\pool\base.py", line 389, in _create_connection
    return _ConnectionRecord(self)
  File "D:\Driver C\Desktop\fullstack-internship\backend\job-tracker-backend\.venv\Lib\site-packages\sqlalchemy\pool\base.py", line 674, in __init__
    self.__connect()
    ~~~~~~~~~~~~~~^^
  File "D:\Driver C\Desktop\fullstack-internship\backend\job-tracker-backend\.venv\Lib\site-packages\sqlalchemy\pool\base.py", line 900, in __connect
    with util.safe_reraise():
         ~~~~~~~~~~~~~~~~~^^
  File "D:\Driver C\Desktop\fullstack-internship\backend\job-tracker-backend\.venv\Lib\site-packages\sqlalchemy\util\langhelpers.py", line 122, in __exit__
    raise exc_value.with_traceback(exc_tb)
  File "D:\Driver C\Desktop\fullstack-internship\backend\job-tracker-backend\.venv\Lib\site-packages\sqlalchemy\pool\base.py", line 896, in __connect
    self.dbapi_connection = connection = pool._invoke_creator(self)
                                         ~~~~~~~~~~~~~~~~~~~~^^^^^^
  File "D:\Driver C\Desktop\fullstack-internship\backend\job-tracker-backend\.venv\Lib\site-packages\sqlalchemy\engine\create.py", line 667, in connect
    return dialect.connect(*cargs_tup, **cparams)
           ~~~~~~~~~~~~~~~^^^^^^^^^^^^^^^^^^^^^^^
  File "D:\Driver C\Desktop\fullstack-internship\backend\job-tracker-backend\.venv\Lib\site-packages\sqlalchemy\engine\default.py", line 630, in connect
    return self.loaded_dbapi.connect(*cargs, **cparams)  # type: ignore[no-any-return]  # NOQA: E501
           ~~~~~~~~~~~~~~~~~~~~~~~~~^^^^^^^^^^^^^^^^^^^
  File "D:\Driver C\Desktop\fullstack-internship\backend\job-tracker-backend\.venv\Lib\site-packages\psycopg2\__init__.py", line 135, in connect
    conn = _connect(dsn, connection_factory=connection_factory, **kwasync)
psycopg2.OperationalError: connection to server at "localhost" (::1), port 5432 failed: FATAL:  password authentication failed for user "postgres"


The above exception was the direct cause of the following exception:

Traceback (most recent call last):
  File "D:\Driver C\Desktop\fullstack-internship\backend\job-tracker-backend\.venv\Lib\site-packages\graphql\execution\execute.py", line 562, in execute_field
    result = resolve_fn(source, info, **args)
  File "D:\Driver C\Desktop\fullstack-internship\backend\job-tracker-backend\.venv\Lib\site-packages\strawberry\schema\schema_converter.py", line 1049, in _resolver
    return _get_result_with_extensions(
        _source,
        strawberry_info,
        **kwargs,
    )
  File "D:\Driver C\Desktop\fullstack-internship\backend\job-tracker-backend\.venv\Lib\site-packages\strawberry\schema\schema_converter.py", line 1035, in extension_resolver
    return reduce(
           ~~~~~~~
    ...<2 lines>...
        wrapped_get_result,
        ~~~~~~~~~~~~~~~~~~~
    )(_source, info, **field_kwargs)
    ~^^^^^^^^^^^^^^^^^^^^^^^^^^^^^^^
  File "D:\Driver C\Desktop\fullstack-internship\backend\job-tracker-backend\.venv\Lib\site-packages\strawberry\schema\schema_converter.py", line 1027, in wrapped_get_result
    return _get_result(
        _source,
    ...<2 lines>...
        field_kwargs=kwargs,
    )
  File "D:\Driver C\Desktop\fullstack-internship\backend\job-tracker-backend\.venv\Lib\site-packages\strawberry\schema\schema_converter.py", line 913, in _get_result
    return field.get_result(
           ~~~~~~~~~~~~~~~~^
        _source, info=info, args=field_args, kwargs=field_kwargs
        ^^^^^^^^^^^^^^^^^^^^^^^^^^^^^^^^^^^^^^^^^^^^^^^^^^^^^^^^
    )
    ^
  File "D:\Driver C\Desktop\fullstack-internship\backend\job-tracker-backend\.venv\Lib\site-packages\strawberry\types\field.py", line 232, in get_result
    return self.base_resolver(*args, **kwargs)
           ~~~~~~~~~~~~~~~~~~^^^^^^^^^^^^^^^^^
  File "D:\Driver C\Desktop\fullstack-internship\backend\job-tracker-backend\.venv\Lib\site-packages\strawberry\types\fields\resolver.py", line 238, in __call__
    return self.wrapped_func(*args, **kwargs)
           ~~~~~~~~~~~~~~~~~^^^^^^^^^^^^^^^^^
  File "D:\Driver C\Desktop\fullstack-internship\backend\job-tracker-backend\auth.py", line 10, in login_user
    user = db.query(models.User).filter(user_input.email == models.User.email).first()
  File "D:\Driver C\Desktop\fullstack-internship\backend\job-tracker-backend\.venv\Lib\site-packages\sqlalchemy\orm\query.py", line 2766, in first
    return self.limit(1)._iter().first()  # type: ignore
           ~~~~~~~~~~~~~~~~~~~^^
  File "D:\Driver C\Desktop\fullstack-internship\backend\job-tracker-backend\.venv\Lib\site-packages\sqlalchemy\orm\query.py", line 2864, in _iter
    result: Union[ScalarResult[_T], Result[_T]] = self.session.execute(
                                                  ~~~~~~~~~~~~~~~~~~~~^
        statement,
        ^^^^^^^^^^
        params,
        ^^^^^^^
        execution_options={"_sa_orm_load_options": self.load_options},
        ^^^^^^^^^^^^^^^^^^^^^^^^^^^^^^^^^^^^^^^^^^^^^^^^^^^^^^^^^^^^^^
    )
    ^
  File "D:\Driver C\Desktop\fullstack-internship\backend\job-tracker-backend\.venv\Lib\site-packages\sqlalchemy\orm\session.py", line 2373, in execute
    return self._execute_internal(
           ~~~~~~~~~~~~~~~~~~~~~~^
        statement,
        ^^^^^^^^^^
    ...<4 lines>...
        _add_event=_add_event,
        ^^^^^^^^^^^^^^^^^^^^^^
    )
    ^
  File "D:\Driver C\Desktop\fullstack-internship\backend\job-tracker-backend\.venv\Lib\site-packages\sqlalchemy\orm\session.py", line 2261, in _execute_internal
    conn = self._connection_for_bind(bind)
  File "D:\Driver C\Desktop\fullstack-internship\backend\job-tracker-backend\.venv\Lib\site-packages\sqlalchemy\orm\session.py", line 2113, in _connection_for_bind
    return trans._connection_for_bind(engine, execution_options)
           ~~~~~~~~~~~~~~~~~~~~~~~~~~^^^^^^^^^^^^^^^^^^^^^^^^^^^
  File "<string>", line 2, in _connection_for_bind
  File "D:\Driver C\Desktop\fullstack-internship\backend\job-tracker-backend\.venv\Lib\site-packages\sqlalchemy\orm\state_changes.py", line 137, in _go
    ret_value = fn(self, *arg, **kw)
  File "D:\Driver C\Desktop\fullstack-internship\backend\job-tracker-backend\.venv\Lib\site-packages\sqlalchemy\orm\session.py", line 1191, in _connection_for_bind
    conn = bind.connect()
  File "D:\Driver C\Desktop\fullstack-internship\backend\job-tracker-backend\.venv\Lib\site-packages\sqlalchemy\engine\base.py", line 3295, in connect
    return self._connection_cls(self)
           ~~~~~~~~~~~~~~~~~~~~^^^^^^
  File "D:\Driver C\Desktop\fullstack-internship\backend\job-tracker-backend\.venv\Lib\site-packages\sqlalchemy\engine\base.py", line 146, in __init__
    Connection._handle_dbapi_exception_noconnection(
    ~~~~~~~~~~~~~~~~~~~~~~~~~~~~~~~~~~~~~~~~~~~~~~~^
        err, dialect, engine
        ^^^^^^^^^^^^^^^^^^^^
    )
    ^
  File "D:\Driver C\Desktop\fullstack-internship\backend\job-tracker-backend\.venv\Lib\site-packages\sqlalchemy\engine\base.py", line 2450, in _handle_dbapi_exception_noconnection
    raise sqlalchemy_exception.with_traceback(exc_info[2]) from e
  File "D:\Driver C\Desktop\fullstack-internship\backend\job-tracker-backend\.venv\Lib\site-packages\sqlalchemy\engine\base.py", line 144, in __init__
    self._dbapi_connection = engine.raw_connection()
                             ~~~~~~~~~~~~~~~~~~~~~^^
  File "D:\Driver C\Desktop\fullstack-internship\backend\job-tracker-backend\.venv\Lib\site-packages\sqlalchemy\engine\base.py", line 3319, in raw_connection
    return self.pool.connect()
           ~~~~~~~~~~~~~~~~~^^
  File "D:\Driver C\Desktop\fullstack-internship\backend\job-tracker-backend\.venv\Lib\site-packages\sqlalchemy\pool\base.py", line 448, in connect
    return _ConnectionFairy._checkout(self)
           ~~~~~~~~~~~~~~~~~~~~~~~~~~^^^^^^
  File "D:\Driver C\Desktop\fullstack-internship\backend\job-tracker-backend\.venv\Lib\site-packages\sqlalchemy\pool\base.py", line 1272, in _checkout
    fairy = _ConnectionRecord.checkout(pool)
  File "D:\Driver C\Desktop\fullstack-internship\backend\job-tracker-backend\.venv\Lib\site-packages\sqlalchemy\pool\base.py", line 712, in checkout
    rec = pool._do_get()
  File "D:\Driver C\Desktop\fullstack-internship\backend\job-tracker-backend\.venv\Lib\site-packages\sqlalchemy\pool\impl.py", line 178, in _do_get
    with util.safe_reraise():
         ~~~~~~~~~~~~~~~~~^^
  File "D:\Driver C\Desktop\fullstack-internship\backend\job-tracker-backend\.venv\Lib\site-packages\sqlalchemy\util\langhelpers.py", line 122, in __exit__
    raise exc_value.with_traceback(exc_tb)
  File "D:\Driver C\Desktop\fullstack-internship\backend\job-tracker-backend\.venv\Lib\site-packages\sqlalchemy\pool\impl.py", line 176, in _do_get
    return self._create_connection()
           ~~~~~~~~~~~~~~~~~~~~~~~^^
  File "D:\Driver C\Desktop\fullstack-internship\backend\job-tracker-backend\.venv\Lib\site-packages\sqlalchemy\pool\base.py", line 389, in _create_connection
    return _ConnectionRecord(self)
  File "D:\Driver C\Desktop\fullstack-internship\backend\job-tracker-backend\.venv\Lib\site-packages\sqlalchemy\pool\base.py", line 674, in __init__
    self.__connect()
    ~~~~~~~~~~~~~~^^
  File "D:\Driver C\Desktop\fullstack-internship\backend\job-tracker-backend\.venv\Lib\site-packages\sqlalchemy\pool\base.py", line 900, in __connect
    with util.safe_reraise():
         ~~~~~~~~~~~~~~~~~^^
  File "D:\Driver C\Desktop\fullstack-internship\backend\job-tracker-backend\.venv\Lib\site-packages\sqlalchemy\util\langhelpers.py", line 122, in __exit__
    raise exc_value.with_traceback(exc_tb)
  File "D:\Driver C\Desktop\fullstack-internship\backend\job-tracker-backend\.venv\Lib\site-packages\sqlalchemy\pool\base.py", line 896, in __connect
    self.dbapi_connection = connection = pool._invoke_creator(self)
                                         ~~~~~~~~~~~~~~~~~~~~^^^^^^
  File "D:\Driver C\Desktop\fullstack-internship\backend\job-tracker-backend\.venv\Lib\site-packages\sqlalchemy\engine\create.py", line 667, in connect
    return dialect.connect(*cargs_tup, **cparams)
           ~~~~~~~~~~~~~~~^^^^^^^^^^^^^^^^^^^^^^^
  File "D:\Driver C\Desktop\fullstack-internship\backend\job-tracker-backend\.venv\Lib\site-packages\sqlalchemy\engine\default.py", line 630, in connect
    return self.loaded_dbapi.connect(*cargs, **cparams)  # type: ignore[no-any-return]  # NOQA: E501
           ~~~~~~~~~~~~~~~~~~~~~~~~~^^^^^^^^^^^^^^^^^^^
  File "D:\Driver C\Desktop\fullstack-internship\backend\job-tracker-backend\.venv\Lib\site-packages\psycopg2\__init__.py", line 135, in connect
    conn = _connect(dsn, connection_factory=connection_factory, **kwasync)
sqlalchemy.exc.OperationalError: (psycopg2.OperationalError) connection to server at "localhost" (::1), port 5432 failed: FATAL:  password authentication failed for user "postgres"

(Background on this error at: https://sqlalche.me/e/20/e3q8)
INFO:     127.0.0.1:57124 - "POST /graphql HTTP/1.1" 200 OK
INFO:     127.0.0.1:57125 - "OPTIONS /graphql HTTP/1.1" 200 OK
(psycopg2.OperationalError) connection to server at "localhost" (::1), port 5432 failed: FATAL:  password authentication failed for user "postgres"

(Background on this error at: https://sqlalche.me/e/20/e3q8)

GraphQL request:2:3
1 | mutation LoginUser($userInput: UserLogin!) {
2 |   loginUser(userInput: $userInput) {
  |   ^
3 |     accessToken
Traceback (most recent call last):
  File "D:\Driver C\Desktop\fullstack-internship\backend\job-tracker-backend\.venv\Lib\site-packages\sqlalchemy\engine\base.py", line 144, in __init__
    self._dbapi_connection = engine.raw_connection()
                             ~~~~~~~~~~~~~~~~~~~~~^^
  File "D:\Driver C\Desktop\fullstack-internship\backend\job-tracker-backend\.venv\Lib\site-packages\sqlalchemy\engine\base.py", line 3319, in raw_connection
    return self.pool.connect()
           ~~~~~~~~~~~~~~~~~^^
  File "D:\Driver C\Desktop\fullstack-internship\backend\job-tracker-backend\.venv\Lib\site-packages\sqlalchemy\pool\base.py", line 448, in connect
    return _ConnectionFairy._checkout(self)
           ~~~~~~~~~~~~~~~~~~~~~~~~~~^^^^^^
  File "D:\Driver C\Desktop\fullstack-internship\backend\job-tracker-backend\.venv\Lib\site-packages\sqlalchemy\pool\base.py", line 1272, in _checkout
    fairy = _ConnectionRecord.checkout(pool)
  File "D:\Driver C\Desktop\fullstack-internship\backend\job-tracker-backend\.venv\Lib\site-packages\sqlalchemy\pool\base.py", line 712, in checkout
    rec = pool._do_get()
  File "D:\Driver C\Desktop\fullstack-internship\backend\job-tracker-backend\.venv\Lib\site-packages\sqlalchemy\pool\impl.py", line 178, in _do_get
    with util.safe_reraise():
         ~~~~~~~~~~~~~~~~~^^
  File "D:\Driver C\Desktop\fullstack-internship\backend\job-tracker-backend\.venv\Lib\site-packages\sqlalchemy\util\langhelpers.py", line 122, in __exit__
    raise exc_value.with_traceback(exc_tb)
  File "D:\Driver C\Desktop\fullstack-internship\backend\job-tracker-backend\.venv\Lib\site-packages\sqlalchemy\pool\impl.py", line 176, in _do_get
    return self._create_connection()
           ~~~~~~~~~~~~~~~~~~~~~~~^^
  File "D:\Driver C\Desktop\fullstack-internship\backend\job-tracker-backend\.venv\Lib\site-packages\sqlalchemy\pool\base.py", line 389, in _create_connection
    return _ConnectionRecord(self)
  File "D:\Driver C\Desktop\fullstack-internship\backend\job-tracker-backend\.venv\Lib\site-packages\sqlalchemy\pool\base.py", line 674, in __init__
    self.__connect()
    ~~~~~~~~~~~~~~^^
  File "D:\Driver C\Desktop\fullstack-internship\backend\job-tracker-backend\.venv\Lib\site-packages\sqlalchemy\pool\base.py", line 900, in __connect
    with util.safe_reraise():
         ~~~~~~~~~~~~~~~~~^^
  File "D:\Driver C\Desktop\fullstack-internship\backend\job-tracker-backend\.venv\Lib\site-packages\sqlalchemy\util\langhelpers.py", line 122, in __exit__
    raise exc_value.with_traceback(exc_tb)
  File "D:\Driver C\Desktop\fullstack-internship\backend\job-tracker-backend\.venv\Lib\site-packages\sqlalchemy\pool\base.py", line 896, in __connect
    self.dbapi_connection = connection = pool._invoke_creator(self)
                                         ~~~~~~~~~~~~~~~~~~~~^^^^^^
  File "D:\Driver C\Desktop\fullstack-internship\backend\job-tracker-backend\.venv\Lib\site-packages\sqlalchemy\engine\create.py", line 667, in connect
    return dialect.connect(*cargs_tup, **cparams)
           ~~~~~~~~~~~~~~~^^^^^^^^^^^^^^^^^^^^^^^
  File "D:\Driver C\Desktop\fullstack-internship\backend\job-tracker-backend\.venv\Lib\site-packages\sqlalchemy\engine\default.py", line 630, in connect
    return self.loaded_dbapi.connect(*cargs, **cparams)  # type: ignore[no-any-return]  # NOQA: E501
           ~~~~~~~~~~~~~~~~~~~~~~~~~^^^^^^^^^^^^^^^^^^^
  File "D:\Driver C\Desktop\fullstack-internship\backend\job-tracker-backend\.venv\Lib\site-packages\psycopg2\__init__.py", line 135, in connect
    conn = _connect(dsn, connection_factory=connection_factory, **kwasync)
psycopg2.OperationalError: connection to server at "localhost" (::1), port 5432 failed: FATAL:  password authentication failed for user "postgres"


The above exception was the direct cause of the following exception:

Traceback (most recent call last):
  File "D:\Driver C\Desktop\fullstack-internship\backend\job-tracker-backend\.venv\Lib\site-packages\graphql\execution\execute.py", line 562, in execute_field
    result = resolve_fn(source, info, **args)
  File "D:\Driver C\Desktop\fullstack-internship\backend\job-tracker-backend\.venv\Lib\site-packages\strawberry\schema\schema_converter.py", line 1049, in _resolver
    return _get_result_with_extensions(
        _source,
        strawberry_info,
        **kwargs,
    )
  File "D:\Driver C\Desktop\fullstack-internship\backend\job-tracker-backend\.venv\Lib\site-packages\strawberry\schema\schema_converter.py", line 1035, in extension_resolver
    return reduce(
           ~~~~~~~
    ...<2 lines>...
        wrapped_get_result,
        ~~~~~~~~~~~~~~~~~~~
    )(_source, info, **field_kwargs)
    ~^^^^^^^^^^^^^^^^^^^^^^^^^^^^^^^
  File "D:\Driver C\Desktop\fullstack-internship\backend\job-tracker-backend\.venv\Lib\site-packages\strawberry\schema\schema_converter.py", line 1027, in wrapped_get_result
    return _get_result(
        _source,
    ...<2 lines>...
        field_kwargs=kwargs,
    )
  File "D:\Driver C\Desktop\fullstack-internship\backend\job-tracker-backend\.venv\Lib\site-packages\strawberry\schema\schema_converter.py", line 913, in _get_result
    return field.get_result(
           ~~~~~~~~~~~~~~~~^
        _source, info=info, args=field_args, kwargs=field_kwargs
        ^^^^^^^^^^^^^^^^^^^^^^^^^^^^^^^^^^^^^^^^^^^^^^^^^^^^^^^^
    )
    ^
  File "D:\Driver C\Desktop\fullstack-internship\backend\job-tracker-backend\.venv\Lib\site-packages\strawberry\types\field.py", line 232, in get_result
    return self.base_resolver(*args, **kwargs)
           ~~~~~~~~~~~~~~~~~~^^^^^^^^^^^^^^^^^
  File "D:\Driver C\Desktop\fullstack-internship\backend\job-tracker-backend\.venv\Lib\site-packages\strawberry\types\fields\resolver.py", line 238, in __call__
    return self.wrapped_func(*args, **kwargs)
           ~~~~~~~~~~~~~~~~~^^^^^^^^^^^^^^^^^
  File "D:\Driver C\Desktop\fullstack-internship\backend\job-tracker-backend\auth.py", line 10, in login_user
    user = db.query(models.User).filter(user_input.email == models.User.email).first()
  File "D:\Driver C\Desktop\fullstack-internship\backend\job-tracker-backend\.venv\Lib\site-packages\sqlalchemy\orm\query.py", line 2766, in first
    return self.limit(1)._iter().first()  # type: ignore
           ~~~~~~~~~~~~~~~~~~~^^
  File "D:\Driver C\Desktop\fullstack-internship\backend\job-tracker-backend\.venv\Lib\site-packages\sqlalchemy\orm\query.py", line 2864, in _iter
    result: Union[ScalarResult[_T], Result[_T]] = self.session.execute(
                                                  ~~~~~~~~~~~~~~~~~~~~^
        statement,
        ^^^^^^^^^^
        params,
        ^^^^^^^
        execution_options={"_sa_orm_load_options": self.load_options},
        ^^^^^^^^^^^^^^^^^^^^^^^^^^^^^^^^^^^^^^^^^^^^^^^^^^^^^^^^^^^^^^
    )
    ^
  File "D:\Driver C\Desktop\fullstack-internship\backend\job-tracker-backend\.venv\Lib\site-packages\sqlalchemy\orm\session.py", line 2373, in execute
    return self._execute_internal(
           ~~~~~~~~~~~~~~~~~~~~~~^
        statement,
        ^^^^^^^^^^
    ...<4 lines>...
        _add_event=_add_event,
        ^^^^^^^^^^^^^^^^^^^^^^
    )
    ^
  File "D:\Driver C\Desktop\fullstack-internship\backend\job-tracker-backend\.venv\Lib\site-packages\sqlalchemy\orm\session.py", line 2261, in _execute_internal
    conn = self._connection_for_bind(bind)
  File "D:\Driver C\Desktop\fullstack-internship\backend\job-tracker-backend\.venv\Lib\site-packages\sqlalchemy\orm\session.py", line 2113, in _connection_for_bind
    return trans._connection_for_bind(engine, execution_options)
           ~~~~~~~~~~~~~~~~~~~~~~~~~~^^^^^^^^^^^^^^^^^^^^^^^^^^^
  File "<string>", line 2, in _connection_for_bind
  File "D:\Driver C\Desktop\fullstack-internship\backend\job-tracker-backend\.venv\Lib\site-packages\sqlalchemy\orm\state_changes.py", line 137, in _go
    ret_value = fn(self, *arg, **kw)
  File "D:\Driver C\Desktop\fullstack-internship\backend\job-tracker-backend\.venv\Lib\site-packages\sqlalchemy\orm\session.py", line 1191, in _connection_for_bind
    conn = bind.connect()
  File "D:\Driver C\Desktop\fullstack-internship\backend\job-tracker-backend\.venv\Lib\site-packages\sqlalchemy\engine\base.py", line 3295, in connect
    return self._connection_cls(self)
           ~~~~~~~~~~~~~~~~~~~~^^^^^^
  File "D:\Driver C\Desktop\fullstack-internship\backend\job-tracker-backend\.venv\Lib\site-packages\sqlalchemy\engine\base.py", line 146, in __init__
    Connection._handle_dbapi_exception_noconnection(
    ~~~~~~~~~~~~~~~~~~~~~~~~~~~~~~~~~~~~~~~~~~~~~~~^
        err, dialect, engine
        ^^^^^^^^^^^^^^^^^^^^
    )
    ^
  File "D:\Driver C\Desktop\fullstack-internship\backend\job-tracker-backend\.venv\Lib\site-packages\sqlalchemy\engine\base.py", line 2450, in _handle_dbapi_exception_noconnection
    raise sqlalchemy_exception.with_traceback(exc_info[2]) from e
  File "D:\Driver C\Desktop\fullstack-internship\backend\job-tracker-backend\.venv\Lib\site-packages\sqlalchemy\engine\base.py", line 144, in __init__
    self._dbapi_connection = engine.raw_connection()
                             ~~~~~~~~~~~~~~~~~~~~~^^
  File "D:\Driver C\Desktop\fullstack-internship\backend\job-tracker-backend\.venv\Lib\site-packages\sqlalchemy\engine\base.py", line 3319, in raw_connection
    return self.pool.connect()
           ~~~~~~~~~~~~~~~~~^^
  File "D:\Driver C\Desktop\fullstack-internship\backend\job-tracker-backend\.venv\Lib\site-packages\sqlalchemy\pool\base.py", line 448, in connect
    return _ConnectionFairy._checkout(self)
           ~~~~~~~~~~~~~~~~~~~~~~~~~~^^^^^^
  File "D:\Driver C\Desktop\fullstack-internship\backend\job-tracker-backend\.venv\Lib\site-packages\sqlalchemy\pool\base.py", line 1272, in _checkout
    fairy = _ConnectionRecord.checkout(pool)
  File "D:\Driver C\Desktop\fullstack-internship\backend\job-tracker-backend\.venv\Lib\site-packages\sqlalchemy\pool\base.py", line 712, in checkout
    rec = pool._do_get()
  File "D:\Driver C\Desktop\fullstack-internship\backend\job-tracker-backend\.venv\Lib\site-packages\sqlalchemy\pool\impl.py", line 178, in _do_get
    with util.safe_reraise():
         ~~~~~~~~~~~~~~~~~^^
  File "D:\Driver C\Desktop\fullstack-internship\backend\job-tracker-backend\.venv\Lib\site-packages\sqlalchemy\util\langhelpers.py", line 122, in __exit__
    raise exc_value.with_traceback(exc_tb)
  File "D:\Driver C\Desktop\fullstack-internship\backend\job-tracker-backend\.venv\Lib\site-packages\sqlalchemy\pool\impl.py", line 176, in _do_get
    return self._create_connection()
           ~~~~~~~~~~~~~~~~~~~~~~~^^
  File "D:\Driver C\Desktop\fullstack-internship\backend\job-tracker-backend\.venv\Lib\site-packages\sqlalchemy\pool\base.py", line 389, in _create_connection
    return _ConnectionRecord(self)
  File "D:\Driver C\Desktop\fullstack-internship\backend\job-tracker-backend\.venv\Lib\site-packages\sqlalchemy\pool\base.py", line 674, in __init__
    self.__connect()
    ~~~~~~~~~~~~~~^^
  File "D:\Driver C\Desktop\fullstack-internship\backend\job-tracker-backend\.venv\Lib\site-packages\sqlalchemy\pool\base.py", line 900, in __connect
    with util.safe_reraise():
         ~~~~~~~~~~~~~~~~~^^
  File "D:\Driver C\Desktop\fullstack-internship\backend\job-tracker-backend\.venv\Lib\site-packages\sqlalchemy\util\langhelpers.py", line 122, in __exit__
    raise exc_value.with_traceback(exc_tb)
  File "D:\Driver C\Desktop\fullstack-internship\backend\job-tracker-backend\.venv\Lib\site-packages\sqlalchemy\pool\base.py", line 896, in __connect
    self.dbapi_connection = connection = pool._invoke_creator(self)
                                         ~~~~~~~~~~~~~~~~~~~~^^^^^^
  File "D:\Driver C\Desktop\fullstack-internship\backend\job-tracker-backend\.venv\Lib\site-packages\sqlalchemy\engine\create.py", line 667, in connect
    return dialect.connect(*cargs_tup, **cparams)
           ~~~~~~~~~~~~~~~^^^^^^^^^^^^^^^^^^^^^^^
  File "D:\Driver C\Desktop\fullstack-internship\backend\job-tracker-backend\.venv\Lib\site-packages\sqlalchemy\engine\default.py", line 630, in connect
    return self.loaded_dbapi.connect(*cargs, **cparams)  # type: ignore[no-any-return]  # NOQA: E501
           ~~~~~~~~~~~~~~~~~~~~~~~~~^^^^^^^^^^^^^^^^^^^
  File "D:\Driver C\Desktop\fullstack-internship\backend\job-tracker-backend\.venv\Lib\site-packages\psycopg2\__init__.py", line 135, in connect
    conn = _connect(dsn, connection_factory=connection_factory, **kwasync)
sqlalchemy.exc.OperationalError: (psycopg2.OperationalError) connection to server at "localhost" (::1), port 5432 failed: FATAL:  password authentication failed for user "postgres"

(Background on this error at: https://sqlalche.me/e/20/e3q8)
INFO:     127.0.0.1:57124 - "POST /graphql HTTP/1.1" 200 OK
INFO:     127.0.0.1:57203 - "OPTIONS /graphql HTTP/1.1" 200 OK
(psycopg2.OperationalError) connection to server at "localhost" (::1), port 5432 failed: FATAL:  password authentication failed for user "postgres"

(Background on this error at: https://sqlalche.me/e/20/e3q8)

GraphQL request:2:3
1 | mutation LoginUser($userInput: UserLogin!) {
2 |   loginUser(userInput: $userInput) {
  |   ^
3 |     accessToken
Traceback (most recent call last):
  File "D:\Driver C\Desktop\fullstack-internship\backend\job-tracker-backend\.venv\Lib\site-packages\sqlalchemy\engine\base.py", line 144, in __init__
    self._dbapi_connection = engine.raw_connection()
                             ~~~~~~~~~~~~~~~~~~~~~^^
  File "D:\Driver C\Desktop\fullstack-internship\backend\job-tracker-backend\.venv\Lib\site-packages\sqlalchemy\engine\base.py", line 3319, in raw_connection
    return self.pool.connect()
           ~~~~~~~~~~~~~~~~~^^
  File "D:\Driver C\Desktop\fullstack-internship\backend\job-tracker-backend\.venv\Lib\site-packages\sqlalchemy\pool\base.py", line 448, in connect
    return _ConnectionFairy._checkout(self)
           ~~~~~~~~~~~~~~~~~~~~~~~~~~^^^^^^
  File "D:\Driver C\Desktop\fullstack-internship\backend\job-tracker-backend\.venv\Lib\site-packages\sqlalchemy\pool\base.py", line 1272, in _checkout
    fairy = _ConnectionRecord.checkout(pool)
  File "D:\Driver C\Desktop\fullstack-internship\backend\job-tracker-backend\.venv\Lib\site-packages\sqlalchemy\pool\base.py", line 712, in checkout
    rec = pool._do_get()
  File "D:\Driver C\Desktop\fullstack-internship\backend\job-tracker-backend\.venv\Lib\site-packages\sqlalchemy\pool\impl.py", line 178, in _do_get
    with util.safe_reraise():
         ~~~~~~~~~~~~~~~~~^^
  File "D:\Driver C\Desktop\fullstack-internship\backend\job-tracker-backend\.venv\Lib\site-packages\sqlalchemy\util\langhelpers.py", line 122, in __exit__
    raise exc_value.with_traceback(exc_tb)
  File "D:\Driver C\Desktop\fullstack-internship\backend\job-tracker-backend\.venv\Lib\site-packages\sqlalchemy\pool\impl.py", line 176, in _do_get
    return self._create_connection()
           ~~~~~~~~~~~~~~~~~~~~~~~^^
  File "D:\Driver C\Desktop\fullstack-internship\backend\job-tracker-backend\.venv\Lib\site-packages\sqlalchemy\pool\base.py", line 389, in _create_connection
    return _ConnectionRecord(self)
  File "D:\Driver C\Desktop\fullstack-internship\backend\job-tracker-backend\.venv\Lib\site-packages\sqlalchemy\pool\base.py", line 674, in __init__
    self.__connect()
    ~~~~~~~~~~~~~~^^
  File "D:\Driver C\Desktop\fullstack-internship\backend\job-tracker-backend\.venv\Lib\site-packages\sqlalchemy\pool\base.py", line 900, in __connect
    with util.safe_reraise():
         ~~~~~~~~~~~~~~~~~^^
  File "D:\Driver C\Desktop\fullstack-internship\backend\job-tracker-backend\.venv\Lib\site-packages\sqlalchemy\util\langhelpers.py", line 122, in __exit__
    raise exc_value.with_traceback(exc_tb)
  File "D:\Driver C\Desktop\fullstack-internship\backend\job-tracker-backend\.venv\Lib\site-packages\sqlalchemy\pool\base.py", line 896, in __connect
    self.dbapi_connection = connection = pool._invoke_creator(self)
                                         ~~~~~~~~~~~~~~~~~~~~^^^^^^
  File "D:\Driver C\Desktop\fullstack-internship\backend\job-tracker-backend\.venv\Lib\site-packages\sqlalchemy\engine\create.py", line 667, in connect
    return dialect.connect(*cargs_tup, **cparams)
           ~~~~~~~~~~~~~~~^^^^^^^^^^^^^^^^^^^^^^^
  File "D:\Driver C\Desktop\fullstack-internship\backend\job-tracker-backend\.venv\Lib\site-packages\sqlalchemy\engine\default.py", line 630, in connect
    return self.loaded_dbapi.connect(*cargs, **cparams)  # type: ignore[no-any-return]  # NOQA: E501
           ~~~~~~~~~~~~~~~~~~~~~~~~~^^^^^^^^^^^^^^^^^^^
  File "D:\Driver C\Desktop\fullstack-internship\backend\job-tracker-backend\.venv\Lib\site-packages\psycopg2\__init__.py", line 135, in connect
    conn = _connect(dsn, connection_factory=connection_factory, **kwasync)
psycopg2.OperationalError: connection to server at "localhost" (::1), port 5432 failed: FATAL:  password authentication failed for user "postgres"


The above exception was the direct cause of the following exception:

Traceback (most recent call last):
  File "D:\Driver C\Desktop\fullstack-internship\backend\job-tracker-backend\.venv\Lib\site-packages\graphql\execution\execute.py", line 562, in execute_field
    result = resolve_fn(source, info, **args)
  File "D:\Driver C\Desktop\fullstack-internship\backend\job-tracker-backend\.venv\Lib\site-packages\strawberry\schema\schema_converter.py", line 1049, in _resolver
    return _get_result_with_extensions(
        _source,
        strawberry_info,
        **kwargs,
    )
  File "D:\Driver C\Desktop\fullstack-internship\backend\job-tracker-backend\.venv\Lib\site-packages\strawberry\schema\schema_converter.py", line 1035, in extension_resolver
    return reduce(
           ~~~~~~~
    ...<2 lines>...
        wrapped_get_result,
        ~~~~~~~~~~~~~~~~~~~
    )(_source, info, **field_kwargs)
    ~^^^^^^^^^^^^^^^^^^^^^^^^^^^^^^^
  File "D:\Driver C\Desktop\fullstack-internship\backend\job-tracker-backend\.venv\Lib\site-packages\strawberry\schema\schema_converter.py", line 1027, in wrapped_get_result
    return _get_result(
        _source,
    ...<2 lines>...
        field_kwargs=kwargs,
    )
  File "D:\Driver C\Desktop\fullstack-internship\backend\job-tracker-backend\.venv\Lib\site-packages\strawberry\schema\schema_converter.py", line 913, in _get_result
    return field.get_result(
           ~~~~~~~~~~~~~~~~^
        _source, info=info, args=field_args, kwargs=field_kwargs
        ^^^^^^^^^^^^^^^^^^^^^^^^^^^^^^^^^^^^^^^^^^^^^^^^^^^^^^^^
    )
    ^
  File "D:\Driver C\Desktop\fullstack-internship\backend\job-tracker-backend\.venv\Lib\site-packages\strawberry\types\field.py", line 232, in get_result
    return self.base_resolver(*args, **kwargs)
           ~~~~~~~~~~~~~~~~~~^^^^^^^^^^^^^^^^^
  File "D:\Driver C\Desktop\fullstack-internship\backend\job-tracker-backend\.venv\Lib\site-packages\strawberry\types\fields\resolver.py", line 238, in __call__
    return self.wrapped_func(*args, **kwargs)
           ~~~~~~~~~~~~~~~~~^^^^^^^^^^^^^^^^^
  File "D:\Driver C\Desktop\fullstack-internship\backend\job-tracker-backend\auth.py", line 10, in login_user
    user = db.query(models.User).filter(user_input.email == models.User.email).first()
  File "D:\Driver C\Desktop\fullstack-internship\backend\job-tracker-backend\.venv\Lib\site-packages\sqlalchemy\orm\query.py", line 2766, in first
    return self.limit(1)._iter().first()  # type: ignore
           ~~~~~~~~~~~~~~~~~~~^^
  File "D:\Driver C\Desktop\fullstack-internship\backend\job-tracker-backend\.venv\Lib\site-packages\sqlalchemy\orm\query.py", line 2864, in _iter
    result: Union[ScalarResult[_T], Result[_T]] = self.session.execute(
                                                  ~~~~~~~~~~~~~~~~~~~~^
        statement,
        ^^^^^^^^^^
        params,
        ^^^^^^^
        execution_options={"_sa_orm_load_options": self.load_options},
        ^^^^^^^^^^^^^^^^^^^^^^^^^^^^^^^^^^^^^^^^^^^^^^^^^^^^^^^^^^^^^^
    )
    ^
  File "D:\Driver C\Desktop\fullstack-internship\backend\job-tracker-backend\.venv\Lib\site-packages\sqlalchemy\orm\session.py", line 2373, in execute
    return self._execute_internal(
           ~~~~~~~~~~~~~~~~~~~~~~^
        statement,
        ^^^^^^^^^^
    ...<4 lines>...
        _add_event=_add_event,
        ^^^^^^^^^^^^^^^^^^^^^^
    )
    ^
  File "D:\Driver C\Desktop\fullstack-internship\backend\job-tracker-backend\.venv\Lib\site-packages\sqlalchemy\orm\session.py", line 2261, in _execute_internal
    conn = self._connection_for_bind(bind)
  File "D:\Driver C\Desktop\fullstack-internship\backend\job-tracker-backend\.venv\Lib\site-packages\sqlalchemy\orm\session.py", line 2113, in _connection_for_bind
    return trans._connection_for_bind(engine, execution_options)
           ~~~~~~~~~~~~~~~~~~~~~~~~~~^^^^^^^^^^^^^^^^^^^^^^^^^^^
  File "<string>", line 2, in _connection_for_bind
  File "D:\Driver C\Desktop\fullstack-internship\backend\job-tracker-backend\.venv\Lib\site-packages\sqlalchemy\orm\state_changes.py", line 137, in _go
    ret_value = fn(self, *arg, **kw)
  File "D:\Driver C\Desktop\fullstack-internship\backend\job-tracker-backend\.venv\Lib\site-packages\sqlalchemy\orm\session.py", line 1191, in _connection_for_bind
    conn = bind.connect()
  File "D:\Driver C\Desktop\fullstack-internship\backend\job-tracker-backend\.venv\Lib\site-packages\sqlalchemy\engine\base.py", line 3295, in connect
    return self._connection_cls(self)
           ~~~~~~~~~~~~~~~~~~~~^^^^^^
  File "D:\Driver C\Desktop\fullstack-internship\backend\job-tracker-backend\.venv\Lib\site-packages\sqlalchemy\engine\base.py", line 146, in __init__
    Connection._handle_dbapi_exception_noconnection(
    ~~~~~~~~~~~~~~~~~~~~~~~~~~~~~~~~~~~~~~~~~~~~~~~^
        err, dialect, engine
        ^^^^^^^^^^^^^^^^^^^^
    )
    ^
  File "D:\Driver C\Desktop\fullstack-internship\backend\job-tracker-backend\.venv\Lib\site-packages\sqlalchemy\engine\base.py", line 2450, in _handle_dbapi_exception_noconnection
    raise sqlalchemy_exception.with_traceback(exc_info[2]) from e
  File "D:\Driver C\Desktop\fullstack-internship\backend\job-tracker-backend\.venv\Lib\site-packages\sqlalchemy\engine\base.py", line 144, in __init__
    self._dbapi_connection = engine.raw_connection()
                             ~~~~~~~~~~~~~~~~~~~~~^^
  File "D:\Driver C\Desktop\fullstack-internship\backend\job-tracker-backend\.venv\Lib\site-packages\sqlalchemy\engine\base.py", line 3319, in raw_connection
    return self.pool.connect()
           ~~~~~~~~~~~~~~~~~^^
  File "D:\Driver C\Desktop\fullstack-internship\backend\job-tracker-backend\.venv\Lib\site-packages\sqlalchemy\pool\base.py", line 448, in connect
    return _ConnectionFairy._checkout(self)
           ~~~~~~~~~~~~~~~~~~~~~~~~~~^^^^^^
  File "D:\Driver C\Desktop\fullstack-internship\backend\job-tracker-backend\.venv\Lib\site-packages\sqlalchemy\pool\base.py", line 1272, in _checkout
    fairy = _ConnectionRecord.checkout(pool)
  File "D:\Driver C\Desktop\fullstack-internship\backend\job-tracker-backend\.venv\Lib\site-packages\sqlalchemy\pool\base.py", line 712, in checkout
    rec = pool._do_get()
  File "D:\Driver C\Desktop\fullstack-internship\backend\job-tracker-backend\.venv\Lib\site-packages\sqlalchemy\pool\impl.py", line 178, in _do_get
    with util.safe_reraise():
         ~~~~~~~~~~~~~~~~~^^
  File "D:\Driver C\Desktop\fullstack-internship\backend\job-tracker-backend\.venv\Lib\site-packages\sqlalchemy\util\langhelpers.py", line 122, in __exit__
    raise exc_value.with_traceback(exc_tb)
  File "D:\Driver C\Desktop\fullstack-internship\backend\job-tracker-backend\.venv\Lib\site-packages\sqlalchemy\pool\impl.py", line 176, in _do_get
    return self._create_connection()
           ~~~~~~~~~~~~~~~~~~~~~~~^^
  File "D:\Driver C\Desktop\fullstack-internship\backend\job-tracker-backend\.venv\Lib\site-packages\sqlalchemy\pool\base.py", line 389, in _create_connection
    return _ConnectionRecord(self)
  File "D:\Driver C\Desktop\fullstack-internship\backend\job-tracker-backend\.venv\Lib\site-packages\sqlalchemy\pool\base.py", line 674, in __init__
    self.__connect()
    ~~~~~~~~~~~~~~^^
  File "D:\Driver C\Desktop\fullstack-internship\backend\job-tracker-backend\.venv\Lib\site-packages\sqlalchemy\pool\base.py", line 900, in __connect
    with util.safe_reraise():
         ~~~~~~~~~~~~~~~~~^^
  File "D:\Driver C\Desktop\fullstack-internship\backend\job-tracker-backend\.venv\Lib\site-packages\sqlalchemy\util\langhelpers.py", line 122, in __exit__
    raise exc_value.with_traceback(exc_tb)
  File "D:\Driver C\Desktop\fullstack-internship\backend\job-tracker-backend\.venv\Lib\site-packages\sqlalchemy\pool\base.py", line 896, in __connect
    self.dbapi_connection = connection = pool._invoke_creator(self)
                                         ~~~~~~~~~~~~~~~~~~~~^^^^^^
  File "D:\Driver C\Desktop\fullstack-internship\backend\job-tracker-backend\.venv\Lib\site-packages\sqlalchemy\engine\create.py", line 667, in connect
    return dialect.connect(*cargs_tup, **cparams)
           ~~~~~~~~~~~~~~~^^^^^^^^^^^^^^^^^^^^^^^
  File "D:\Driver C\Desktop\fullstack-internship\backend\job-tracker-backend\.venv\Lib\site-packages\sqlalchemy\engine\default.py", line 630, in connect
    return self.loaded_dbapi.connect(*cargs, **cparams)  # type: ignore[no-any-return]  # NOQA: E501
           ~~~~~~~~~~~~~~~~~~~~~~~~~^^^^^^^^^^^^^^^^^^^
  File "D:\Driver C\Desktop\fullstack-internship\backend\job-tracker-backend\.venv\Lib\site-packages\psycopg2\__init__.py", line 135, in connect
    conn = _connect(dsn, connection_factory=connection_factory, **kwasync)
sqlalchemy.exc.OperationalError: (psycopg2.OperationalError) connection to server at "localhost" (::1), port 5432 failed: FATAL:  password authentication failed for user "postgres"

(Background on this error at: https://sqlalche.me/e/20/e3q8)
INFO:     127.0.0.1:57203 - "POST /graphql HTTP/1.1" 200 OK
INFO:     127.0.0.1:57203 - "OPTIONS /graphql HTTP/1.1" 200 OK
(psycopg2.OperationalError) connection to server at "localhost" (::1), port 5432 failed: FATAL:  password authentication failed for user "postgres"

(Background on this error at: https://sqlalche.me/e/20/e3q8)

GraphQL request:2:3
1 | mutation LoginUser($userInput: UserLogin!) {
2 |   loginUser(userInput: $userInput) {
  |   ^
3 |     accessToken
Traceback (most recent call last):
  File "D:\Driver C\Desktop\fullstack-internship\backend\job-tracker-backend\.venv\Lib\site-packages\sqlalchemy\engine\base.py", line 144, in __init__
    self._dbapi_connection = engine.raw_connection()
                             ~~~~~~~~~~~~~~~~~~~~~^^
  File "D:\Driver C\Desktop\fullstack-internship\backend\job-tracker-backend\.venv\Lib\site-packages\sqlalchemy\engine\base.py", line 3319, in raw_connection
    return self.pool.connect()
           ~~~~~~~~~~~~~~~~~^^
  File "D:\Driver C\Desktop\fullstack-internship\backend\job-tracker-backend\.venv\Lib\site-packages\sqlalchemy\pool\base.py", line 448, in connect
    return _ConnectionFairy._checkout(self)
           ~~~~~~~~~~~~~~~~~~~~~~~~~~^^^^^^
  File "D:\Driver C\Desktop\fullstack-internship\backend\job-tracker-backend\.venv\Lib\site-packages\sqlalchemy\pool\base.py", line 1272, in _checkout
    fairy = _ConnectionRecord.checkout(pool)
  File "D:\Driver C\Desktop\fullstack-internship\backend\job-tracker-backend\.venv\Lib\site-packages\sqlalchemy\pool\base.py", line 712, in checkout
    rec = pool._do_get()
  File "D:\Driver C\Desktop\fullstack-internship\backend\job-tracker-backend\.venv\Lib\site-packages\sqlalchemy\pool\impl.py", line 178, in _do_get
    with util.safe_reraise():
         ~~~~~~~~~~~~~~~~~^^
  File "D:\Driver C\Desktop\fullstack-internship\backend\job-tracker-backend\.venv\Lib\site-packages\sqlalchemy\util\langhelpers.py", line 122, in __exit__
    raise exc_value.with_traceback(exc_tb)
  File "D:\Driver C\Desktop\fullstack-internship\backend\job-tracker-backend\.venv\Lib\site-packages\sqlalchemy\pool\impl.py", line 176, in _do_get
    return self._create_connection()
           ~~~~~~~~~~~~~~~~~~~~~~~^^
  File "D:\Driver C\Desktop\fullstack-internship\backend\job-tracker-backend\.venv\Lib\site-packages\sqlalchemy\pool\base.py", line 389, in _create_connection
    return _ConnectionRecord(self)
  File "D:\Driver C\Desktop\fullstack-internship\backend\job-tracker-backend\.venv\Lib\site-packages\sqlalchemy\pool\base.py", line 674, in __init__
    self.__connect()
    ~~~~~~~~~~~~~~^^
  File "D:\Driver C\Desktop\fullstack-internship\backend\job-tracker-backend\.venv\Lib\site-packages\sqlalchemy\pool\base.py", line 900, in __connect
    with util.safe_reraise():
         ~~~~~~~~~~~~~~~~~^^
  File "D:\Driver C\Desktop\fullstack-internship\backend\job-tracker-backend\.venv\Lib\site-packages\sqlalchemy\util\langhelpers.py", line 122, in __exit__
    raise exc_value.with_traceback(exc_tb)
  File "D:\Driver C\Desktop\fullstack-internship\backend\job-tracker-backend\.venv\Lib\site-packages\sqlalchemy\pool\base.py", line 896, in __connect
    self.dbapi_connection = connection = pool._invoke_creator(self)
                                         ~~~~~~~~~~~~~~~~~~~~^^^^^^
  File "D:\Driver C\Desktop\fullstack-internship\backend\job-tracker-backend\.venv\Lib\site-packages\sqlalchemy\engine\create.py", line 667, in connect
    return dialect.connect(*cargs_tup, **cparams)
           ~~~~~~~~~~~~~~~^^^^^^^^^^^^^^^^^^^^^^^
  File "D:\Driver C\Desktop\fullstack-internship\backend\job-tracker-backend\.venv\Lib\site-packages\sqlalchemy\engine\default.py", line 630, in connect
    return self.loaded_dbapi.connect(*cargs, **cparams)  # type: ignore[no-any-return]  # NOQA: E501
           ~~~~~~~~~~~~~~~~~~~~~~~~~^^^^^^^^^^^^^^^^^^^
  File "D:\Driver C\Desktop\fullstack-internship\backend\job-tracker-backend\.venv\Lib\site-packages\psycopg2\__init__.py", line 135, in connect
    conn = _connect(dsn, connection_factory=connection_factory, **kwasync)
psycopg2.OperationalError: connection to server at "localhost" (::1), port 5432 failed: FATAL:  password authentication failed for user "postgres"


The above exception was the direct cause of the following exception:

Traceback (most recent call last):
  File "D:\Driver C\Desktop\fullstack-internship\backend\job-tracker-backend\.venv\Lib\site-packages\graphql\execution\execute.py", line 562, in execute_field
    result = resolve_fn(source, info, **args)
  File "D:\Driver C\Desktop\fullstack-internship\backend\job-tracker-backend\.venv\Lib\site-packages\strawberry\schema\schema_converter.py", line 1049, in _resolver
    return _get_result_with_extensions(
        _source,
        strawberry_info,
        **kwargs,
    )
  File "D:\Driver C\Desktop\fullstack-internship\backend\job-tracker-backend\.venv\Lib\site-packages\strawberry\schema\schema_converter.py", line 1035, in extension_resolver
    return reduce(
           ~~~~~~~
    ...<2 lines>...
        wrapped_get_result,
        ~~~~~~~~~~~~~~~~~~~
    )(_source, info, **field_kwargs)
    ~^^^^^^^^^^^^^^^^^^^^^^^^^^^^^^^
  File "D:\Driver C\Desktop\fullstack-internship\backend\job-tracker-backend\.venv\Lib\site-packages\strawberry\schema\schema_converter.py", line 1027, in wrapped_get_result
    return _get_result(
        _source,
    ...<2 lines>...
        field_kwargs=kwargs,
    )
  File "D:\Driver C\Desktop\fullstack-internship\backend\job-tracker-backend\.venv\Lib\site-packages\strawberry\schema\schema_converter.py", line 913, in _get_result
    return field.get_result(
           ~~~~~~~~~~~~~~~~^
        _source, info=info, args=field_args, kwargs=field_kwargs
        ^^^^^^^^^^^^^^^^^^^^^^^^^^^^^^^^^^^^^^^^^^^^^^^^^^^^^^^^
    )
    ^
  File "D:\Driver C\Desktop\fullstack-internship\backend\job-tracker-backend\.venv\Lib\site-packages\strawberry\types\field.py", line 232, in get_result
    return self.base_resolver(*args, **kwargs)
           ~~~~~~~~~~~~~~~~~~^^^^^^^^^^^^^^^^^
  File "D:\Driver C\Desktop\fullstack-internship\backend\job-tracker-backend\.venv\Lib\site-packages\strawberry\types\fields\resolver.py", line 238, in __call__
    return self.wrapped_func(*args, **kwargs)
           ~~~~~~~~~~~~~~~~~^^^^^^^^^^^^^^^^^
  File "D:\Driver C\Desktop\fullstack-internship\backend\job-tracker-backend\auth.py", line 10, in login_user
    user = db.query(models.User).filter(user_input.email == models.User.email).first()
  File "D:\Driver C\Desktop\fullstack-internship\backend\job-tracker-backend\.venv\Lib\site-packages\sqlalchemy\orm\query.py", line 2766, in first
    return self.limit(1)._iter().first()  # type: ignore
           ~~~~~~~~~~~~~~~~~~~^^
  File "D:\Driver C\Desktop\fullstack-internship\backend\job-tracker-backend\.venv\Lib\site-packages\sqlalchemy\orm\query.py", line 2864, in _iter
    result: Union[ScalarResult[_T], Result[_T]] = self.session.execute(
                                                  ~~~~~~~~~~~~~~~~~~~~^
        statement,
        ^^^^^^^^^^
        params,
        ^^^^^^^
        execution_options={"_sa_orm_load_options": self.load_options},
        ^^^^^^^^^^^^^^^^^^^^^^^^^^^^^^^^^^^^^^^^^^^^^^^^^^^^^^^^^^^^^^
    )
    ^
  File "D:\Driver C\Desktop\fullstack-internship\backend\job-tracker-backend\.venv\Lib\site-packages\sqlalchemy\orm\session.py", line 2373, in execute
    return self._execute_internal(
           ~~~~~~~~~~~~~~~~~~~~~~^
        statement,
        ^^^^^^^^^^
    ...<4 lines>...
        _add_event=_add_event,
        ^^^^^^^^^^^^^^^^^^^^^^
    )
    ^
  File "D:\Driver C\Desktop\fullstack-internship\backend\job-tracker-backend\.venv\Lib\site-packages\sqlalchemy\orm\session.py", line 2261, in _execute_internal
    conn = self._connection_for_bind(bind)
  File "D:\Driver C\Desktop\fullstack-internship\backend\job-tracker-backend\.venv\Lib\site-packages\sqlalchemy\orm\session.py", line 2113, in _connection_for_bind
    return trans._connection_for_bind(engine, execution_options)
           ~~~~~~~~~~~~~~~~~~~~~~~~~~^^^^^^^^^^^^^^^^^^^^^^^^^^^
  File "<string>", line 2, in _connection_for_bind
  File "D:\Driver C\Desktop\fullstack-internship\backend\job-tracker-backend\.venv\Lib\site-packages\sqlalchemy\orm\state_changes.py", line 137, in _go
    ret_value = fn(self, *arg, **kw)
  File "D:\Driver C\Desktop\fullstack-internship\backend\job-tracker-backend\.venv\Lib\site-packages\sqlalchemy\orm\session.py", line 1191, in _connection_for_bind
    conn = bind.connect()
  File "D:\Driver C\Desktop\fullstack-internship\backend\job-tracker-backend\.venv\Lib\site-packages\sqlalchemy\engine\base.py", line 3295, in connect
    return self._connection_cls(self)
           ~~~~~~~~~~~~~~~~~~~~^^^^^^
  File "D:\Driver C\Desktop\fullstack-internship\backend\job-tracker-backend\.venv\Lib\site-packages\sqlalchemy\engine\base.py", line 146, in __init__
    Connection._handle_dbapi_exception_noconnection(
    ~~~~~~~~~~~~~~~~~~~~~~~~~~~~~~~~~~~~~~~~~~~~~~~^
        err, dialect, engine
        ^^^^^^^^^^^^^^^^^^^^
    )
    ^
  File "D:\Driver C\Desktop\fullstack-internship\backend\job-tracker-backend\.venv\Lib\site-packages\sqlalchemy\engine\base.py", line 2450, in _handle_dbapi_exception_noconnection
    raise sqlalchemy_exception.with_traceback(exc_info[2]) from e
  File "D:\Driver C\Desktop\fullstack-internship\backend\job-tracker-backend\.venv\Lib\site-packages\sqlalchemy\engine\base.py", line 144, in __init__
    self._dbapi_connection = engine.raw_connection()
                             ~~~~~~~~~~~~~~~~~~~~~^^
  File "D:\Driver C\Desktop\fullstack-internship\backend\job-tracker-backend\.venv\Lib\site-packages\sqlalchemy\engine\base.py", line 3319, in raw_connection
    return self.pool.connect()
           ~~~~~~~~~~~~~~~~~^^
  File "D:\Driver C\Desktop\fullstack-internship\backend\job-tracker-backend\.venv\Lib\site-packages\sqlalchemy\pool\base.py", line 448, in connect
    return _ConnectionFairy._checkout(self)
           ~~~~~~~~~~~~~~~~~~~~~~~~~~^^^^^^
  File "D:\Driver C\Desktop\fullstack-internship\backend\job-tracker-backend\.venv\Lib\site-packages\sqlalchemy\pool\base.py", line 1272, in _checkout
    fairy = _ConnectionRecord.checkout(pool)
  File "D:\Driver C\Desktop\fullstack-internship\backend\job-tracker-backend\.venv\Lib\site-packages\sqlalchemy\pool\base.py", line 712, in checkout
    rec = pool._do_get()
  File "D:\Driver C\Desktop\fullstack-internship\backend\job-tracker-backend\.venv\Lib\site-packages\sqlalchemy\pool\impl.py", line 178, in _do_get
    with util.safe_reraise():
         ~~~~~~~~~~~~~~~~~^^
  File "D:\Driver C\Desktop\fullstack-internship\backend\job-tracker-backend\.venv\Lib\site-packages\sqlalchemy\util\langhelpers.py", line 122, in __exit__
    raise exc_value.with_traceback(exc_tb)
  File "D:\Driver C\Desktop\fullstack-internship\backend\job-tracker-backend\.venv\Lib\site-packages\sqlalchemy\pool\impl.py", line 176, in _do_get
    return self._create_connection()
           ~~~~~~~~~~~~~~~~~~~~~~~^^
  File "D:\Driver C\Desktop\fullstack-internship\backend\job-tracker-backend\.venv\Lib\site-packages\sqlalchemy\pool\base.py", line 389, in _create_connection
    return _ConnectionRecord(self)
  File "D:\Driver C\Desktop\fullstack-internship\backend\job-tracker-backend\.venv\Lib\site-packages\sqlalchemy\pool\base.py", line 674, in __init__
    self.__connect()
    ~~~~~~~~~~~~~~^^
  File "D:\Driver C\Desktop\fullstack-internship\backend\job-tracker-backend\.venv\Lib\site-packages\sqlalchemy\pool\base.py", line 900, in __connect
    with util.safe_reraise():
         ~~~~~~~~~~~~~~~~~^^
  File "D:\Driver C\Desktop\fullstack-internship\backend\job-tracker-backend\.venv\Lib\site-packages\sqlalchemy\util\langhelpers.py", line 122, in __exit__
    raise exc_value.with_traceback(exc_tb)
  File "D:\Driver C\Desktop\fullstack-internship\backend\job-tracker-backend\.venv\Lib\site-packages\sqlalchemy\pool\base.py", line 896, in __connect
    self.dbapi_connection = connection = pool._invoke_creator(self)
                                         ~~~~~~~~~~~~~~~~~~~~^^^^^^
  File "D:\Driver C\Desktop\fullstack-internship\backend\job-tracker-backend\.venv\Lib\site-packages\sqlalchemy\engine\create.py", line 667, in connect
    return dialect.connect(*cargs_tup, **cparams)
           ~~~~~~~~~~~~~~~^^^^^^^^^^^^^^^^^^^^^^^
  File "D:\Driver C\Desktop\fullstack-internship\backend\job-tracker-backend\.venv\Lib\site-packages\sqlalchemy\engine\default.py", line 630, in connect
    return self.loaded_dbapi.connect(*cargs, **cparams)  # type: ignore[no-any-return]  # NOQA: E501
           ~~~~~~~~~~~~~~~~~~~~~~~~~^^^^^^^^^^^^^^^^^^^
  File "D:\Driver C\Desktop\fullstack-internship\backend\job-tracker-backend\.venv\Lib\site-packages\psycopg2\__init__.py", line 135, in connect
    conn = _connect(dsn, connection_factory=connection_factory, **kwasync)
sqlalchemy.exc.OperationalError: (psycopg2.OperationalError) connection to server at "localhost" (::1), port 5432 failed: FATAL:  password authentication failed for user "postgres"

(Background on this error at: https://sqlalche.me/e/20/e3q8)
INFO:     127.0.0.1:57206 - "POST /graphql HTTP/1.1" 200 OK
INFO:     127.0.0.1:57203 - "OPTIONS /graphql HTTP/1.1" 200 OK
(psycopg2.OperationalError) connection to server at "localhost" (::1), port 5432 failed: FATAL:  password authentication failed for user "postgres"

(Background on this error at: https://sqlalche.me/e/20/e3q8)

GraphQL request:2:3
1 | mutation LoginUser($userInput: UserLogin!) {
2 |   loginUser(userInput: $userInput) {
  |   ^
3 |     accessToken
Traceback (most recent call last):
  File "D:\Driver C\Desktop\fullstack-internship\backend\job-tracker-backend\.venv\Lib\site-packages\sqlalchemy\engine\base.py", line 144, in __init__
    self._dbapi_connection = engine.raw_connection()
                             ~~~~~~~~~~~~~~~~~~~~~^^
  File "D:\Driver C\Desktop\fullstack-internship\backend\job-tracker-backend\.venv\Lib\site-packages\sqlalchemy\engine\base.py", line 3319, in raw_connection
    return self.pool.connect()
           ~~~~~~~~~~~~~~~~~^^
  File "D:\Driver C\Desktop\fullstack-internship\backend\job-tracker-backend\.venv\Lib\site-packages\sqlalchemy\pool\base.py", line 448, in connect
    return _ConnectionFairy._checkout(self)
           ~~~~~~~~~~~~~~~~~~~~~~~~~~^^^^^^
  File "D:\Driver C\Desktop\fullstack-internship\backend\job-tracker-backend\.venv\Lib\site-packages\sqlalchemy\pool\base.py", line 1272, in _checkout
    fairy = _ConnectionRecord.checkout(pool)
  File "D:\Driver C\Desktop\fullstack-internship\backend\job-tracker-backend\.venv\Lib\site-packages\sqlalchemy\pool\base.py", line 712, in checkout
    rec = pool._do_get()
  File "D:\Driver C\Desktop\fullstack-internship\backend\job-tracker-backend\.venv\Lib\site-packages\sqlalchemy\pool\impl.py", line 178, in _do_get
    with util.safe_reraise():
         ~~~~~~~~~~~~~~~~~^^
  File "D:\Driver C\Desktop\fullstack-internship\backend\job-tracker-backend\.venv\Lib\site-packages\sqlalchemy\util\langhelpers.py", line 122, in __exit__
    raise exc_value.with_traceback(exc_tb)
  File "D:\Driver C\Desktop\fullstack-internship\backend\job-tracker-backend\.venv\Lib\site-packages\sqlalchemy\pool\impl.py", line 176, in _do_get
    return self._create_connection()
           ~~~~~~~~~~~~~~~~~~~~~~~^^
  File "D:\Driver C\Desktop\fullstack-internship\backend\job-tracker-backend\.venv\Lib\site-packages\sqlalchemy\pool\base.py", line 389, in _create_connection
    return _ConnectionRecord(self)
  File "D:\Driver C\Desktop\fullstack-internship\backend\job-tracker-backend\.venv\Lib\site-packages\sqlalchemy\pool\base.py", line 674, in __init__
    self.__connect()
    ~~~~~~~~~~~~~~^^
  File "D:\Driver C\Desktop\fullstack-internship\backend\job-tracker-backend\.venv\Lib\site-packages\sqlalchemy\pool\base.py", line 900, in __connect
    with util.safe_reraise():
         ~~~~~~~~~~~~~~~~~^^
  File "D:\Driver C\Desktop\fullstack-internship\backend\job-tracker-backend\.venv\Lib\site-packages\sqlalchemy\util\langhelpers.py", line 122, in __exit__
    raise exc_value.with_traceback(exc_tb)
  File "D:\Driver C\Desktop\fullstack-internship\backend\job-tracker-backend\.venv\Lib\site-packages\sqlalchemy\pool\base.py", line 896, in __connect
    self.dbapi_connection = connection = pool._invoke_creator(self)
                                         ~~~~~~~~~~~~~~~~~~~~^^^^^^
  File "D:\Driver C\Desktop\fullstack-internship\backend\job-tracker-backend\.venv\Lib\site-packages\sqlalchemy\engine\create.py", line 667, in connect
    return dialect.connect(*cargs_tup, **cparams)
           ~~~~~~~~~~~~~~~^^^^^^^^^^^^^^^^^^^^^^^
  File "D:\Driver C\Desktop\fullstack-internship\backend\job-tracker-backend\.venv\Lib\site-packages\sqlalchemy\engine\default.py", line 630, in connect
    return self.loaded_dbapi.connect(*cargs, **cparams)  # type: ignore[no-any-return]  # NOQA: E501
           ~~~~~~~~~~~~~~~~~~~~~~~~~^^^^^^^^^^^^^^^^^^^
  File "D:\Driver C\Desktop\fullstack-internship\backend\job-tracker-backend\.venv\Lib\site-packages\psycopg2\__init__.py", line 135, in connect
    conn = _connect(dsn, connection_factory=connection_factory, **kwasync)
psycopg2.OperationalError: connection to server at "localhost" (::1), port 5432 failed: FATAL:  password authentication failed for user "postgres"


The above exception was the direct cause of the following exception:

Traceback (most recent call last):
  File "D:\Driver C\Desktop\fullstack-internship\backend\job-tracker-backend\.venv\Lib\site-packages\graphql\execution\execute.py", line 562, in execute_field
    result = resolve_fn(source, info, **args)
  File "D:\Driver C\Desktop\fullstack-internship\backend\job-tracker-backend\.venv\Lib\site-packages\strawberry\schema\schema_converter.py", line 1049, in _resolver
    return _get_result_with_extensions(
        _source,
        strawberry_info,
        **kwargs,
    )
  File "D:\Driver C\Desktop\fullstack-internship\backend\job-tracker-backend\.venv\Lib\site-packages\strawberry\schema\schema_converter.py", line 1035, in extension_resolver
    return reduce(
           ~~~~~~~
    ...<2 lines>...
        wrapped_get_result,
        ~~~~~~~~~~~~~~~~~~~
    )(_source, info, **field_kwargs)
    ~^^^^^^^^^^^^^^^^^^^^^^^^^^^^^^^
  File "D:\Driver C\Desktop\fullstack-internship\backend\job-tracker-backend\.venv\Lib\site-packages\strawberry\schema\schema_converter.py", line 1027, in wrapped_get_result
    return _get_result(
        _source,
    ...<2 lines>...
        field_kwargs=kwargs,
    )
  File "D:\Driver C\Desktop\fullstack-internship\backend\job-tracker-backend\.venv\Lib\site-packages\strawberry\schema\schema_converter.py", line 913, in _get_result
    return field.get_result(
           ~~~~~~~~~~~~~~~~^
        _source, info=info, args=field_args, kwargs=field_kwargs
        ^^^^^^^^^^^^^^^^^^^^^^^^^^^^^^^^^^^^^^^^^^^^^^^^^^^^^^^^
    )
    ^
  File "D:\Driver C\Desktop\fullstack-internship\backend\job-tracker-backend\.venv\Lib\site-packages\strawberry\types\field.py", line 232, in get_result
    return self.base_resolver(*args, **kwargs)
           ~~~~~~~~~~~~~~~~~~^^^^^^^^^^^^^^^^^
  File "D:\Driver C\Desktop\fullstack-internship\backend\job-tracker-backend\.venv\Lib\site-packages\strawberry\types\fields\resolver.py", line 238, in __call__
    return self.wrapped_func(*args, **kwargs)
           ~~~~~~~~~~~~~~~~~^^^^^^^^^^^^^^^^^
  File "D:\Driver C\Desktop\fullstack-internship\backend\job-tracker-backend\auth.py", line 10, in login_user
    user = db.query(models.User).filter(user_input.email == models.User.email).first()
  File "D:\Driver C\Desktop\fullstack-internship\backend\job-tracker-backend\.venv\Lib\site-packages\sqlalchemy\orm\query.py", line 2766, in first
    return self.limit(1)._iter().first()  # type: ignore
           ~~~~~~~~~~~~~~~~~~~^^
  File "D:\Driver C\Desktop\fullstack-internship\backend\job-tracker-backend\.venv\Lib\site-packages\sqlalchemy\orm\query.py", line 2864, in _iter
    result: Union[ScalarResult[_T], Result[_T]] = self.session.execute(
                                                  ~~~~~~~~~~~~~~~~~~~~^
        statement,
        ^^^^^^^^^^
        params,
        ^^^^^^^
        execution_options={"_sa_orm_load_options": self.load_options},
        ^^^^^^^^^^^^^^^^^^^^^^^^^^^^^^^^^^^^^^^^^^^^^^^^^^^^^^^^^^^^^^
    )
    ^
  File "D:\Driver C\Desktop\fullstack-internship\backend\job-tracker-backend\.venv\Lib\site-packages\sqlalchemy\orm\session.py", line 2373, in execute
    return self._execute_internal(
           ~~~~~~~~~~~~~~~~~~~~~~^
        statement,
        ^^^^^^^^^^
    ...<4 lines>...
        _add_event=_add_event,
        ^^^^^^^^^^^^^^^^^^^^^^
    )
    ^
  File "D:\Driver C\Desktop\fullstack-internship\backend\job-tracker-backend\.venv\Lib\site-packages\sqlalchemy\orm\session.py", line 2261, in _execute_internal
    conn = self._connection_for_bind(bind)
  File "D:\Driver C\Desktop\fullstack-internship\backend\job-tracker-backend\.venv\Lib\site-packages\sqlalchemy\orm\session.py", line 2113, in _connection_for_bind
    return trans._connection_for_bind(engine, execution_options)
           ~~~~~~~~~~~~~~~~~~~~~~~~~~^^^^^^^^^^^^^^^^^^^^^^^^^^^
  File "<string>", line 2, in _connection_for_bind
  File "D:\Driver C\Desktop\fullstack-internship\backend\job-tracker-backend\.venv\Lib\site-packages\sqlalchemy\orm\state_changes.py", line 137, in _go
    ret_value = fn(self, *arg, **kw)
  File "D:\Driver C\Desktop\fullstack-internship\backend\job-tracker-backend\.venv\Lib\site-packages\sqlalchemy\orm\session.py", line 1191, in _connection_for_bind
    conn = bind.connect()
  File "D:\Driver C\Desktop\fullstack-internship\backend\job-tracker-backend\.venv\Lib\site-packages\sqlalchemy\engine\base.py", line 3295, in connect
    return self._connection_cls(self)
           ~~~~~~~~~~~~~~~~~~~~^^^^^^
  File "D:\Driver C\Desktop\fullstack-internship\backend\job-tracker-backend\.venv\Lib\site-packages\sqlalchemy\engine\base.py", line 146, in __init__
    Connection._handle_dbapi_exception_noconnection(
    ~~~~~~~~~~~~~~~~~~~~~~~~~~~~~~~~~~~~~~~~~~~~~~~^
        err, dialect, engine
        ^^^^^^^^^^^^^^^^^^^^
    )
    ^
  File "D:\Driver C\Desktop\fullstack-internship\backend\job-tracker-backend\.venv\Lib\site-packages\sqlalchemy\engine\base.py", line 2450, in _handle_dbapi_exception_noconnection
    raise sqlalchemy_exception.with_traceback(exc_info[2]) from e
  File "D:\Driver C\Desktop\fullstack-internship\backend\job-tracker-backend\.venv\Lib\site-packages\sqlalchemy\engine\base.py", line 144, in __init__
    self._dbapi_connection = engine.raw_connection()
                             ~~~~~~~~~~~~~~~~~~~~~^^
  File "D:\Driver C\Desktop\fullstack-internship\backend\job-tracker-backend\.venv\Lib\site-packages\sqlalchemy\engine\base.py", line 3319, in raw_connection
    return self.pool.connect()
           ~~~~~~~~~~~~~~~~~^^
  File "D:\Driver C\Desktop\fullstack-internship\backend\job-tracker-backend\.venv\Lib\site-packages\sqlalchemy\pool\base.py", line 448, in connect
    return _ConnectionFairy._checkout(self)
           ~~~~~~~~~~~~~~~~~~~~~~~~~~^^^^^^
  File "D:\Driver C\Desktop\fullstack-internship\backend\job-tracker-backend\.venv\Lib\site-packages\sqlalchemy\pool\base.py", line 1272, in _checkout
    fairy = _ConnectionRecord.checkout(pool)
  File "D:\Driver C\Desktop\fullstack-internship\backend\job-tracker-backend\.venv\Lib\site-packages\sqlalchemy\pool\base.py", line 712, in checkout
    rec = pool._do_get()
  File "D:\Driver C\Desktop\fullstack-internship\backend\job-tracker-backend\.venv\Lib\site-packages\sqlalchemy\pool\impl.py", line 178, in _do_get
    with util.safe_reraise():
         ~~~~~~~~~~~~~~~~~^^
  File "D:\Driver C\Desktop\fullstack-internship\backend\job-tracker-backend\.venv\Lib\site-packages\sqlalchemy\util\langhelpers.py", line 122, in __exit__
    raise exc_value.with_traceback(exc_tb)
  File "D:\Driver C\Desktop\fullstack-internship\backend\job-tracker-backend\.venv\Lib\site-packages\sqlalchemy\pool\impl.py", line 176, in _do_get
    return self._create_connection()
           ~~~~~~~~~~~~~~~~~~~~~~~^^
  File "D:\Driver C\Desktop\fullstack-internship\backend\job-tracker-backend\.venv\Lib\site-packages\sqlalchemy\pool\base.py", line 389, in _create_connection
    return _ConnectionRecord(self)
  File "D:\Driver C\Desktop\fullstack-internship\backend\job-tracker-backend\.venv\Lib\site-packages\sqlalchemy\pool\base.py", line 674, in __init__
    self.__connect()
    ~~~~~~~~~~~~~~^^
  File "D:\Driver C\Desktop\fullstack-internship\backend\job-tracker-backend\.venv\Lib\site-packages\sqlalchemy\pool\base.py", line 900, in __connect
    with util.safe_reraise():
         ~~~~~~~~~~~~~~~~~^^
  File "D:\Driver C\Desktop\fullstack-internship\backend\job-tracker-backend\.venv\Lib\site-packages\sqlalchemy\util\langhelpers.py", line 122, in __exit__
    raise exc_value.with_traceback(exc_tb)
  File "D:\Driver C\Desktop\fullstack-internship\backend\job-tracker-backend\.venv\Lib\site-packages\sqlalchemy\pool\base.py", line 896, in __connect
    self.dbapi_connection = connection = pool._invoke_creator(self)
                                         ~~~~~~~~~~~~~~~~~~~~^^^^^^
  File "D:\Driver C\Desktop\fullstack-internship\backend\job-tracker-backend\.venv\Lib\site-packages\sqlalchemy\engine\create.py", line 667, in connect
    return dialect.connect(*cargs_tup, **cparams)
           ~~~~~~~~~~~~~~~^^^^^^^^^^^^^^^^^^^^^^^
  File "D:\Driver C\Desktop\fullstack-internship\backend\job-tracker-backend\.venv\Lib\site-packages\sqlalchemy\engine\default.py", line 630, in connect
    return self.loaded_dbapi.connect(*cargs, **cparams)  # type: ignore[no-any-return]  # NOQA: E501
           ~~~~~~~~~~~~~~~~~~~~~~~~~^^^^^^^^^^^^^^^^^^^
  File "D:\Driver C\Desktop\fullstack-internship\backend\job-tracker-backend\.venv\Lib\site-packages\psycopg2\__init__.py", line 135, in connect
    conn = _connect(dsn, connection_factory=connection_factory, **kwasync)
sqlalchemy.exc.OperationalError: (psycopg2.OperationalError) connection to server at "localhost" (::1), port 5432 failed: FATAL:  password authentication failed for user "postgres"

(Background on this error at: https://sqlalche.me/e/20/e3q8)
INFO:     127.0.0.1:57206 - "POST /graphql HTTP/1.1" 200 OK
INFO:     127.0.0.1:57206 - "OPTIONS /graphql HTTP/1.1" 200 OK
(psycopg2.OperationalError) connection to server at "localhost" (::1), port 5432 failed: FATAL:  password authentication failed for user "postgres"

(Background on this error at: https://sqlalche.me/e/20/e3q8)

GraphQL request:2:3
1 | mutation LoginUser($userInput: UserLogin!) {
2 |   loginUser(userInput: $userInput) {
  |   ^
3 |     accessToken
Traceback (most recent call last):
  File "D:\Driver C\Desktop\fullstack-internship\backend\job-tracker-backend\.venv\Lib\site-packages\sqlalchemy\engine\base.py", line 144, in __init__
    self._dbapi_connection = engine.raw_connection()
                             ~~~~~~~~~~~~~~~~~~~~~^^
  File "D:\Driver C\Desktop\fullstack-internship\backend\job-tracker-backend\.venv\Lib\site-packages\sqlalchemy\engine\base.py", line 3319, in raw_connection
    return self.pool.connect()
           ~~~~~~~~~~~~~~~~~^^
  File "D:\Driver C\Desktop\fullstack-internship\backend\job-tracker-backend\.venv\Lib\site-packages\sqlalchemy\pool\base.py", line 448, in connect
    return _ConnectionFairy._checkout(self)
           ~~~~~~~~~~~~~~~~~~~~~~~~~~^^^^^^
  File "D:\Driver C\Desktop\fullstack-internship\backend\job-tracker-backend\.venv\Lib\site-packages\sqlalchemy\pool\base.py", line 1272, in _checkout
    fairy = _ConnectionRecord.checkout(pool)
  File "D:\Driver C\Desktop\fullstack-internship\backend\job-tracker-backend\.venv\Lib\site-packages\sqlalchemy\pool\base.py", line 712, in checkout
    rec = pool._do_get()
  File "D:\Driver C\Desktop\fullstack-internship\backend\job-tracker-backend\.venv\Lib\site-packages\sqlalchemy\pool\impl.py", line 178, in _do_get
    with util.safe_reraise():
         ~~~~~~~~~~~~~~~~~^^
  File "D:\Driver C\Desktop\fullstack-internship\backend\job-tracker-backend\.venv\Lib\site-packages\sqlalchemy\util\langhelpers.py", line 122, in __exit__
    raise exc_value.with_traceback(exc_tb)
  File "D:\Driver C\Desktop\fullstack-internship\backend\job-tracker-backend\.venv\Lib\site-packages\sqlalchemy\pool\impl.py", line 176, in _do_get
    return self._create_connection()
           ~~~~~~~~~~~~~~~~~~~~~~~^^
  File "D:\Driver C\Desktop\fullstack-internship\backend\job-tracker-backend\.venv\Lib\site-packages\sqlalchemy\pool\base.py", line 389, in _create_connection
    return _ConnectionRecord(self)
  File "D:\Driver C\Desktop\fullstack-internship\backend\job-tracker-backend\.venv\Lib\site-packages\sqlalchemy\pool\base.py", line 674, in __init__
    self.__connect()
    ~~~~~~~~~~~~~~^^
  File "D:\Driver C\Desktop\fullstack-internship\backend\job-tracker-backend\.venv\Lib\site-packages\sqlalchemy\pool\base.py", line 900, in __connect
    with util.safe_reraise():
         ~~~~~~~~~~~~~~~~~^^
  File "D:\Driver C\Desktop\fullstack-internship\backend\job-tracker-backend\.venv\Lib\site-packages\sqlalchemy\util\langhelpers.py", line 122, in __exit__
    raise exc_value.with_traceback(exc_tb)
  File "D:\Driver C\Desktop\fullstack-internship\backend\job-tracker-backend\.venv\Lib\site-packages\sqlalchemy\pool\base.py", line 896, in __connect
    self.dbapi_connection = connection = pool._invoke_creator(self)
                                         ~~~~~~~~~~~~~~~~~~~~^^^^^^
  File "D:\Driver C\Desktop\fullstack-internship\backend\job-tracker-backend\.venv\Lib\site-packages\sqlalchemy\engine\create.py", line 667, in connect
    return dialect.connect(*cargs_tup, **cparams)
           ~~~~~~~~~~~~~~~^^^^^^^^^^^^^^^^^^^^^^^
  File "D:\Driver C\Desktop\fullstack-internship\backend\job-tracker-backend\.venv\Lib\site-packages\sqlalchemy\engine\default.py", line 630, in connect
    return self.loaded_dbapi.connect(*cargs, **cparams)  # type: ignore[no-any-return]  # NOQA: E501
           ~~~~~~~~~~~~~~~~~~~~~~~~~^^^^^^^^^^^^^^^^^^^
  File "D:\Driver C\Desktop\fullstack-internship\backend\job-tracker-backend\.venv\Lib\site-packages\psycopg2\__init__.py", line 135, in connect
    conn = _connect(dsn, connection_factory=connection_factory, **kwasync)
psycopg2.OperationalError: connection to server at "localhost" (::1), port 5432 failed: FATAL:  password authentication failed for user "postgres"


The above exception was the direct cause of the following exception:

Traceback (most recent call last):
  File "D:\Driver C\Desktop\fullstack-internship\backend\job-tracker-backend\.venv\Lib\site-packages\graphql\execution\execute.py", line 562, in execute_field
    result = resolve_fn(source, info, **args)
  File "D:\Driver C\Desktop\fullstack-internship\backend\job-tracker-backend\.venv\Lib\site-packages\strawberry\schema\schema_converter.py", line 1049, in _resolver
    return _get_result_with_extensions(
        _source,
        strawberry_info,
        **kwargs,
    )
  File "D:\Driver C\Desktop\fullstack-internship\backend\job-tracker-backend\.venv\Lib\site-packages\strawberry\schema\schema_converter.py", line 1035, in extension_resolver
    return reduce(
           ~~~~~~~
    ...<2 lines>...
        wrapped_get_result,
        ~~~~~~~~~~~~~~~~~~~
    )(_source, info, **field_kwargs)
    ~^^^^^^^^^^^^^^^^^^^^^^^^^^^^^^^
  File "D:\Driver C\Desktop\fullstack-internship\backend\job-tracker-backend\.venv\Lib\site-packages\strawberry\schema\schema_converter.py", line 1027, in wrapped_get_result
    return _get_result(
        _source,
    ...<2 lines>...
        field_kwargs=kwargs,
    )
  File "D:\Driver C\Desktop\fullstack-internship\backend\job-tracker-backend\.venv\Lib\site-packages\strawberry\schema\schema_converter.py", line 913, in _get_result
    return field.get_result(
           ~~~~~~~~~~~~~~~~^
        _source, info=info, args=field_args, kwargs=field_kwargs
        ^^^^^^^^^^^^^^^^^^^^^^^^^^^^^^^^^^^^^^^^^^^^^^^^^^^^^^^^
    )
    ^
  File "D:\Driver C\Desktop\fullstack-internship\backend\job-tracker-backend\.venv\Lib\site-packages\strawberry\types\field.py", line 232, in get_result
    return self.base_resolver(*args, **kwargs)
           ~~~~~~~~~~~~~~~~~~^^^^^^^^^^^^^^^^^
  File "D:\Driver C\Desktop\fullstack-internship\backend\job-tracker-backend\.venv\Lib\site-packages\strawberry\types\fields\resolver.py", line 238, in __call__
    return self.wrapped_func(*args, **kwargs)
           ~~~~~~~~~~~~~~~~~^^^^^^^^^^^^^^^^^
  File "D:\Driver C\Desktop\fullstack-internship\backend\job-tracker-backend\auth.py", line 10, in login_user
    user = db.query(models.User).filter(user_input.email == models.User.email).first()
  File "D:\Driver C\Desktop\fullstack-internship\backend\job-tracker-backend\.venv\Lib\site-packages\sqlalchemy\orm\query.py", line 2766, in first
    return self.limit(1)._iter().first()  # type: ignore
           ~~~~~~~~~~~~~~~~~~~^^
  File "D:\Driver C\Desktop\fullstack-internship\backend\job-tracker-backend\.venv\Lib\site-packages\sqlalchemy\orm\query.py", line 2864, in _iter
    result: Union[ScalarResult[_T], Result[_T]] = self.session.execute(
                                                  ~~~~~~~~~~~~~~~~~~~~^
        statement,
        ^^^^^^^^^^
        params,
        ^^^^^^^
        execution_options={"_sa_orm_load_options": self.load_options},
        ^^^^^^^^^^^^^^^^^^^^^^^^^^^^^^^^^^^^^^^^^^^^^^^^^^^^^^^^^^^^^^
    )
    ^
  File "D:\Driver C\Desktop\fullstack-internship\backend\job-tracker-backend\.venv\Lib\site-packages\sqlalchemy\orm\session.py", line 2373, in execute
    return self._execute_internal(
           ~~~~~~~~~~~~~~~~~~~~~~^
        statement,
        ^^^^^^^^^^
    ...<4 lines>...
        _add_event=_add_event,
        ^^^^^^^^^^^^^^^^^^^^^^
    )
    ^
  File "D:\Driver C\Desktop\fullstack-internship\backend\job-tracker-backend\.venv\Lib\site-packages\sqlalchemy\orm\session.py", line 2261, in _execute_internal
    conn = self._connection_for_bind(bind)
  File "D:\Driver C\Desktop\fullstack-internship\backend\job-tracker-backend\.venv\Lib\site-packages\sqlalchemy\orm\session.py", line 2113, in _connection_for_bind
    return trans._connection_for_bind(engine, execution_options)
           ~~~~~~~~~~~~~~~~~~~~~~~~~~^^^^^^^^^^^^^^^^^^^^^^^^^^^
  File "<string>", line 2, in _connection_for_bind
  File "D:\Driver C\Desktop\fullstack-internship\backend\job-tracker-backend\.venv\Lib\site-packages\sqlalchemy\orm\state_changes.py", line 137, in _go
    ret_value = fn(self, *arg, **kw)
  File "D:\Driver C\Desktop\fullstack-internship\backend\job-tracker-backend\.venv\Lib\site-packages\sqlalchemy\orm\session.py", line 1191, in _connection_for_bind
    conn = bind.connect()
  File "D:\Driver C\Desktop\fullstack-internship\backend\job-tracker-backend\.venv\Lib\site-packages\sqlalchemy\engine\base.py", line 3295, in connect
    return self._connection_cls(self)
           ~~~~~~~~~~~~~~~~~~~~^^^^^^
  File "D:\Driver C\Desktop\fullstack-internship\backend\job-tracker-backend\.venv\Lib\site-packages\sqlalchemy\engine\base.py", line 146, in __init__
    Connection._handle_dbapi_exception_noconnection(
    ~~~~~~~~~~~~~~~~~~~~~~~~~~~~~~~~~~~~~~~~~~~~~~~^
        err, dialect, engine
        ^^^^^^^^^^^^^^^^^^^^
    )
    ^
  File "D:\Driver C\Desktop\fullstack-internship\backend\job-tracker-backend\.venv\Lib\site-packages\sqlalchemy\engine\base.py", line 2450, in _handle_dbapi_exception_noconnection
    raise sqlalchemy_exception.with_traceback(exc_info[2]) from e
  File "D:\Driver C\Desktop\fullstack-internship\backend\job-tracker-backend\.venv\Lib\site-packages\sqlalchemy\engine\base.py", line 144, in __init__
    self._dbapi_connection = engine.raw_connection()
                             ~~~~~~~~~~~~~~~~~~~~~^^
  File "D:\Driver C\Desktop\fullstack-internship\backend\job-tracker-backend\.venv\Lib\site-packages\sqlalchemy\engine\base.py", line 3319, in raw_connection
    return self.pool.connect()
           ~~~~~~~~~~~~~~~~~^^
  File "D:\Driver C\Desktop\fullstack-internship\backend\job-tracker-backend\.venv\Lib\site-packages\sqlalchemy\pool\base.py", line 448, in connect
    return _ConnectionFairy._checkout(self)
           ~~~~~~~~~~~~~~~~~~~~~~~~~~^^^^^^
  File "D:\Driver C\Desktop\fullstack-internship\backend\job-tracker-backend\.venv\Lib\site-packages\sqlalchemy\pool\base.py", line 1272, in _checkout
    fairy = _ConnectionRecord.checkout(pool)
  File "D:\Driver C\Desktop\fullstack-internship\backend\job-tracker-backend\.venv\Lib\site-packages\sqlalchemy\pool\base.py", line 712, in checkout
    rec = pool._do_get()
  File "D:\Driver C\Desktop\fullstack-internship\backend\job-tracker-backend\.venv\Lib\site-packages\sqlalchemy\pool\impl.py", line 178, in _do_get
    with util.safe_reraise():
         ~~~~~~~~~~~~~~~~~^^
  File "D:\Driver C\Desktop\fullstack-internship\backend\job-tracker-backend\.venv\Lib\site-packages\sqlalchemy\util\langhelpers.py", line 122, in __exit__
    raise exc_value.with_traceback(exc_tb)
  File "D:\Driver C\Desktop\fullstack-internship\backend\job-tracker-backend\.venv\Lib\site-packages\sqlalchemy\pool\impl.py", line 176, in _do_get
    return self._create_connection()
           ~~~~~~~~~~~~~~~~~~~~~~~^^
  File "D:\Driver C\Desktop\fullstack-internship\backend\job-tracker-backend\.venv\Lib\site-packages\sqlalchemy\pool\base.py", line 389, in _create_connection
    return _ConnectionRecord(self)
  File "D:\Driver C\Desktop\fullstack-internship\backend\job-tracker-backend\.venv\Lib\site-packages\sqlalchemy\pool\base.py", line 674, in __init__
    self.__connect()
    ~~~~~~~~~~~~~~^^
  File "D:\Driver C\Desktop\fullstack-internship\backend\job-tracker-backend\.venv\Lib\site-packages\sqlalchemy\pool\base.py", line 900, in __connect
    with util.safe_reraise():
         ~~~~~~~~~~~~~~~~~^^
  File "D:\Driver C\Desktop\fullstack-internship\backend\job-tracker-backend\.venv\Lib\site-packages\sqlalchemy\util\langhelpers.py", line 122, in __exit__
    raise exc_value.with_traceback(exc_tb)
  File "D:\Driver C\Desktop\fullstack-internship\backend\job-tracker-backend\.venv\Lib\site-packages\sqlalchemy\pool\base.py", line 896, in __connect
    self.dbapi_connection = connection = pool._invoke_creator(self)
                                         ~~~~~~~~~~~~~~~~~~~~^^^^^^
  File "D:\Driver C\Desktop\fullstack-internship\backend\job-tracker-backend\.venv\Lib\site-packages\sqlalchemy\engine\create.py", line 667, in connect
    return dialect.connect(*cargs_tup, **cparams)
           ~~~~~~~~~~~~~~~^^^^^^^^^^^^^^^^^^^^^^^
  File "D:\Driver C\Desktop\fullstack-internship\backend\job-tracker-backend\.venv\Lib\site-packages\sqlalchemy\engine\default.py", line 630, in connect
    return self.loaded_dbapi.connect(*cargs, **cparams)  # type: ignore[no-any-return]  # NOQA: E501
           ~~~~~~~~~~~~~~~~~~~~~~~~~^^^^^^^^^^^^^^^^^^^
  File "D:\Driver C\Desktop\fullstack-internship\backend\job-tracker-backend\.venv\Lib\site-packages\psycopg2\__init__.py", line 135, in connect
    conn = _connect(dsn, connection_factory=connection_factory, **kwasync)
sqlalchemy.exc.OperationalError: (psycopg2.OperationalError) connection to server at "localhost" (::1), port 5432 failed: FATAL:  password authentication failed for user "postgres"

(Background on this error at: https://sqlalche.me/e/20/e3q8)
INFO:     127.0.0.1:57203 - "POST /graphql HTTP/1.1" 200 OK
INFO:     127.0.0.1:57206 - "OPTIONS /graphql HTTP/1.1" 200 OK
(psycopg2.OperationalError) connection to server at "localhost" (::1), port 5432 failed: FATAL:  password authentication failed for user "postgres"

(Background on this error at: https://sqlalche.me/e/20/e3q8)

GraphQL request:2:3
1 | mutation LoginUser($userInput: UserLogin!) {
2 |   loginUser(userInput: $userInput) {
  |   ^
3 |     accessToken
Traceback (most recent call last):
  File "D:\Driver C\Desktop\fullstack-internship\backend\job-tracker-backend\.venv\Lib\site-packages\sqlalchemy\engine\base.py", line 144, in __init__
    self._dbapi_connection = engine.raw_connection()
                             ~~~~~~~~~~~~~~~~~~~~~^^
  File "D:\Driver C\Desktop\fullstack-internship\backend\job-tracker-backend\.venv\Lib\site-packages\sqlalchemy\engine\base.py", line 3319, in raw_connection
    return self.pool.connect()
           ~~~~~~~~~~~~~~~~~^^
  File "D:\Driver C\Desktop\fullstack-internship\backend\job-tracker-backend\.venv\Lib\site-packages\sqlalchemy\pool\base.py", line 448, in connect
    return _ConnectionFairy._checkout(self)
           ~~~~~~~~~~~~~~~~~~~~~~~~~~^^^^^^
  File "D:\Driver C\Desktop\fullstack-internship\backend\job-tracker-backend\.venv\Lib\site-packages\sqlalchemy\pool\base.py", line 1272, in _checkout
    fairy = _ConnectionRecord.checkout(pool)
  File "D:\Driver C\Desktop\fullstack-internship\backend\job-tracker-backend\.venv\Lib\site-packages\sqlalchemy\pool\base.py", line 712, in checkout
    rec = pool._do_get()
  File "D:\Driver C\Desktop\fullstack-internship\backend\job-tracker-backend\.venv\Lib\site-packages\sqlalchemy\pool\impl.py", line 178, in _do_get
    with util.safe_reraise():
         ~~~~~~~~~~~~~~~~~^^
  File "D:\Driver C\Desktop\fullstack-internship\backend\job-tracker-backend\.venv\Lib\site-packages\sqlalchemy\util\langhelpers.py", line 122, in __exit__
    raise exc_value.with_traceback(exc_tb)
  File "D:\Driver C\Desktop\fullstack-internship\backend\job-tracker-backend\.venv\Lib\site-packages\sqlalchemy\pool\impl.py", line 176, in _do_get
    return self._create_connection()
           ~~~~~~~~~~~~~~~~~~~~~~~^^
  File "D:\Driver C\Desktop\fullstack-internship\backend\job-tracker-backend\.venv\Lib\site-packages\sqlalchemy\pool\base.py", line 389, in _create_connection
    return _ConnectionRecord(self)
  File "D:\Driver C\Desktop\fullstack-internship\backend\job-tracker-backend\.venv\Lib\site-packages\sqlalchemy\pool\base.py", line 674, in __init__
    self.__connect()
    ~~~~~~~~~~~~~~^^
  File "D:\Driver C\Desktop\fullstack-internship\backend\job-tracker-backend\.venv\Lib\site-packages\sqlalchemy\pool\base.py", line 900, in __connect
    with util.safe_reraise():
         ~~~~~~~~~~~~~~~~~^^
  File "D:\Driver C\Desktop\fullstack-internship\backend\job-tracker-backend\.venv\Lib\site-packages\sqlalchemy\util\langhelpers.py", line 122, in __exit__
    raise exc_value.with_traceback(exc_tb)
  File "D:\Driver C\Desktop\fullstack-internship\backend\job-tracker-backend\.venv\Lib\site-packages\sqlalchemy\pool\base.py", line 896, in __connect
    self.dbapi_connection = connection = pool._invoke_creator(self)
                                         ~~~~~~~~~~~~~~~~~~~~^^^^^^
  File "D:\Driver C\Desktop\fullstack-internship\backend\job-tracker-backend\.venv\Lib\site-packages\sqlalchemy\engine\create.py", line 667, in connect
    return dialect.connect(*cargs_tup, **cparams)
           ~~~~~~~~~~~~~~~^^^^^^^^^^^^^^^^^^^^^^^
  File "D:\Driver C\Desktop\fullstack-internship\backend\job-tracker-backend\.venv\Lib\site-packages\sqlalchemy\engine\default.py", line 630, in connect
    return self.loaded_dbapi.connect(*cargs, **cparams)  # type: ignore[no-any-return]  # NOQA: E501
           ~~~~~~~~~~~~~~~~~~~~~~~~~^^^^^^^^^^^^^^^^^^^
  File "D:\Driver C\Desktop\fullstack-internship\backend\job-tracker-backend\.venv\Lib\site-packages\psycopg2\__init__.py", line 135, in connect
    conn = _connect(dsn, connection_factory=connection_factory, **kwasync)
psycopg2.OperationalError: connection to server at "localhost" (::1), port 5432 failed: FATAL:  password authentication failed for user "postgres"


The above exception was the direct cause of the following exception:

Traceback (most recent call last):
  File "D:\Driver C\Desktop\fullstack-internship\backend\job-tracker-backend\.venv\Lib\site-packages\graphql\execution\execute.py", line 562, in execute_field
    result = resolve_fn(source, info, **args)
  File "D:\Driver C\Desktop\fullstack-internship\backend\job-tracker-backend\.venv\Lib\site-packages\strawberry\schema\schema_converter.py", line 1049, in _resolver
    return _get_result_with_extensions(
        _source,
        strawberry_info,
        **kwargs,
    )
  File "D:\Driver C\Desktop\fullstack-internship\backend\job-tracker-backend\.venv\Lib\site-packages\strawberry\schema\schema_converter.py", line 1035, in extension_resolver
    return reduce(
           ~~~~~~~
    ...<2 lines>...
        wrapped_get_result,
        ~~~~~~~~~~~~~~~~~~~
    )(_source, info, **field_kwargs)
    ~^^^^^^^^^^^^^^^^^^^^^^^^^^^^^^^
  File "D:\Driver C\Desktop\fullstack-internship\backend\job-tracker-backend\.venv\Lib\site-packages\strawberry\schema\schema_converter.py", line 1027, in wrapped_get_result
    return _get_result(
        _source,
    ...<2 lines>...
        field_kwargs=kwargs,
    )
  File "D:\Driver C\Desktop\fullstack-internship\backend\job-tracker-backend\.venv\Lib\site-packages\strawberry\schema\schema_converter.py", line 913, in _get_result
    return field.get_result(
           ~~~~~~~~~~~~~~~~^
        _source, info=info, args=field_args, kwargs=field_kwargs
        ^^^^^^^^^^^^^^^^^^^^^^^^^^^^^^^^^^^^^^^^^^^^^^^^^^^^^^^^
    )
    ^
  File "D:\Driver C\Desktop\fullstack-internship\backend\job-tracker-backend\.venv\Lib\site-packages\strawberry\types\field.py", line 232, in get_result
    return self.base_resolver(*args, **kwargs)
           ~~~~~~~~~~~~~~~~~~^^^^^^^^^^^^^^^^^
  File "D:\Driver C\Desktop\fullstack-internship\backend\job-tracker-backend\.venv\Lib\site-packages\strawberry\types\fields\resolver.py", line 238, in __call__
    return self.wrapped_func(*args, **kwargs)
           ~~~~~~~~~~~~~~~~~^^^^^^^^^^^^^^^^^
  File "D:\Driver C\Desktop\fullstack-internship\backend\job-tracker-backend\auth.py", line 10, in login_user
    user = db.query(models.User).filter(user_input.email == models.User.email).first()
  File "D:\Driver C\Desktop\fullstack-internship\backend\job-tracker-backend\.venv\Lib\site-packages\sqlalchemy\orm\query.py", line 2766, in first
    return self.limit(1)._iter().first()  # type: ignore
           ~~~~~~~~~~~~~~~~~~~^^
  File "D:\Driver C\Desktop\fullstack-internship\backend\job-tracker-backend\.venv\Lib\site-packages\sqlalchemy\orm\query.py", line 2864, in _iter
    result: Union[ScalarResult[_T], Result[_T]] = self.session.execute(
                                                  ~~~~~~~~~~~~~~~~~~~~^
        statement,
        ^^^^^^^^^^
        params,
        ^^^^^^^
        execution_options={"_sa_orm_load_options": self.load_options},
        ^^^^^^^^^^^^^^^^^^^^^^^^^^^^^^^^^^^^^^^^^^^^^^^^^^^^^^^^^^^^^^
    )
    ^
  File "D:\Driver C\Desktop\fullstack-internship\backend\job-tracker-backend\.venv\Lib\site-packages\sqlalchemy\orm\session.py", line 2373, in execute
    return self._execute_internal(
           ~~~~~~~~~~~~~~~~~~~~~~^
        statement,
        ^^^^^^^^^^
    ...<4 lines>...
        _add_event=_add_event,
        ^^^^^^^^^^^^^^^^^^^^^^
    )
    ^
  File "D:\Driver C\Desktop\fullstack-internship\backend\job-tracker-backend\.venv\Lib\site-packages\sqlalchemy\orm\session.py", line 2261, in _execute_internal
    conn = self._connection_for_bind(bind)
  File "D:\Driver C\Desktop\fullstack-internship\backend\job-tracker-backend\.venv\Lib\site-packages\sqlalchemy\orm\session.py", line 2113, in _connection_for_bind
    return trans._connection_for_bind(engine, execution_options)
           ~~~~~~~~~~~~~~~~~~~~~~~~~~^^^^^^^^^^^^^^^^^^^^^^^^^^^
  File "<string>", line 2, in _connection_for_bind
  File "D:\Driver C\Desktop\fullstack-internship\backend\job-tracker-backend\.venv\Lib\site-packages\sqlalchemy\orm\state_changes.py", line 137, in _go
    ret_value = fn(self, *arg, **kw)
  File "D:\Driver C\Desktop\fullstack-internship\backend\job-tracker-backend\.venv\Lib\site-packages\sqlalchemy\orm\session.py", line 1191, in _connection_for_bind
    conn = bind.connect()
  File "D:\Driver C\Desktop\fullstack-internship\backend\job-tracker-backend\.venv\Lib\site-packages\sqlalchemy\engine\base.py", line 3295, in connect
    return self._connection_cls(self)
           ~~~~~~~~~~~~~~~~~~~~^^^^^^
  File "D:\Driver C\Desktop\fullstack-internship\backend\job-tracker-backend\.venv\Lib\site-packages\sqlalchemy\engine\base.py", line 146, in __init__
    Connection._handle_dbapi_exception_noconnection(
    ~~~~~~~~~~~~~~~~~~~~~~~~~~~~~~~~~~~~~~~~~~~~~~~^
        err, dialect, engine
        ^^^^^^^^^^^^^^^^^^^^
    )
    ^
  File "D:\Driver C\Desktop\fullstack-internship\backend\job-tracker-backend\.venv\Lib\site-packages\sqlalchemy\engine\base.py", line 2450, in _handle_dbapi_exception_noconnection
    raise sqlalchemy_exception.with_traceback(exc_info[2]) from e
  File "D:\Driver C\Desktop\fullstack-internship\backend\job-tracker-backend\.venv\Lib\site-packages\sqlalchemy\engine\base.py", line 144, in __init__
    self._dbapi_connection = engine.raw_connection()
                             ~~~~~~~~~~~~~~~~~~~~~^^
  File "D:\Driver C\Desktop\fullstack-internship\backend\job-tracker-backend\.venv\Lib\site-packages\sqlalchemy\engine\base.py", line 3319, in raw_connection
    return self.pool.connect()
           ~~~~~~~~~~~~~~~~~^^
  File "D:\Driver C\Desktop\fullstack-internship\backend\job-tracker-backend\.venv\Lib\site-packages\sqlalchemy\pool\base.py", line 448, in connect
    return _ConnectionFairy._checkout(self)
           ~~~~~~~~~~~~~~~~~~~~~~~~~~^^^^^^
  File "D:\Driver C\Desktop\fullstack-internship\backend\job-tracker-backend\.venv\Lib\site-packages\sqlalchemy\pool\base.py", line 1272, in _checkout
    fairy = _ConnectionRecord.checkout(pool)
  File "D:\Driver C\Desktop\fullstack-internship\backend\job-tracker-backend\.venv\Lib\site-packages\sqlalchemy\pool\base.py", line 712, in checkout
    rec = pool._do_get()
  File "D:\Driver C\Desktop\fullstack-internship\backend\job-tracker-backend\.venv\Lib\site-packages\sqlalchemy\pool\impl.py", line 178, in _do_get
    with util.safe_reraise():
         ~~~~~~~~~~~~~~~~~^^
  File "D:\Driver C\Desktop\fullstack-internship\backend\job-tracker-backend\.venv\Lib\site-packages\sqlalchemy\util\langhelpers.py", line 122, in __exit__
    raise exc_value.with_traceback(exc_tb)
  File "D:\Driver C\Desktop\fullstack-internship\backend\job-tracker-backend\.venv\Lib\site-packages\sqlalchemy\pool\impl.py", line 176, in _do_get
    return self._create_connection()
           ~~~~~~~~~~~~~~~~~~~~~~~^^
  File "D:\Driver C\Desktop\fullstack-internship\backend\job-tracker-backend\.venv\Lib\site-packages\sqlalchemy\pool\base.py", line 389, in _create_connection
    return _ConnectionRecord(self)
  File "D:\Driver C\Desktop\fullstack-internship\backend\job-tracker-backend\.venv\Lib\site-packages\sqlalchemy\pool\base.py", line 674, in __init__
    self.__connect()
    ~~~~~~~~~~~~~~^^
  File "D:\Driver C\Desktop\fullstack-internship\backend\job-tracker-backend\.venv\Lib\site-packages\sqlalchemy\pool\base.py", line 900, in __connect
    with util.safe_reraise():
         ~~~~~~~~~~~~~~~~~^^
  File "D:\Driver C\Desktop\fullstack-internship\backend\job-tracker-backend\.venv\Lib\site-packages\sqlalchemy\util\langhelpers.py", line 122, in __exit__
    raise exc_value.with_traceback(exc_tb)
  File "D:\Driver C\Desktop\fullstack-internship\backend\job-tracker-backend\.venv\Lib\site-packages\sqlalchemy\pool\base.py", line 896, in __connect
    self.dbapi_connection = connection = pool._invoke_creator(self)
                                         ~~~~~~~~~~~~~~~~~~~~^^^^^^
  File "D:\Driver C\Desktop\fullstack-internship\backend\job-tracker-backend\.venv\Lib\site-packages\sqlalchemy\engine\create.py", line 667, in connect
    return dialect.connect(*cargs_tup, **cparams)
           ~~~~~~~~~~~~~~~^^^^^^^^^^^^^^^^^^^^^^^
  File "D:\Driver C\Desktop\fullstack-internship\backend\job-tracker-backend\.venv\Lib\site-packages\sqlalchemy\engine\default.py", line 630, in connect
    return self.loaded_dbapi.connect(*cargs, **cparams)  # type: ignore[no-any-return]  # NOQA: E501
           ~~~~~~~~~~~~~~~~~~~~~~~~~^^^^^^^^^^^^^^^^^^^
  File "D:\Driver C\Desktop\fullstack-internship\backend\job-tracker-backend\.venv\Lib\site-packages\psycopg2\__init__.py", line 135, in connect
    conn = _connect(dsn, connection_factory=connection_factory, **kwasync)
sqlalchemy.exc.OperationalError: (psycopg2.OperationalError) connection to server at "localhost" (::1), port 5432 failed: FATAL:  password authentication failed for user "postgres"

(Background on this error at: https://sqlalche.me/e/20/e3q8)
INFO:     127.0.0.1:57203 - "POST /graphql HTTP/1.1" 200 OK
INFO:     127.0.0.1:57207 - "OPTIONS /graphql HTTP/1.1" 200 OK
INFO:     127.0.0.1:57206 - "OPTIONS /graphql HTTP/1.1" 200 OK
(psycopg2.OperationalError) connection to server at "localhost" (::1), port 5432 failed: FATAL:  password authentication failed for user "postgres"

(Background on this error at: https://sqlalche.me/e/20/e3q8)

GraphQL request:2:3
1 | mutation LoginUser($userInput: UserLogin!) {
2 |   loginUser(userInput: $userInput) {
  |   ^
3 |     accessToken
Traceback (most recent call last):
  File "D:\Driver C\Desktop\fullstack-internship\backend\job-tracker-backend\.venv\Lib\site-packages\sqlalchemy\engine\base.py", line 144, in __init__
    self._dbapi_connection = engine.raw_connection()
                             ~~~~~~~~~~~~~~~~~~~~~^^
  File "D:\Driver C\Desktop\fullstack-internship\backend\job-tracker-backend\.venv\Lib\site-packages\sqlalchemy\engine\base.py", line 3319, in raw_connection
    return self.pool.connect()
           ~~~~~~~~~~~~~~~~~^^
  File "D:\Driver C\Desktop\fullstack-internship\backend\job-tracker-backend\.venv\Lib\site-packages\sqlalchemy\pool\base.py", line 448, in connect
    return _ConnectionFairy._checkout(self)
           ~~~~~~~~~~~~~~~~~~~~~~~~~~^^^^^^
  File "D:\Driver C\Desktop\fullstack-internship\backend\job-tracker-backend\.venv\Lib\site-packages\sqlalchemy\pool\base.py", line 1272, in _checkout
    fairy = _ConnectionRecord.checkout(pool)
  File "D:\Driver C\Desktop\fullstack-internship\backend\job-tracker-backend\.venv\Lib\site-packages\sqlalchemy\pool\base.py", line 712, in checkout
    rec = pool._do_get()
  File "D:\Driver C\Desktop\fullstack-internship\backend\job-tracker-backend\.venv\Lib\site-packages\sqlalchemy\pool\impl.py", line 178, in _do_get
    with util.safe_reraise():
         ~~~~~~~~~~~~~~~~~^^
  File "D:\Driver C\Desktop\fullstack-internship\backend\job-tracker-backend\.venv\Lib\site-packages\sqlalchemy\util\langhelpers.py", line 122, in __exit__
    raise exc_value.with_traceback(exc_tb)
  File "D:\Driver C\Desktop\fullstack-internship\backend\job-tracker-backend\.venv\Lib\site-packages\sqlalchemy\pool\impl.py", line 176, in _do_get
    return self._create_connection()
           ~~~~~~~~~~~~~~~~~~~~~~~^^
  File "D:\Driver C\Desktop\fullstack-internship\backend\job-tracker-backend\.venv\Lib\site-packages\sqlalchemy\pool\base.py", line 389, in _create_connection
    return _ConnectionRecord(self)
  File "D:\Driver C\Desktop\fullstack-internship\backend\job-tracker-backend\.venv\Lib\site-packages\sqlalchemy\pool\base.py", line 674, in __init__
    self.__connect()
    ~~~~~~~~~~~~~~^^
  File "D:\Driver C\Desktop\fullstack-internship\backend\job-tracker-backend\.venv\Lib\site-packages\sqlalchemy\pool\base.py", line 900, in __connect
    with util.safe_reraise():
         ~~~~~~~~~~~~~~~~~^^
  File "D:\Driver C\Desktop\fullstack-internship\backend\job-tracker-backend\.venv\Lib\site-packages\sqlalchemy\util\langhelpers.py", line 122, in __exit__
    raise exc_value.with_traceback(exc_tb)
  File "D:\Driver C\Desktop\fullstack-internship\backend\job-tracker-backend\.venv\Lib\site-packages\sqlalchemy\pool\base.py", line 896, in __connect
    self.dbapi_connection = connection = pool._invoke_creator(self)
                                         ~~~~~~~~~~~~~~~~~~~~^^^^^^
  File "D:\Driver C\Desktop\fullstack-internship\backend\job-tracker-backend\.venv\Lib\site-packages\sqlalchemy\engine\create.py", line 667, in connect
    return dialect.connect(*cargs_tup, **cparams)
           ~~~~~~~~~~~~~~~^^^^^^^^^^^^^^^^^^^^^^^
  File "D:\Driver C\Desktop\fullstack-internship\backend\job-tracker-backend\.venv\Lib\site-packages\sqlalchemy\engine\default.py", line 630, in connect
    return self.loaded_dbapi.connect(*cargs, **cparams)  # type: ignore[no-any-return]  # NOQA: E501
           ~~~~~~~~~~~~~~~~~~~~~~~~~^^^^^^^^^^^^^^^^^^^
  File "D:\Driver C\Desktop\fullstack-internship\backend\job-tracker-backend\.venv\Lib\site-packages\psycopg2\__init__.py", line 135, in connect
    conn = _connect(dsn, connection_factory=connection_factory, **kwasync)
psycopg2.OperationalError: connection to server at "localhost" (::1), port 5432 failed: FATAL:  password authentication failed for user "postgres"


The above exception was the direct cause of the following exception:

Traceback (most recent call last):
  File "D:\Driver C\Desktop\fullstack-internship\backend\job-tracker-backend\.venv\Lib\site-packages\graphql\execution\execute.py", line 562, in execute_field
    result = resolve_fn(source, info, **args)
  File "D:\Driver C\Desktop\fullstack-internship\backend\job-tracker-backend\.venv\Lib\site-packages\strawberry\schema\schema_converter.py", line 1049, in _resolver
    return _get_result_with_extensions(
        _source,
        strawberry_info,
        **kwargs,
    )
  File "D:\Driver C\Desktop\fullstack-internship\backend\job-tracker-backend\.venv\Lib\site-packages\strawberry\schema\schema_converter.py", line 1035, in extension_resolver
    return reduce(
           ~~~~~~~
    ...<2 lines>...
        wrapped_get_result,
        ~~~~~~~~~~~~~~~~~~~
    )(_source, info, **field_kwargs)
    ~^^^^^^^^^^^^^^^^^^^^^^^^^^^^^^^
  File "D:\Driver C\Desktop\fullstack-internship\backend\job-tracker-backend\.venv\Lib\site-packages\strawberry\schema\schema_converter.py", line 1027, in wrapped_get_result
    return _get_result(
        _source,
    ...<2 lines>...
        field_kwargs=kwargs,
    )
  File "D:\Driver C\Desktop\fullstack-internship\backend\job-tracker-backend\.venv\Lib\site-packages\strawberry\schema\schema_converter.py", line 913, in _get_result
    return field.get_result(
           ~~~~~~~~~~~~~~~~^
        _source, info=info, args=field_args, kwargs=field_kwargs
        ^^^^^^^^^^^^^^^^^^^^^^^^^^^^^^^^^^^^^^^^^^^^^^^^^^^^^^^^
    )
    ^
  File "D:\Driver C\Desktop\fullstack-internship\backend\job-tracker-backend\.venv\Lib\site-packages\strawberry\types\field.py", line 232, in get_result
    return self.base_resolver(*args, **kwargs)
           ~~~~~~~~~~~~~~~~~~^^^^^^^^^^^^^^^^^
  File "D:\Driver C\Desktop\fullstack-internship\backend\job-tracker-backend\.venv\Lib\site-packages\strawberry\types\fields\resolver.py", line 238, in __call__
    return self.wrapped_func(*args, **kwargs)
           ~~~~~~~~~~~~~~~~~^^^^^^^^^^^^^^^^^
  File "D:\Driver C\Desktop\fullstack-internship\backend\job-tracker-backend\auth.py", line 10, in login_user
    user = db.query(models.User).filter(user_input.email == models.User.email).first()
  File "D:\Driver C\Desktop\fullstack-internship\backend\job-tracker-backend\.venv\Lib\site-packages\sqlalchemy\orm\query.py", line 2766, in first
    return self.limit(1)._iter().first()  # type: ignore
           ~~~~~~~~~~~~~~~~~~~^^
  File "D:\Driver C\Desktop\fullstack-internship\backend\job-tracker-backend\.venv\Lib\site-packages\sqlalchemy\orm\query.py", line 2864, in _iter
    result: Union[ScalarResult[_T], Result[_T]] = self.session.execute(
                                                  ~~~~~~~~~~~~~~~~~~~~^
        statement,
        ^^^^^^^^^^
        params,
        ^^^^^^^
        execution_options={"_sa_orm_load_options": self.load_options},
        ^^^^^^^^^^^^^^^^^^^^^^^^^^^^^^^^^^^^^^^^^^^^^^^^^^^^^^^^^^^^^^
    )
    ^
  File "D:\Driver C\Desktop\fullstack-internship\backend\job-tracker-backend\.venv\Lib\site-packages\sqlalchemy\orm\session.py", line 2373, in execute
    return self._execute_internal(
           ~~~~~~~~~~~~~~~~~~~~~~^
        statement,
        ^^^^^^^^^^
    ...<4 lines>...
        _add_event=_add_event,
        ^^^^^^^^^^^^^^^^^^^^^^
    )
    ^
  File "D:\Driver C\Desktop\fullstack-internship\backend\job-tracker-backend\.venv\Lib\site-packages\sqlalchemy\orm\session.py", line 2261, in _execute_internal
    conn = self._connection_for_bind(bind)
  File "D:\Driver C\Desktop\fullstack-internship\backend\job-tracker-backend\.venv\Lib\site-packages\sqlalchemy\orm\session.py", line 2113, in _connection_for_bind
    return trans._connection_for_bind(engine, execution_options)
           ~~~~~~~~~~~~~~~~~~~~~~~~~~^^^^^^^^^^^^^^^^^^^^^^^^^^^
  File "<string>", line 2, in _connection_for_bind
  File "D:\Driver C\Desktop\fullstack-internship\backend\job-tracker-backend\.venv\Lib\site-packages\sqlalchemy\orm\state_changes.py", line 137, in _go
    ret_value = fn(self, *arg, **kw)
  File "D:\Driver C\Desktop\fullstack-internship\backend\job-tracker-backend\.venv\Lib\site-packages\sqlalchemy\orm\session.py", line 1191, in _connection_for_bind
    conn = bind.connect()
  File "D:\Driver C\Desktop\fullstack-internship\backend\job-tracker-backend\.venv\Lib\site-packages\sqlalchemy\engine\base.py", line 3295, in connect
    return self._connection_cls(self)
           ~~~~~~~~~~~~~~~~~~~~^^^^^^
  File "D:\Driver C\Desktop\fullstack-internship\backend\job-tracker-backend\.venv\Lib\site-packages\sqlalchemy\engine\base.py", line 146, in __init__
    Connection._handle_dbapi_exception_noconnection(
    ~~~~~~~~~~~~~~~~~~~~~~~~~~~~~~~~~~~~~~~~~~~~~~~^
        err, dialect, engine
        ^^^^^^^^^^^^^^^^^^^^
    )
    ^
  File "D:\Driver C\Desktop\fullstack-internship\backend\job-tracker-backend\.venv\Lib\site-packages\sqlalchemy\engine\base.py", line 2450, in _handle_dbapi_exception_noconnection
    raise sqlalchemy_exception.with_traceback(exc_info[2]) from e
  File "D:\Driver C\Desktop\fullstack-internship\backend\job-tracker-backend\.venv\Lib\site-packages\sqlalchemy\engine\base.py", line 144, in __init__
    self._dbapi_connection = engine.raw_connection()
                             ~~~~~~~~~~~~~~~~~~~~~^^
  File "D:\Driver C\Desktop\fullstack-internship\backend\job-tracker-backend\.venv\Lib\site-packages\sqlalchemy\engine\base.py", line 3319, in raw_connection
    return self.pool.connect()
           ~~~~~~~~~~~~~~~~~^^
  File "D:\Driver C\Desktop\fullstack-internship\backend\job-tracker-backend\.venv\Lib\site-packages\sqlalchemy\pool\base.py", line 448, in connect
    return _ConnectionFairy._checkout(self)
           ~~~~~~~~~~~~~~~~~~~~~~~~~~^^^^^^
  File "D:\Driver C\Desktop\fullstack-internship\backend\job-tracker-backend\.venv\Lib\site-packages\sqlalchemy\pool\base.py", line 1272, in _checkout
    fairy = _ConnectionRecord.checkout(pool)
  File "D:\Driver C\Desktop\fullstack-internship\backend\job-tracker-backend\.venv\Lib\site-packages\sqlalchemy\pool\base.py", line 712, in checkout
    rec = pool._do_get()
  File "D:\Driver C\Desktop\fullstack-internship\backend\job-tracker-backend\.venv\Lib\site-packages\sqlalchemy\pool\impl.py", line 178, in _do_get
    with util.safe_reraise():
         ~~~~~~~~~~~~~~~~~^^
  File "D:\Driver C\Desktop\fullstack-internship\backend\job-tracker-backend\.venv\Lib\site-packages\sqlalchemy\util\langhelpers.py", line 122, in __exit__
    raise exc_value.with_traceback(exc_tb)
  File "D:\Driver C\Desktop\fullstack-internship\backend\job-tracker-backend\.venv\Lib\site-packages\sqlalchemy\pool\impl.py", line 176, in _do_get
    return self._create_connection()
           ~~~~~~~~~~~~~~~~~~~~~~~^^
  File "D:\Driver C\Desktop\fullstack-internship\backend\job-tracker-backend\.venv\Lib\site-packages\sqlalchemy\pool\base.py", line 389, in _create_connection
    return _ConnectionRecord(self)
  File "D:\Driver C\Desktop\fullstack-internship\backend\job-tracker-backend\.venv\Lib\site-packages\sqlalchemy\pool\base.py", line 674, in __init__
    self.__connect()
    ~~~~~~~~~~~~~~^^
  File "D:\Driver C\Desktop\fullstack-internship\backend\job-tracker-backend\.venv\Lib\site-packages\sqlalchemy\pool\base.py", line 900, in __connect
    with util.safe_reraise():
         ~~~~~~~~~~~~~~~~~^^
  File "D:\Driver C\Desktop\fullstack-internship\backend\job-tracker-backend\.venv\Lib\site-packages\sqlalchemy\util\langhelpers.py", line 122, in __exit__
    raise exc_value.with_traceback(exc_tb)
  File "D:\Driver C\Desktop\fullstack-internship\backend\job-tracker-backend\.venv\Lib\site-packages\sqlalchemy\pool\base.py", line 896, in __connect
    self.dbapi_connection = connection = pool._invoke_creator(self)
                                         ~~~~~~~~~~~~~~~~~~~~^^^^^^
  File "D:\Driver C\Desktop\fullstack-internship\backend\job-tracker-backend\.venv\Lib\site-packages\sqlalchemy\engine\create.py", line 667, in connect
    return dialect.connect(*cargs_tup, **cparams)
           ~~~~~~~~~~~~~~~^^^^^^^^^^^^^^^^^^^^^^^
  File "D:\Driver C\Desktop\fullstack-internship\backend\job-tracker-backend\.venv\Lib\site-packages\sqlalchemy\engine\default.py", line 630, in connect
    return self.loaded_dbapi.connect(*cargs, **cparams)  # type: ignore[no-any-return]  # NOQA: E501
           ~~~~~~~~~~~~~~~~~~~~~~~~~^^^^^^^^^^^^^^^^^^^
  File "D:\Driver C\Desktop\fullstack-internship\backend\job-tracker-backend\.venv\Lib\site-packages\psycopg2\__init__.py", line 135, in connect
    conn = _connect(dsn, connection_factory=connection_factory, **kwasync)
sqlalchemy.exc.OperationalError: (psycopg2.OperationalError) connection to server at "localhost" (::1), port 5432 failed: FATAL:  password authentication failed for user "postgres"

(Background on this error at: https://sqlalche.me/e/20/e3q8)
INFO:     127.0.0.1:57203 - "POST /graphql HTTP/1.1" 200 OK
(psycopg2.OperationalError) connection to server at "localhost" (::1), port 5432 failed: FATAL:  password authentication failed for user "postgres"

(Background on this error at: https://sqlalche.me/e/20/e3q8)

GraphQL request:2:3
1 | mutation LoginUser($userInput: UserLogin!) {
2 |   loginUser(userInput: $userInput) {
  |   ^
3 |     accessToken
Traceback (most recent call last):
  File "D:\Driver C\Desktop\fullstack-internship\backend\job-tracker-backend\.venv\Lib\site-packages\sqlalchemy\engine\base.py", line 144, in __init__
    self._dbapi_connection = engine.raw_connection()
                             ~~~~~~~~~~~~~~~~~~~~~^^
  File "D:\Driver C\Desktop\fullstack-internship\backend\job-tracker-backend\.venv\Lib\site-packages\sqlalchemy\engine\base.py", line 3319, in raw_connection
    return self.pool.connect()
           ~~~~~~~~~~~~~~~~~^^
  File "D:\Driver C\Desktop\fullstack-internship\backend\job-tracker-backend\.venv\Lib\site-packages\sqlalchemy\pool\base.py", line 448, in connect
    return _ConnectionFairy._checkout(self)
           ~~~~~~~~~~~~~~~~~~~~~~~~~~^^^^^^
  File "D:\Driver C\Desktop\fullstack-internship\backend\job-tracker-backend\.venv\Lib\site-packages\sqlalchemy\pool\base.py", line 1272, in _checkout
    fairy = _ConnectionRecord.checkout(pool)
  File "D:\Driver C\Desktop\fullstack-internship\backend\job-tracker-backend\.venv\Lib\site-packages\sqlalchemy\pool\base.py", line 712, in checkout
    rec = pool._do_get()
  File "D:\Driver C\Desktop\fullstack-internship\backend\job-tracker-backend\.venv\Lib\site-packages\sqlalchemy\pool\impl.py", line 178, in _do_get
    with util.safe_reraise():
         ~~~~~~~~~~~~~~~~~^^
  File "D:\Driver C\Desktop\fullstack-internship\backend\job-tracker-backend\.venv\Lib\site-packages\sqlalchemy\util\langhelpers.py", line 122, in __exit__
    raise exc_value.with_traceback(exc_tb)
  File "D:\Driver C\Desktop\fullstack-internship\backend\job-tracker-backend\.venv\Lib\site-packages\sqlalchemy\pool\impl.py", line 176, in _do_get
    return self._create_connection()
           ~~~~~~~~~~~~~~~~~~~~~~~^^
  File "D:\Driver C\Desktop\fullstack-internship\backend\job-tracker-backend\.venv\Lib\site-packages\sqlalchemy\pool\base.py", line 389, in _create_connection
    return _ConnectionRecord(self)
  File "D:\Driver C\Desktop\fullstack-internship\backend\job-tracker-backend\.venv\Lib\site-packages\sqlalchemy\pool\base.py", line 674, in __init__
    self.__connect()
    ~~~~~~~~~~~~~~^^
  File "D:\Driver C\Desktop\fullstack-internship\backend\job-tracker-backend\.venv\Lib\site-packages\sqlalchemy\pool\base.py", line 900, in __connect
    with util.safe_reraise():
         ~~~~~~~~~~~~~~~~~^^
  File "D:\Driver C\Desktop\fullstack-internship\backend\job-tracker-backend\.venv\Lib\site-packages\sqlalchemy\util\langhelpers.py", line 122, in __exit__
    raise exc_value.with_traceback(exc_tb)
  File "D:\Driver C\Desktop\fullstack-internship\backend\job-tracker-backend\.venv\Lib\site-packages\sqlalchemy\pool\base.py", line 896, in __connect
    self.dbapi_connection = connection = pool._invoke_creator(self)
                                         ~~~~~~~~~~~~~~~~~~~~^^^^^^
  File "D:\Driver C\Desktop\fullstack-internship\backend\job-tracker-backend\.venv\Lib\site-packages\sqlalchemy\engine\create.py", line 667, in connect
    return dialect.connect(*cargs_tup, **cparams)
           ~~~~~~~~~~~~~~~^^^^^^^^^^^^^^^^^^^^^^^
  File "D:\Driver C\Desktop\fullstack-internship\backend\job-tracker-backend\.venv\Lib\site-packages\sqlalchemy\engine\default.py", line 630, in connect
    return self.loaded_dbapi.connect(*cargs, **cparams)  # type: ignore[no-any-return]  # NOQA: E501
           ~~~~~~~~~~~~~~~~~~~~~~~~~^^^^^^^^^^^^^^^^^^^
  File "D:\Driver C\Desktop\fullstack-internship\backend\job-tracker-backend\.venv\Lib\site-packages\psycopg2\__init__.py", line 135, in connect
    conn = _connect(dsn, connection_factory=connection_factory, **kwasync)
psycopg2.OperationalError: connection to server at "localhost" (::1), port 5432 failed: FATAL:  password authentication failed for user "postgres"


The above exception was the direct cause of the following exception:

Traceback (most recent call last):
  File "D:\Driver C\Desktop\fullstack-internship\backend\job-tracker-backend\.venv\Lib\site-packages\graphql\execution\execute.py", line 562, in execute_field
    result = resolve_fn(source, info, **args)
  File "D:\Driver C\Desktop\fullstack-internship\backend\job-tracker-backend\.venv\Lib\site-packages\strawberry\schema\schema_converter.py", line 1049, in _resolver
    return _get_result_with_extensions(
        _source,
        strawberry_info,
        **kwargs,
    )
  File "D:\Driver C\Desktop\fullstack-internship\backend\job-tracker-backend\.venv\Lib\site-packages\strawberry\schema\schema_converter.py", line 1035, in extension_resolver
    return reduce(
           ~~~~~~~
    ...<2 lines>...
        wrapped_get_result,
        ~~~~~~~~~~~~~~~~~~~
    )(_source, info, **field_kwargs)
    ~^^^^^^^^^^^^^^^^^^^^^^^^^^^^^^^
  File "D:\Driver C\Desktop\fullstack-internship\backend\job-tracker-backend\.venv\Lib\site-packages\strawberry\schema\schema_converter.py", line 1027, in wrapped_get_result
    return _get_result(
        _source,
    ...<2 lines>...
        field_kwargs=kwargs,
    )
  File "D:\Driver C\Desktop\fullstack-internship\backend\job-tracker-backend\.venv\Lib\site-packages\strawberry\schema\schema_converter.py", line 913, in _get_result
    return field.get_result(
           ~~~~~~~~~~~~~~~~^
        _source, info=info, args=field_args, kwargs=field_kwargs
        ^^^^^^^^^^^^^^^^^^^^^^^^^^^^^^^^^^^^^^^^^^^^^^^^^^^^^^^^
    )
    ^
  File "D:\Driver C\Desktop\fullstack-internship\backend\job-tracker-backend\.venv\Lib\site-packages\strawberry\types\field.py", line 232, in get_result
    return self.base_resolver(*args, **kwargs)
           ~~~~~~~~~~~~~~~~~~^^^^^^^^^^^^^^^^^
  File "D:\Driver C\Desktop\fullstack-internship\backend\job-tracker-backend\.venv\Lib\site-packages\strawberry\types\fields\resolver.py", line 238, in __call__
    return self.wrapped_func(*args, **kwargs)
           ~~~~~~~~~~~~~~~~~^^^^^^^^^^^^^^^^^
  File "D:\Driver C\Desktop\fullstack-internship\backend\job-tracker-backend\auth.py", line 10, in login_user
    user = db.query(models.User).filter(user_input.email == models.User.email).first()
  File "D:\Driver C\Desktop\fullstack-internship\backend\job-tracker-backend\.venv\Lib\site-packages\sqlalchemy\orm\query.py", line 2766, in first
    return self.limit(1)._iter().first()  # type: ignore
           ~~~~~~~~~~~~~~~~~~~^^
  File "D:\Driver C\Desktop\fullstack-internship\backend\job-tracker-backend\.venv\Lib\site-packages\sqlalchemy\orm\query.py", line 2864, in _iter
    result: Union[ScalarResult[_T], Result[_T]] = self.session.execute(
                                                  ~~~~~~~~~~~~~~~~~~~~^
        statement,
        ^^^^^^^^^^
        params,
        ^^^^^^^
        execution_options={"_sa_orm_load_options": self.load_options},
        ^^^^^^^^^^^^^^^^^^^^^^^^^^^^^^^^^^^^^^^^^^^^^^^^^^^^^^^^^^^^^^
    )
    ^
  File "D:\Driver C\Desktop\fullstack-internship\backend\job-tracker-backend\.venv\Lib\site-packages\sqlalchemy\orm\session.py", line 2373, in execute
    return self._execute_internal(
           ~~~~~~~~~~~~~~~~~~~~~~^
        statement,
        ^^^^^^^^^^
    ...<4 lines>...
        _add_event=_add_event,
        ^^^^^^^^^^^^^^^^^^^^^^
    )
    ^
  File "D:\Driver C\Desktop\fullstack-internship\backend\job-tracker-backend\.venv\Lib\site-packages\sqlalchemy\orm\session.py", line 2261, in _execute_internal
    conn = self._connection_for_bind(bind)
  File "D:\Driver C\Desktop\fullstack-internship\backend\job-tracker-backend\.venv\Lib\site-packages\sqlalchemy\orm\session.py", line 2113, in _connection_for_bind
    return trans._connection_for_bind(engine, execution_options)
           ~~~~~~~~~~~~~~~~~~~~~~~~~~^^^^^^^^^^^^^^^^^^^^^^^^^^^
  File "<string>", line 2, in _connection_for_bind
  File "D:\Driver C\Desktop\fullstack-internship\backend\job-tracker-backend\.venv\Lib\site-packages\sqlalchemy\orm\state_changes.py", line 137, in _go
    ret_value = fn(self, *arg, **kw)
  File "D:\Driver C\Desktop\fullstack-internship\backend\job-tracker-backend\.venv\Lib\site-packages\sqlalchemy\orm\session.py", line 1191, in _connection_for_bind
    conn = bind.connect()
  File "D:\Driver C\Desktop\fullstack-internship\backend\job-tracker-backend\.venv\Lib\site-packages\sqlalchemy\engine\base.py", line 3295, in connect
    return self._connection_cls(self)
           ~~~~~~~~~~~~~~~~~~~~^^^^^^
  File "D:\Driver C\Desktop\fullstack-internship\backend\job-tracker-backend\.venv\Lib\site-packages\sqlalchemy\engine\base.py", line 146, in __init__
    Connection._handle_dbapi_exception_noconnection(
    ~~~~~~~~~~~~~~~~~~~~~~~~~~~~~~~~~~~~~~~~~~~~~~~^
        err, dialect, engine
        ^^^^^^^^^^^^^^^^^^^^
    )
    ^
  File "D:\Driver C\Desktop\fullstack-internship\backend\job-tracker-backend\.venv\Lib\site-packages\sqlalchemy\engine\base.py", line 2450, in _handle_dbapi_exception_noconnection
    raise sqlalchemy_exception.with_traceback(exc_info[2]) from e
  File "D:\Driver C\Desktop\fullstack-internship\backend\job-tracker-backend\.venv\Lib\site-packages\sqlalchemy\engine\base.py", line 144, in __init__
    self._dbapi_connection = engine.raw_connection()
                             ~~~~~~~~~~~~~~~~~~~~~^^
  File "D:\Driver C\Desktop\fullstack-internship\backend\job-tracker-backend\.venv\Lib\site-packages\sqlalchemy\engine\base.py", line 3319, in raw_connection
    return self.pool.connect()
           ~~~~~~~~~~~~~~~~~^^
  File "D:\Driver C\Desktop\fullstack-internship\backend\job-tracker-backend\.venv\Lib\site-packages\sqlalchemy\pool\base.py", line 448, in connect
    return _ConnectionFairy._checkout(self)
           ~~~~~~~~~~~~~~~~~~~~~~~~~~^^^^^^
  File "D:\Driver C\Desktop\fullstack-internship\backend\job-tracker-backend\.venv\Lib\site-packages\sqlalchemy\pool\base.py", line 1272, in _checkout
    fairy = _ConnectionRecord.checkout(pool)
  File "D:\Driver C\Desktop\fullstack-internship\backend\job-tracker-backend\.venv\Lib\site-packages\sqlalchemy\pool\base.py", line 712, in checkout
    rec = pool._do_get()
  File "D:\Driver C\Desktop\fullstack-internship\backend\job-tracker-backend\.venv\Lib\site-packages\sqlalchemy\pool\impl.py", line 178, in _do_get
    with util.safe_reraise():
         ~~~~~~~~~~~~~~~~~^^
  File "D:\Driver C\Desktop\fullstack-internship\backend\job-tracker-backend\.venv\Lib\site-packages\sqlalchemy\util\langhelpers.py", line 122, in __exit__
    raise exc_value.with_traceback(exc_tb)
  File "D:\Driver C\Desktop\fullstack-internship\backend\job-tracker-backend\.venv\Lib\site-packages\sqlalchemy\pool\impl.py", line 176, in _do_get
    return self._create_connection()
           ~~~~~~~~~~~~~~~~~~~~~~~^^
  File "D:\Driver C\Desktop\fullstack-internship\backend\job-tracker-backend\.venv\Lib\site-packages\sqlalchemy\pool\base.py", line 389, in _create_connection
    return _ConnectionRecord(self)
  File "D:\Driver C\Desktop\fullstack-internship\backend\job-tracker-backend\.venv\Lib\site-packages\sqlalchemy\pool\base.py", line 674, in __init__
    self.__connect()
    ~~~~~~~~~~~~~~^^
  File "D:\Driver C\Desktop\fullstack-internship\backend\job-tracker-backend\.venv\Lib\site-packages\sqlalchemy\pool\base.py", line 900, in __connect
    with util.safe_reraise():
         ~~~~~~~~~~~~~~~~~^^
  File "D:\Driver C\Desktop\fullstack-internship\backend\job-tracker-backend\.venv\Lib\site-packages\sqlalchemy\util\langhelpers.py", line 122, in __exit__
    raise exc_value.with_traceback(exc_tb)
  File "D:\Driver C\Desktop\fullstack-internship\backend\job-tracker-backend\.venv\Lib\site-packages\sqlalchemy\pool\base.py", line 896, in __connect
    self.dbapi_connection = connection = pool._invoke_creator(self)
                                         ~~~~~~~~~~~~~~~~~~~~^^^^^^
  File "D:\Driver C\Desktop\fullstack-internship\backend\job-tracker-backend\.venv\Lib\site-packages\sqlalchemy\engine\create.py", line 667, in connect
    return dialect.connect(*cargs_tup, **cparams)
           ~~~~~~~~~~~~~~~^^^^^^^^^^^^^^^^^^^^^^^
  File "D:\Driver C\Desktop\fullstack-internship\backend\job-tracker-backend\.venv\Lib\site-packages\sqlalchemy\engine\default.py", line 630, in connect
    return self.loaded_dbapi.connect(*cargs, **cparams)  # type: ignore[no-any-return]  # NOQA: E501
           ~~~~~~~~~~~~~~~~~~~~~~~~~^^^^^^^^^^^^^^^^^^^
  File "D:\Driver C\Desktop\fullstack-internship\backend\job-tracker-backend\.venv\Lib\site-packages\psycopg2\__init__.py", line 135, in connect
    conn = _connect(dsn, connection_factory=connection_factory, **kwasync)
sqlalchemy.exc.OperationalError: (psycopg2.OperationalError) connection to server at "localhost" (::1), port 5432 failed: FATAL:  password authentication failed for user "postgres"

(Background on this error at: https://sqlalche.me/e/20/e3q8)
INFO:     127.0.0.1:57207 - "POST /graphql HTTP/1.1" 200 OK
INFO:     127.0.0.1:57207 - "OPTIONS /graphql HTTP/1.1" 200 OK
(psycopg2.OperationalError) connection to server at "localhost" (::1), port 5432 failed: FATAL:  password authentication failed for user "postgres"

(Background on this error at: https://sqlalche.me/e/20/e3q8)

GraphQL request:2:3
1 | mutation LoginUser($userInput: UserLogin!) {
2 |   loginUser(userInput: $userInput) {
  |   ^
3 |     accessToken
Traceback (most recent call last):
  File "D:\Driver C\Desktop\fullstack-internship\backend\job-tracker-backend\.venv\Lib\site-packages\sqlalchemy\engine\base.py", line 144, in __init__
    self._dbapi_connection = engine.raw_connection()
                             ~~~~~~~~~~~~~~~~~~~~~^^
  File "D:\Driver C\Desktop\fullstack-internship\backend\job-tracker-backend\.venv\Lib\site-packages\sqlalchemy\engine\base.py", line 3319, in raw_connection
    return self.pool.connect()
           ~~~~~~~~~~~~~~~~~^^
  File "D:\Driver C\Desktop\fullstack-internship\backend\job-tracker-backend\.venv\Lib\site-packages\sqlalchemy\pool\base.py", line 448, in connect
    return _ConnectionFairy._checkout(self)
           ~~~~~~~~~~~~~~~~~~~~~~~~~~^^^^^^
  File "D:\Driver C\Desktop\fullstack-internship\backend\job-tracker-backend\.venv\Lib\site-packages\sqlalchemy\pool\base.py", line 1272, in _checkout
    fairy = _ConnectionRecord.checkout(pool)
  File "D:\Driver C\Desktop\fullstack-internship\backend\job-tracker-backend\.venv\Lib\site-packages\sqlalchemy\pool\base.py", line 712, in checkout
    rec = pool._do_get()
  File "D:\Driver C\Desktop\fullstack-internship\backend\job-tracker-backend\.venv\Lib\site-packages\sqlalchemy\pool\impl.py", line 178, in _do_get
    with util.safe_reraise():
         ~~~~~~~~~~~~~~~~~^^
  File "D:\Driver C\Desktop\fullstack-internship\backend\job-tracker-backend\.venv\Lib\site-packages\sqlalchemy\util\langhelpers.py", line 122, in __exit__
    raise exc_value.with_traceback(exc_tb)
  File "D:\Driver C\Desktop\fullstack-internship\backend\job-tracker-backend\.venv\Lib\site-packages\sqlalchemy\pool\impl.py", line 176, in _do_get
    return self._create_connection()
           ~~~~~~~~~~~~~~~~~~~~~~~^^
  File "D:\Driver C\Desktop\fullstack-internship\backend\job-tracker-backend\.venv\Lib\site-packages\sqlalchemy\pool\base.py", line 389, in _create_connection
    return _ConnectionRecord(self)
  File "D:\Driver C\Desktop\fullstack-internship\backend\job-tracker-backend\.venv\Lib\site-packages\sqlalchemy\pool\base.py", line 674, in __init__
    self.__connect()
    ~~~~~~~~~~~~~~^^
  File "D:\Driver C\Desktop\fullstack-internship\backend\job-tracker-backend\.venv\Lib\site-packages\sqlalchemy\pool\base.py", line 900, in __connect
    with util.safe_reraise():
         ~~~~~~~~~~~~~~~~~^^
  File "D:\Driver C\Desktop\fullstack-internship\backend\job-tracker-backend\.venv\Lib\site-packages\sqlalchemy\util\langhelpers.py", line 122, in __exit__
    raise exc_value.with_traceback(exc_tb)
  File "D:\Driver C\Desktop\fullstack-internship\backend\job-tracker-backend\.venv\Lib\site-packages\sqlalchemy\pool\base.py", line 896, in __connect
    self.dbapi_connection = connection = pool._invoke_creator(self)
                                         ~~~~~~~~~~~~~~~~~~~~^^^^^^
  File "D:\Driver C\Desktop\fullstack-internship\backend\job-tracker-backend\.venv\Lib\site-packages\sqlalchemy\engine\create.py", line 667, in connect
    return dialect.connect(*cargs_tup, **cparams)
           ~~~~~~~~~~~~~~~^^^^^^^^^^^^^^^^^^^^^^^
  File "D:\Driver C\Desktop\fullstack-internship\backend\job-tracker-backend\.venv\Lib\site-packages\sqlalchemy\engine\default.py", line 630, in connect
    return self.loaded_dbapi.connect(*cargs, **cparams)  # type: ignore[no-any-return]  # NOQA: E501
           ~~~~~~~~~~~~~~~~~~~~~~~~~^^^^^^^^^^^^^^^^^^^
  File "D:\Driver C\Desktop\fullstack-internship\backend\job-tracker-backend\.venv\Lib\site-packages\psycopg2\__init__.py", line 135, in connect
    conn = _connect(dsn, connection_factory=connection_factory, **kwasync)
psycopg2.OperationalError: connection to server at "localhost" (::1), port 5432 failed: FATAL:  password authentication failed for user "postgres"


The above exception was the direct cause of the following exception:

Traceback (most recent call last):
  File "D:\Driver C\Desktop\fullstack-internship\backend\job-tracker-backend\.venv\Lib\site-packages\graphql\execution\execute.py", line 562, in execute_field
    result = resolve_fn(source, info, **args)
  File "D:\Driver C\Desktop\fullstack-internship\backend\job-tracker-backend\.venv\Lib\site-packages\strawberry\schema\schema_converter.py", line 1049, in _resolver
    return _get_result_with_extensions(
        _source,
        strawberry_info,
        **kwargs,
    )
  File "D:\Driver C\Desktop\fullstack-internship\backend\job-tracker-backend\.venv\Lib\site-packages\strawberry\schema\schema_converter.py", line 1035, in extension_resolver
    return reduce(
           ~~~~~~~
    ...<2 lines>...
        wrapped_get_result,
        ~~~~~~~~~~~~~~~~~~~
    )(_source, info, **field_kwargs)
    ~^^^^^^^^^^^^^^^^^^^^^^^^^^^^^^^
  File "D:\Driver C\Desktop\fullstack-internship\backend\job-tracker-backend\.venv\Lib\site-packages\strawberry\schema\schema_converter.py", line 1027, in wrapped_get_result
    return _get_result(
        _source,
    ...<2 lines>...
        field_kwargs=kwargs,
    )
  File "D:\Driver C\Desktop\fullstack-internship\backend\job-tracker-backend\.venv\Lib\site-packages\strawberry\schema\schema_converter.py", line 913, in _get_result
    return field.get_result(
           ~~~~~~~~~~~~~~~~^
        _source, info=info, args=field_args, kwargs=field_kwargs
        ^^^^^^^^^^^^^^^^^^^^^^^^^^^^^^^^^^^^^^^^^^^^^^^^^^^^^^^^
    )
    ^
  File "D:\Driver C\Desktop\fullstack-internship\backend\job-tracker-backend\.venv\Lib\site-packages\strawberry\types\field.py", line 232, in get_result
    return self.base_resolver(*args, **kwargs)
           ~~~~~~~~~~~~~~~~~~^^^^^^^^^^^^^^^^^
  File "D:\Driver C\Desktop\fullstack-internship\backend\job-tracker-backend\.venv\Lib\site-packages\strawberry\types\fields\resolver.py", line 238, in __call__
    return self.wrapped_func(*args, **kwargs)
           ~~~~~~~~~~~~~~~~~^^^^^^^^^^^^^^^^^
  File "D:\Driver C\Desktop\fullstack-internship\backend\job-tracker-backend\auth.py", line 10, in login_user
    user = db.query(models.User).filter(user_input.email == models.User.email).first()
  File "D:\Driver C\Desktop\fullstack-internship\backend\job-tracker-backend\.venv\Lib\site-packages\sqlalchemy\orm\query.py", line 2766, in first
    return self.limit(1)._iter().first()  # type: ignore
           ~~~~~~~~~~~~~~~~~~~^^
  File "D:\Driver C\Desktop\fullstack-internship\backend\job-tracker-backend\.venv\Lib\site-packages\sqlalchemy\orm\query.py", line 2864, in _iter
    result: Union[ScalarResult[_T], Result[_T]] = self.session.execute(
                                                  ~~~~~~~~~~~~~~~~~~~~^
        statement,
        ^^^^^^^^^^
        params,
        ^^^^^^^
        execution_options={"_sa_orm_load_options": self.load_options},
        ^^^^^^^^^^^^^^^^^^^^^^^^^^^^^^^^^^^^^^^^^^^^^^^^^^^^^^^^^^^^^^
    )
    ^
  File "D:\Driver C\Desktop\fullstack-internship\backend\job-tracker-backend\.venv\Lib\site-packages\sqlalchemy\orm\session.py", line 2373, in execute
    return self._execute_internal(
           ~~~~~~~~~~~~~~~~~~~~~~^
        statement,
        ^^^^^^^^^^
    ...<4 lines>...
        _add_event=_add_event,
        ^^^^^^^^^^^^^^^^^^^^^^
    )
    ^
  File "D:\Driver C\Desktop\fullstack-internship\backend\job-tracker-backend\.venv\Lib\site-packages\sqlalchemy\orm\session.py", line 2261, in _execute_internal
    conn = self._connection_for_bind(bind)
  File "D:\Driver C\Desktop\fullstack-internship\backend\job-tracker-backend\.venv\Lib\site-packages\sqlalchemy\orm\session.py", line 2113, in _connection_for_bind
    return trans._connection_for_bind(engine, execution_options)
           ~~~~~~~~~~~~~~~~~~~~~~~~~~^^^^^^^^^^^^^^^^^^^^^^^^^^^
  File "<string>", line 2, in _connection_for_bind
  File "D:\Driver C\Desktop\fullstack-internship\backend\job-tracker-backend\.venv\Lib\site-packages\sqlalchemy\orm\state_changes.py", line 137, in _go
    ret_value = fn(self, *arg, **kw)
  File "D:\Driver C\Desktop\fullstack-internship\backend\job-tracker-backend\.venv\Lib\site-packages\sqlalchemy\orm\session.py", line 1191, in _connection_for_bind
    conn = bind.connect()
  File "D:\Driver C\Desktop\fullstack-internship\backend\job-tracker-backend\.venv\Lib\site-packages\sqlalchemy\engine\base.py", line 3295, in connect
    return self._connection_cls(self)
           ~~~~~~~~~~~~~~~~~~~~^^^^^^
  File "D:\Driver C\Desktop\fullstack-internship\backend\job-tracker-backend\.venv\Lib\site-packages\sqlalchemy\engine\base.py", line 146, in __init__
    Connection._handle_dbapi_exception_noconnection(
    ~~~~~~~~~~~~~~~~~~~~~~~~~~~~~~~~~~~~~~~~~~~~~~~^
        err, dialect, engine
        ^^^^^^^^^^^^^^^^^^^^
    )
    ^
  File "D:\Driver C\Desktop\fullstack-internship\backend\job-tracker-backend\.venv\Lib\site-packages\sqlalchemy\engine\base.py", line 2450, in _handle_dbapi_exception_noconnection
    raise sqlalchemy_exception.with_traceback(exc_info[2]) from e
  File "D:\Driver C\Desktop\fullstack-internship\backend\job-tracker-backend\.venv\Lib\site-packages\sqlalchemy\engine\base.py", line 144, in __init__
    self._dbapi_connection = engine.raw_connection()
                             ~~~~~~~~~~~~~~~~~~~~~^^
  File "D:\Driver C\Desktop\fullstack-internship\backend\job-tracker-backend\.venv\Lib\site-packages\sqlalchemy\engine\base.py", line 3319, in raw_connection
    return self.pool.connect()
           ~~~~~~~~~~~~~~~~~^^
  File "D:\Driver C\Desktop\fullstack-internship\backend\job-tracker-backend\.venv\Lib\site-packages\sqlalchemy\pool\base.py", line 448, in connect
    return _ConnectionFairy._checkout(self)
           ~~~~~~~~~~~~~~~~~~~~~~~~~~^^^^^^
  File "D:\Driver C\Desktop\fullstack-internship\backend\job-tracker-backend\.venv\Lib\site-packages\sqlalchemy\pool\base.py", line 1272, in _checkout
    fairy = _ConnectionRecord.checkout(pool)
  File "D:\Driver C\Desktop\fullstack-internship\backend\job-tracker-backend\.venv\Lib\site-packages\sqlalchemy\pool\base.py", line 712, in checkout
    rec = pool._do_get()
  File "D:\Driver C\Desktop\fullstack-internship\backend\job-tracker-backend\.venv\Lib\site-packages\sqlalchemy\pool\impl.py", line 178, in _do_get
    with util.safe_reraise():
         ~~~~~~~~~~~~~~~~~^^
  File "D:\Driver C\Desktop\fullstack-internship\backend\job-tracker-backend\.venv\Lib\site-packages\sqlalchemy\util\langhelpers.py", line 122, in __exit__
    raise exc_value.with_traceback(exc_tb)
  File "D:\Driver C\Desktop\fullstack-internship\backend\job-tracker-backend\.venv\Lib\site-packages\sqlalchemy\pool\impl.py", line 176, in _do_get
    return self._create_connection()
           ~~~~~~~~~~~~~~~~~~~~~~~^^
  File "D:\Driver C\Desktop\fullstack-internship\backend\job-tracker-backend\.venv\Lib\site-packages\sqlalchemy\pool\base.py", line 389, in _create_connection
    return _ConnectionRecord(self)
  File "D:\Driver C\Desktop\fullstack-internship\backend\job-tracker-backend\.venv\Lib\site-packages\sqlalchemy\pool\base.py", line 674, in __init__
    self.__connect()
    ~~~~~~~~~~~~~~^^
  File "D:\Driver C\Desktop\fullstack-internship\backend\job-tracker-backend\.venv\Lib\site-packages\sqlalchemy\pool\base.py", line 900, in __connect
    with util.safe_reraise():
         ~~~~~~~~~~~~~~~~~^^
  File "D:\Driver C\Desktop\fullstack-internship\backend\job-tracker-backend\.venv\Lib\site-packages\sqlalchemy\util\langhelpers.py", line 122, in __exit__
    raise exc_value.with_traceback(exc_tb)
  File "D:\Driver C\Desktop\fullstack-internship\backend\job-tracker-backend\.venv\Lib\site-packages\sqlalchemy\pool\base.py", line 896, in __connect
    self.dbapi_connection = connection = pool._invoke_creator(self)
                                         ~~~~~~~~~~~~~~~~~~~~^^^^^^
  File "D:\Driver C\Desktop\fullstack-internship\backend\job-tracker-backend\.venv\Lib\site-packages\sqlalchemy\engine\create.py", line 667, in connect
    return dialect.connect(*cargs_tup, **cparams)
           ~~~~~~~~~~~~~~~^^^^^^^^^^^^^^^^^^^^^^^
  File "D:\Driver C\Desktop\fullstack-internship\backend\job-tracker-backend\.venv\Lib\site-packages\sqlalchemy\engine\default.py", line 630, in connect
    return self.loaded_dbapi.connect(*cargs, **cparams)  # type: ignore[no-any-return]  # NOQA: E501
           ~~~~~~~~~~~~~~~~~~~~~~~~~^^^^^^^^^^^^^^^^^^^
  File "D:\Driver C\Desktop\fullstack-internship\backend\job-tracker-backend\.venv\Lib\site-packages\psycopg2\__init__.py", line 135, in connect
    conn = _connect(dsn, connection_factory=connection_factory, **kwasync)
sqlalchemy.exc.OperationalError: (psycopg2.OperationalError) connection to server at "localhost" (::1), port 5432 failed: FATAL:  password authentication failed for user "postgres"

(Background on this error at: https://sqlalche.me/e/20/e3q8)
INFO:     127.0.0.1:57203 - "POST /graphql HTTP/1.1" 200 OK
INFO:     127.0.0.1:57237 - "OPTIONS /graphql HTTP/1.1" 200 OK
(psycopg2.OperationalError) connection to server at "localhost" (::1), port 5432 failed: FATAL:  password authentication failed for user "postgres"

(Background on this error at: https://sqlalche.me/e/20/e3q8)

GraphQL request:2:3
1 | mutation LoginUser($userInput: UserLogin!) {
2 |   loginUser(userInput: $userInput) {
  |   ^
3 |     accessToken
Traceback (most recent call last):
  File "D:\Driver C\Desktop\fullstack-internship\backend\job-tracker-backend\.venv\Lib\site-packages\sqlalchemy\engine\base.py", line 144, in __init__
    self._dbapi_connection = engine.raw_connection()
                             ~~~~~~~~~~~~~~~~~~~~~^^
  File "D:\Driver C\Desktop\fullstack-internship\backend\job-tracker-backend\.venv\Lib\site-packages\sqlalchemy\engine\base.py", line 3319, in raw_connection
    return self.pool.connect()
           ~~~~~~~~~~~~~~~~~^^
  File "D:\Driver C\Desktop\fullstack-internship\backend\job-tracker-backend\.venv\Lib\site-packages\sqlalchemy\pool\base.py", line 448, in connect
    return _ConnectionFairy._checkout(self)
           ~~~~~~~~~~~~~~~~~~~~~~~~~~^^^^^^
  File "D:\Driver C\Desktop\fullstack-internship\backend\job-tracker-backend\.venv\Lib\site-packages\sqlalchemy\pool\base.py", line 1272, in _checkout
    fairy = _ConnectionRecord.checkout(pool)
  File "D:\Driver C\Desktop\fullstack-internship\backend\job-tracker-backend\.venv\Lib\site-packages\sqlalchemy\pool\base.py", line 712, in checkout
    rec = pool._do_get()
  File "D:\Driver C\Desktop\fullstack-internship\backend\job-tracker-backend\.venv\Lib\site-packages\sqlalchemy\pool\impl.py", line 178, in _do_get
    with util.safe_reraise():
         ~~~~~~~~~~~~~~~~~^^
  File "D:\Driver C\Desktop\fullstack-internship\backend\job-tracker-backend\.venv\Lib\site-packages\sqlalchemy\util\langhelpers.py", line 122, in __exit__
    raise exc_value.with_traceback(exc_tb)
  File "D:\Driver C\Desktop\fullstack-internship\backend\job-tracker-backend\.venv\Lib\site-packages\sqlalchemy\pool\impl.py", line 176, in _do_get
    return self._create_connection()
           ~~~~~~~~~~~~~~~~~~~~~~~^^
  File "D:\Driver C\Desktop\fullstack-internship\backend\job-tracker-backend\.venv\Lib\site-packages\sqlalchemy\pool\base.py", line 389, in _create_connection
    return _ConnectionRecord(self)
  File "D:\Driver C\Desktop\fullstack-internship\backend\job-tracker-backend\.venv\Lib\site-packages\sqlalchemy\pool\base.py", line 674, in __init__
    self.__connect()
    ~~~~~~~~~~~~~~^^
  File "D:\Driver C\Desktop\fullstack-internship\backend\job-tracker-backend\.venv\Lib\site-packages\sqlalchemy\pool\base.py", line 900, in __connect
    with util.safe_reraise():
         ~~~~~~~~~~~~~~~~~^^
  File "D:\Driver C\Desktop\fullstack-internship\backend\job-tracker-backend\.venv\Lib\site-packages\sqlalchemy\util\langhelpers.py", line 122, in __exit__
    raise exc_value.with_traceback(exc_tb)
  File "D:\Driver C\Desktop\fullstack-internship\backend\job-tracker-backend\.venv\Lib\site-packages\sqlalchemy\pool\base.py", line 896, in __connect
    self.dbapi_connection = connection = pool._invoke_creator(self)
                                         ~~~~~~~~~~~~~~~~~~~~^^^^^^
  File "D:\Driver C\Desktop\fullstack-internship\backend\job-tracker-backend\.venv\Lib\site-packages\sqlalchemy\engine\create.py", line 667, in connect
    return dialect.connect(*cargs_tup, **cparams)
           ~~~~~~~~~~~~~~~^^^^^^^^^^^^^^^^^^^^^^^
  File "D:\Driver C\Desktop\fullstack-internship\backend\job-tracker-backend\.venv\Lib\site-packages\sqlalchemy\engine\default.py", line 630, in connect
    return self.loaded_dbapi.connect(*cargs, **cparams)  # type: ignore[no-any-return]  # NOQA: E501
           ~~~~~~~~~~~~~~~~~~~~~~~~~^^^^^^^^^^^^^^^^^^^
  File "D:\Driver C\Desktop\fullstack-internship\backend\job-tracker-backend\.venv\Lib\site-packages\psycopg2\__init__.py", line 135, in connect
    conn = _connect(dsn, connection_factory=connection_factory, **kwasync)
psycopg2.OperationalError: connection to server at "localhost" (::1), port 5432 failed: FATAL:  password authentication failed for user "postgres"


The above exception was the direct cause of the following exception:

Traceback (most recent call last):
  File "D:\Driver C\Desktop\fullstack-internship\backend\job-tracker-backend\.venv\Lib\site-packages\graphql\execution\execute.py", line 562, in execute_field
    result = resolve_fn(source, info, **args)
  File "D:\Driver C\Desktop\fullstack-internship\backend\job-tracker-backend\.venv\Lib\site-packages\strawberry\schema\schema_converter.py", line 1049, in _resolver
    return _get_result_with_extensions(
        _source,
        strawberry_info,
        **kwargs,
    )
  File "D:\Driver C\Desktop\fullstack-internship\backend\job-tracker-backend\.venv\Lib\site-packages\strawberry\schema\schema_converter.py", line 1035, in extension_resolver
    return reduce(
           ~~~~~~~
    ...<2 lines>...
        wrapped_get_result,
        ~~~~~~~~~~~~~~~~~~~
    )(_source, info, **field_kwargs)
    ~^^^^^^^^^^^^^^^^^^^^^^^^^^^^^^^
  File "D:\Driver C\Desktop\fullstack-internship\backend\job-tracker-backend\.venv\Lib\site-packages\strawberry\schema\schema_converter.py", line 1027, in wrapped_get_result
    return _get_result(
        _source,
    ...<2 lines>...
        field_kwargs=kwargs,
    )
  File "D:\Driver C\Desktop\fullstack-internship\backend\job-tracker-backend\.venv\Lib\site-packages\strawberry\schema\schema_converter.py", line 913, in _get_result
    return field.get_result(
           ~~~~~~~~~~~~~~~~^
        _source, info=info, args=field_args, kwargs=field_kwargs
        ^^^^^^^^^^^^^^^^^^^^^^^^^^^^^^^^^^^^^^^^^^^^^^^^^^^^^^^^
    )
    ^
  File "D:\Driver C\Desktop\fullstack-internship\backend\job-tracker-backend\.venv\Lib\site-packages\strawberry\types\field.py", line 232, in get_result
    return self.base_resolver(*args, **kwargs)
           ~~~~~~~~~~~~~~~~~~^^^^^^^^^^^^^^^^^
  File "D:\Driver C\Desktop\fullstack-internship\backend\job-tracker-backend\.venv\Lib\site-packages\strawberry\types\fields\resolver.py", line 238, in __call__
    return self.wrapped_func(*args, **kwargs)
           ~~~~~~~~~~~~~~~~~^^^^^^^^^^^^^^^^^
  File "D:\Driver C\Desktop\fullstack-internship\backend\job-tracker-backend\auth.py", line 10, in login_user
    user = db.query(models.User).filter(user_input.email == models.User.email).first()
  File "D:\Driver C\Desktop\fullstack-internship\backend\job-tracker-backend\.venv\Lib\site-packages\sqlalchemy\orm\query.py", line 2766, in first
    return self.limit(1)._iter().first()  # type: ignore
           ~~~~~~~~~~~~~~~~~~~^^
  File "D:\Driver C\Desktop\fullstack-internship\backend\job-tracker-backend\.venv\Lib\site-packages\sqlalchemy\orm\query.py", line 2864, in _iter
    result: Union[ScalarResult[_T], Result[_T]] = self.session.execute(
                                                  ~~~~~~~~~~~~~~~~~~~~^
        statement,
        ^^^^^^^^^^
        params,
        ^^^^^^^
        execution_options={"_sa_orm_load_options": self.load_options},
        ^^^^^^^^^^^^^^^^^^^^^^^^^^^^^^^^^^^^^^^^^^^^^^^^^^^^^^^^^^^^^^
    )
    ^
  File "D:\Driver C\Desktop\fullstack-internship\backend\job-tracker-backend\.venv\Lib\site-packages\sqlalchemy\orm\session.py", line 2373, in execute
    return self._execute_internal(
           ~~~~~~~~~~~~~~~~~~~~~~^
        statement,
        ^^^^^^^^^^
    ...<4 lines>...
        _add_event=_add_event,
        ^^^^^^^^^^^^^^^^^^^^^^
    )
    ^
  File "D:\Driver C\Desktop\fullstack-internship\backend\job-tracker-backend\.venv\Lib\site-packages\sqlalchemy\orm\session.py", line 2261, in _execute_internal
    conn = self._connection_for_bind(bind)
  File "D:\Driver C\Desktop\fullstack-internship\backend\job-tracker-backend\.venv\Lib\site-packages\sqlalchemy\orm\session.py", line 2113, in _connection_for_bind
    return trans._connection_for_bind(engine, execution_options)
           ~~~~~~~~~~~~~~~~~~~~~~~~~~^^^^^^^^^^^^^^^^^^^^^^^^^^^
  File "<string>", line 2, in _connection_for_bind
  File "D:\Driver C\Desktop\fullstack-internship\backend\job-tracker-backend\.venv\Lib\site-packages\sqlalchemy\orm\state_changes.py", line 137, in _go
    ret_value = fn(self, *arg, **kw)
  File "D:\Driver C\Desktop\fullstack-internship\backend\job-tracker-backend\.venv\Lib\site-packages\sqlalchemy\orm\session.py", line 1191, in _connection_for_bind
    conn = bind.connect()
  File "D:\Driver C\Desktop\fullstack-internship\backend\job-tracker-backend\.venv\Lib\site-packages\sqlalchemy\engine\base.py", line 3295, in connect
    return self._connection_cls(self)
           ~~~~~~~~~~~~~~~~~~~~^^^^^^
  File "D:\Driver C\Desktop\fullstack-internship\backend\job-tracker-backend\.venv\Lib\site-packages\sqlalchemy\engine\base.py", line 146, in __init__
    Connection._handle_dbapi_exception_noconnection(
    ~~~~~~~~~~~~~~~~~~~~~~~~~~~~~~~~~~~~~~~~~~~~~~~^
        err, dialect, engine
        ^^^^^^^^^^^^^^^^^^^^
    )
    ^
  File "D:\Driver C\Desktop\fullstack-internship\backend\job-tracker-backend\.venv\Lib\site-packages\sqlalchemy\engine\base.py", line 2450, in _handle_dbapi_exception_noconnection
    raise sqlalchemy_exception.with_traceback(exc_info[2]) from e
  File "D:\Driver C\Desktop\fullstack-internship\backend\job-tracker-backend\.venv\Lib\site-packages\sqlalchemy\engine\base.py", line 144, in __init__
    self._dbapi_connection = engine.raw_connection()
                             ~~~~~~~~~~~~~~~~~~~~~^^
  File "D:\Driver C\Desktop\fullstack-internship\backend\job-tracker-backend\.venv\Lib\site-packages\sqlalchemy\engine\base.py", line 3319, in raw_connection
    return self.pool.connect()
           ~~~~~~~~~~~~~~~~~^^
  File "D:\Driver C\Desktop\fullstack-internship\backend\job-tracker-backend\.venv\Lib\site-packages\sqlalchemy\pool\base.py", line 448, in connect
    return _ConnectionFairy._checkout(self)
           ~~~~~~~~~~~~~~~~~~~~~~~~~~^^^^^^
  File "D:\Driver C\Desktop\fullstack-internship\backend\job-tracker-backend\.venv\Lib\site-packages\sqlalchemy\pool\base.py", line 1272, in _checkout
    fairy = _ConnectionRecord.checkout(pool)
  File "D:\Driver C\Desktop\fullstack-internship\backend\job-tracker-backend\.venv\Lib\site-packages\sqlalchemy\pool\base.py", line 712, in checkout
    rec = pool._do_get()
  File "D:\Driver C\Desktop\fullstack-internship\backend\job-tracker-backend\.venv\Lib\site-packages\sqlalchemy\pool\impl.py", line 178, in _do_get
    with util.safe_reraise():
         ~~~~~~~~~~~~~~~~~^^
  File "D:\Driver C\Desktop\fullstack-internship\backend\job-tracker-backend\.venv\Lib\site-packages\sqlalchemy\util\langhelpers.py", line 122, in __exit__
    raise exc_value.with_traceback(exc_tb)
  File "D:\Driver C\Desktop\fullstack-internship\backend\job-tracker-backend\.venv\Lib\site-packages\sqlalchemy\pool\impl.py", line 176, in _do_get
    return self._create_connection()
           ~~~~~~~~~~~~~~~~~~~~~~~^^
  File "D:\Driver C\Desktop\fullstack-internship\backend\job-tracker-backend\.venv\Lib\site-packages\sqlalchemy\pool\base.py", line 389, in _create_connection
    return _ConnectionRecord(self)
  File "D:\Driver C\Desktop\fullstack-internship\backend\job-tracker-backend\.venv\Lib\site-packages\sqlalchemy\pool\base.py", line 674, in __init__
    self.__connect()
    ~~~~~~~~~~~~~~^^
  File "D:\Driver C\Desktop\fullstack-internship\backend\job-tracker-backend\.venv\Lib\site-packages\sqlalchemy\pool\base.py", line 900, in __connect
    with util.safe_reraise():
         ~~~~~~~~~~~~~~~~~^^
  File "D:\Driver C\Desktop\fullstack-internship\backend\job-tracker-backend\.venv\Lib\site-packages\sqlalchemy\util\langhelpers.py", line 122, in __exit__
    raise exc_value.with_traceback(exc_tb)
  File "D:\Driver C\Desktop\fullstack-internship\backend\job-tracker-backend\.venv\Lib\site-packages\sqlalchemy\pool\base.py", line 896, in __connect
    self.dbapi_connection = connection = pool._invoke_creator(self)
                                         ~~~~~~~~~~~~~~~~~~~~^^^^^^
  File "D:\Driver C\Desktop\fullstack-internship\backend\job-tracker-backend\.venv\Lib\site-packages\sqlalchemy\engine\create.py", line 667, in connect
    return dialect.connect(*cargs_tup, **cparams)
           ~~~~~~~~~~~~~~~^^^^^^^^^^^^^^^^^^^^^^^
  File "D:\Driver C\Desktop\fullstack-internship\backend\job-tracker-backend\.venv\Lib\site-packages\sqlalchemy\engine\default.py", line 630, in connect
    return self.loaded_dbapi.connect(*cargs, **cparams)  # type: ignore[no-any-return]  # NOQA: E501
           ~~~~~~~~~~~~~~~~~~~~~~~~~^^^^^^^^^^^^^^^^^^^
  File "D:\Driver C\Desktop\fullstack-internship\backend\job-tracker-backend\.venv\Lib\site-packages\psycopg2\__init__.py", line 135, in connect
    conn = _connect(dsn, connection_factory=connection_factory, **kwasync)
sqlalchemy.exc.OperationalError: (psycopg2.OperationalError) connection to server at "localhost" (::1), port 5432 failed: FATAL:  password authentication failed for user "postgres"

(Background on this error at: https://sqlalche.me/e/20/e3q8)
INFO:     127.0.0.1:57237 - "POST /graphql HTTP/1.1" 200 OK
INFO:     127.0.0.1:57237 - "OPTIONS /graphql HTTP/1.1" 200 OK
(psycopg2.OperationalError) connection to server at "localhost" (::1), port 5432 failed: FATAL:  password authentication failed for user "postgres"

(Background on this error at: https://sqlalche.me/e/20/e3q8)

GraphQL request:2:3
1 | mutation LoginUser($userInput: UserLogin!) {
2 |   loginUser(userInput: $userInput) {
  |   ^
3 |     accessToken
Traceback (most recent call last):
  File "D:\Driver C\Desktop\fullstack-internship\backend\job-tracker-backend\.venv\Lib\site-packages\sqlalchemy\engine\base.py", line 144, in __init__
    self._dbapi_connection = engine.raw_connection()
                             ~~~~~~~~~~~~~~~~~~~~~^^
  File "D:\Driver C\Desktop\fullstack-internship\backend\job-tracker-backend\.venv\Lib\site-packages\sqlalchemy\engine\base.py", line 3319, in raw_connection
    return self.pool.connect()
           ~~~~~~~~~~~~~~~~~^^
  File "D:\Driver C\Desktop\fullstack-internship\backend\job-tracker-backend\.venv\Lib\site-packages\sqlalchemy\pool\base.py", line 448, in connect
    return _ConnectionFairy._checkout(self)
           ~~~~~~~~~~~~~~~~~~~~~~~~~~^^^^^^
  File "D:\Driver C\Desktop\fullstack-internship\backend\job-tracker-backend\.venv\Lib\site-packages\sqlalchemy\pool\base.py", line 1272, in _checkout
    fairy = _ConnectionRecord.checkout(pool)
  File "D:\Driver C\Desktop\fullstack-internship\backend\job-tracker-backend\.venv\Lib\site-packages\sqlalchemy\pool\base.py", line 712, in checkout
    rec = pool._do_get()
  File "D:\Driver C\Desktop\fullstack-internship\backend\job-tracker-backend\.venv\Lib\site-packages\sqlalchemy\pool\impl.py", line 178, in _do_get
    with util.safe_reraise():
         ~~~~~~~~~~~~~~~~~^^
  File "D:\Driver C\Desktop\fullstack-internship\backend\job-tracker-backend\.venv\Lib\site-packages\sqlalchemy\util\langhelpers.py", line 122, in __exit__
    raise exc_value.with_traceback(exc_tb)
  File "D:\Driver C\Desktop\fullstack-internship\backend\job-tracker-backend\.venv\Lib\site-packages\sqlalchemy\pool\impl.py", line 176, in _do_get
    return self._create_connection()
           ~~~~~~~~~~~~~~~~~~~~~~~^^
  File "D:\Driver C\Desktop\fullstack-internship\backend\job-tracker-backend\.venv\Lib\site-packages\sqlalchemy\pool\base.py", line 389, in _create_connection
    return _ConnectionRecord(self)
  File "D:\Driver C\Desktop\fullstack-internship\backend\job-tracker-backend\.venv\Lib\site-packages\sqlalchemy\pool\base.py", line 674, in __init__
    self.__connect()
    ~~~~~~~~~~~~~~^^
  File "D:\Driver C\Desktop\fullstack-internship\backend\job-tracker-backend\.venv\Lib\site-packages\sqlalchemy\pool\base.py", line 900, in __connect
    with util.safe_reraise():
         ~~~~~~~~~~~~~~~~~^^
  File "D:\Driver C\Desktop\fullstack-internship\backend\job-tracker-backend\.venv\Lib\site-packages\sqlalchemy\util\langhelpers.py", line 122, in __exit__
    raise exc_value.with_traceback(exc_tb)
  File "D:\Driver C\Desktop\fullstack-internship\backend\job-tracker-backend\.venv\Lib\site-packages\sqlalchemy\pool\base.py", line 896, in __connect
    self.dbapi_connection = connection = pool._invoke_creator(self)
                                         ~~~~~~~~~~~~~~~~~~~~^^^^^^
  File "D:\Driver C\Desktop\fullstack-internship\backend\job-tracker-backend\.venv\Lib\site-packages\sqlalchemy\engine\create.py", line 667, in connect
    return dialect.connect(*cargs_tup, **cparams)
           ~~~~~~~~~~~~~~~^^^^^^^^^^^^^^^^^^^^^^^
  File "D:\Driver C\Desktop\fullstack-internship\backend\job-tracker-backend\.venv\Lib\site-packages\sqlalchemy\engine\default.py", line 630, in connect
    return self.loaded_dbapi.connect(*cargs, **cparams)  # type: ignore[no-any-return]  # NOQA: E501
           ~~~~~~~~~~~~~~~~~~~~~~~~~^^^^^^^^^^^^^^^^^^^
  File "D:\Driver C\Desktop\fullstack-internship\backend\job-tracker-backend\.venv\Lib\site-packages\psycopg2\__init__.py", line 135, in connect
    conn = _connect(dsn, connection_factory=connection_factory, **kwasync)
psycopg2.OperationalError: connection to server at "localhost" (::1), port 5432 failed: FATAL:  password authentication failed for user "postgres"


The above exception was the direct cause of the following exception:

Traceback (most recent call last):
  File "D:\Driver C\Desktop\fullstack-internship\backend\job-tracker-backend\.venv\Lib\site-packages\graphql\execution\execute.py", line 562, in execute_field
    result = resolve_fn(source, info, **args)
  File "D:\Driver C\Desktop\fullstack-internship\backend\job-tracker-backend\.venv\Lib\site-packages\strawberry\schema\schema_converter.py", line 1049, in _resolver
    return _get_result_with_extensions(
        _source,
        strawberry_info,
        **kwargs,
    )
  File "D:\Driver C\Desktop\fullstack-internship\backend\job-tracker-backend\.venv\Lib\site-packages\strawberry\schema\schema_converter.py", line 1035, in extension_resolver
    return reduce(
           ~~~~~~~
    ...<2 lines>...
        wrapped_get_result,
        ~~~~~~~~~~~~~~~~~~~
    )(_source, info, **field_kwargs)
    ~^^^^^^^^^^^^^^^^^^^^^^^^^^^^^^^
  File "D:\Driver C\Desktop\fullstack-internship\backend\job-tracker-backend\.venv\Lib\site-packages\strawberry\schema\schema_converter.py", line 1027, in wrapped_get_result
    return _get_result(
        _source,
    ...<2 lines>...
        field_kwargs=kwargs,
    )
  File "D:\Driver C\Desktop\fullstack-internship\backend\job-tracker-backend\.venv\Lib\site-packages\strawberry\schema\schema_converter.py", line 913, in _get_result
    return field.get_result(
           ~~~~~~~~~~~~~~~~^
        _source, info=info, args=field_args, kwargs=field_kwargs
        ^^^^^^^^^^^^^^^^^^^^^^^^^^^^^^^^^^^^^^^^^^^^^^^^^^^^^^^^
    )
    ^
  File "D:\Driver C\Desktop\fullstack-internship\backend\job-tracker-backend\.venv\Lib\site-packages\strawberry\types\field.py", line 232, in get_result
    return self.base_resolver(*args, **kwargs)
           ~~~~~~~~~~~~~~~~~~^^^^^^^^^^^^^^^^^
  File "D:\Driver C\Desktop\fullstack-internship\backend\job-tracker-backend\.venv\Lib\site-packages\strawberry\types\fields\resolver.py", line 238, in __call__
    return self.wrapped_func(*args, **kwargs)
           ~~~~~~~~~~~~~~~~~^^^^^^^^^^^^^^^^^
  File "D:\Driver C\Desktop\fullstack-internship\backend\job-tracker-backend\auth.py", line 10, in login_user
    user = db.query(models.User).filter(user_input.email == models.User.email).first()
  File "D:\Driver C\Desktop\fullstack-internship\backend\job-tracker-backend\.venv\Lib\site-packages\sqlalchemy\orm\query.py", line 2766, in first
    return self.limit(1)._iter().first()  # type: ignore
           ~~~~~~~~~~~~~~~~~~~^^
  File "D:\Driver C\Desktop\fullstack-internship\backend\job-tracker-backend\.venv\Lib\site-packages\sqlalchemy\orm\query.py", line 2864, in _iter
    result: Union[ScalarResult[_T], Result[_T]] = self.session.execute(
                                                  ~~~~~~~~~~~~~~~~~~~~^
        statement,
        ^^^^^^^^^^
        params,
        ^^^^^^^
        execution_options={"_sa_orm_load_options": self.load_options},
        ^^^^^^^^^^^^^^^^^^^^^^^^^^^^^^^^^^^^^^^^^^^^^^^^^^^^^^^^^^^^^^
    )
    ^
  File "D:\Driver C\Desktop\fullstack-internship\backend\job-tracker-backend\.venv\Lib\site-packages\sqlalchemy\orm\session.py", line 2373, in execute
    return self._execute_internal(
           ~~~~~~~~~~~~~~~~~~~~~~^
        statement,
        ^^^^^^^^^^
    ...<4 lines>...
        _add_event=_add_event,
        ^^^^^^^^^^^^^^^^^^^^^^
    )
    ^
  File "D:\Driver C\Desktop\fullstack-internship\backend\job-tracker-backend\.venv\Lib\site-packages\sqlalchemy\orm\session.py", line 2261, in _execute_internal
    conn = self._connection_for_bind(bind)
  File "D:\Driver C\Desktop\fullstack-internship\backend\job-tracker-backend\.venv\Lib\site-packages\sqlalchemy\orm\session.py", line 2113, in _connection_for_bind
    return trans._connection_for_bind(engine, execution_options)
           ~~~~~~~~~~~~~~~~~~~~~~~~~~^^^^^^^^^^^^^^^^^^^^^^^^^^^
  File "<string>", line 2, in _connection_for_bind
  File "D:\Driver C\Desktop\fullstack-internship\backend\job-tracker-backend\.venv\Lib\site-packages\sqlalchemy\orm\state_changes.py", line 137, in _go
    ret_value = fn(self, *arg, **kw)
  File "D:\Driver C\Desktop\fullstack-internship\backend\job-tracker-backend\.venv\Lib\site-packages\sqlalchemy\orm\session.py", line 1191, in _connection_for_bind
    conn = bind.connect()
  File "D:\Driver C\Desktop\fullstack-internship\backend\job-tracker-backend\.venv\Lib\site-packages\sqlalchemy\engine\base.py", line 3295, in connect
    return self._connection_cls(self)
           ~~~~~~~~~~~~~~~~~~~~^^^^^^
  File "D:\Driver C\Desktop\fullstack-internship\backend\job-tracker-backend\.venv\Lib\site-packages\sqlalchemy\engine\base.py", line 146, in __init__
    Connection._handle_dbapi_exception_noconnection(
    ~~~~~~~~~~~~~~~~~~~~~~~~~~~~~~~~~~~~~~~~~~~~~~~^
        err, dialect, engine
        ^^^^^^^^^^^^^^^^^^^^
    )
    ^
  File "D:\Driver C\Desktop\fullstack-internship\backend\job-tracker-backend\.venv\Lib\site-packages\sqlalchemy\engine\base.py", line 2450, in _handle_dbapi_exception_noconnection
    raise sqlalchemy_exception.with_traceback(exc_info[2]) from e
  File "D:\Driver C\Desktop\fullstack-internship\backend\job-tracker-backend\.venv\Lib\site-packages\sqlalchemy\engine\base.py", line 144, in __init__
    self._dbapi_connection = engine.raw_connection()
                             ~~~~~~~~~~~~~~~~~~~~~^^
  File "D:\Driver C\Desktop\fullstack-internship\backend\job-tracker-backend\.venv\Lib\site-packages\sqlalchemy\engine\base.py", line 3319, in raw_connection
    return self.pool.connect()
           ~~~~~~~~~~~~~~~~~^^
  File "D:\Driver C\Desktop\fullstack-internship\backend\job-tracker-backend\.venv\Lib\site-packages\sqlalchemy\pool\base.py", line 448, in connect
    return _ConnectionFairy._checkout(self)
           ~~~~~~~~~~~~~~~~~~~~~~~~~~^^^^^^
  File "D:\Driver C\Desktop\fullstack-internship\backend\job-tracker-backend\.venv\Lib\site-packages\sqlalchemy\pool\base.py", line 1272, in _checkout
    fairy = _ConnectionRecord.checkout(pool)
  File "D:\Driver C\Desktop\fullstack-internship\backend\job-tracker-backend\.venv\Lib\site-packages\sqlalchemy\pool\base.py", line 712, in checkout
    rec = pool._do_get()
  File "D:\Driver C\Desktop\fullstack-internship\backend\job-tracker-backend\.venv\Lib\site-packages\sqlalchemy\pool\impl.py", line 178, in _do_get
    with util.safe_reraise():
         ~~~~~~~~~~~~~~~~~^^
  File "D:\Driver C\Desktop\fullstack-internship\backend\job-tracker-backend\.venv\Lib\site-packages\sqlalchemy\util\langhelpers.py", line 122, in __exit__
    raise exc_value.with_traceback(exc_tb)
  File "D:\Driver C\Desktop\fullstack-internship\backend\job-tracker-backend\.venv\Lib\site-packages\sqlalchemy\pool\impl.py", line 176, in _do_get
    return self._create_connection()
           ~~~~~~~~~~~~~~~~~~~~~~~^^
  File "D:\Driver C\Desktop\fullstack-internship\backend\job-tracker-backend\.venv\Lib\site-packages\sqlalchemy\pool\base.py", line 389, in _create_connection
    return _ConnectionRecord(self)
  File "D:\Driver C\Desktop\fullstack-internship\backend\job-tracker-backend\.venv\Lib\site-packages\sqlalchemy\pool\base.py", line 674, in __init__
    self.__connect()
    ~~~~~~~~~~~~~~^^
  File "D:\Driver C\Desktop\fullstack-internship\backend\job-tracker-backend\.venv\Lib\site-packages\sqlalchemy\pool\base.py", line 900, in __connect
    with util.safe_reraise():
         ~~~~~~~~~~~~~~~~~^^
  File "D:\Driver C\Desktop\fullstack-internship\backend\job-tracker-backend\.venv\Lib\site-packages\sqlalchemy\util\langhelpers.py", line 122, in __exit__
    raise exc_value.with_traceback(exc_tb)
  File "D:\Driver C\Desktop\fullstack-internship\backend\job-tracker-backend\.venv\Lib\site-packages\sqlalchemy\pool\base.py", line 896, in __connect
    self.dbapi_connection = connection = pool._invoke_creator(self)
                                         ~~~~~~~~~~~~~~~~~~~~^^^^^^
  File "D:\Driver C\Desktop\fullstack-internship\backend\job-tracker-backend\.venv\Lib\site-packages\sqlalchemy\engine\create.py", line 667, in connect
    return dialect.connect(*cargs_tup, **cparams)
           ~~~~~~~~~~~~~~~^^^^^^^^^^^^^^^^^^^^^^^
  File "D:\Driver C\Desktop\fullstack-internship\backend\job-tracker-backend\.venv\Lib\site-packages\sqlalchemy\engine\default.py", line 630, in connect
    return self.loaded_dbapi.connect(*cargs, **cparams)  # type: ignore[no-any-return]  # NOQA: E501
           ~~~~~~~~~~~~~~~~~~~~~~~~~^^^^^^^^^^^^^^^^^^^
  File "D:\Driver C\Desktop\fullstack-internship\backend\job-tracker-backend\.venv\Lib\site-packages\psycopg2\__init__.py", line 135, in connect
    conn = _connect(dsn, connection_factory=connection_factory, **kwasync)
sqlalchemy.exc.OperationalError: (psycopg2.OperationalError) connection to server at "localhost" (::1), port 5432 failed: FATAL:  password authentication failed for user "postgres"

(Background on this error at: https://sqlalche.me/e/20/e3q8)
INFO:     127.0.0.1:57240 - "POST /graphql HTTP/1.1" 200 OK
INFO:     127.0.0.1:57237 - "OPTIONS /graphql HTTP/1.1" 200 OK
(psycopg2.OperationalError) connection to server at "localhost" (::1), port 5432 failed: FATAL:  password authentication failed for user "postgres"

(Background on this error at: https://sqlalche.me/e/20/e3q8)

GraphQL request:2:3
1 | mutation LoginUser($userInput: UserLogin!) {
2 |   loginUser(userInput: $userInput) {
  |   ^
3 |     accessToken
Traceback (most recent call last):
  File "D:\Driver C\Desktop\fullstack-internship\backend\job-tracker-backend\.venv\Lib\site-packages\sqlalchemy\engine\base.py", line 144, in __init__
    self._dbapi_connection = engine.raw_connection()
                             ~~~~~~~~~~~~~~~~~~~~~^^
  File "D:\Driver C\Desktop\fullstack-internship\backend\job-tracker-backend\.venv\Lib\site-packages\sqlalchemy\engine\base.py", line 3319, in raw_connection
    return self.pool.connect()
           ~~~~~~~~~~~~~~~~~^^
  File "D:\Driver C\Desktop\fullstack-internship\backend\job-tracker-backend\.venv\Lib\site-packages\sqlalchemy\pool\base.py", line 448, in connect
    return _ConnectionFairy._checkout(self)
           ~~~~~~~~~~~~~~~~~~~~~~~~~~^^^^^^
  File "D:\Driver C\Desktop\fullstack-internship\backend\job-tracker-backend\.venv\Lib\site-packages\sqlalchemy\pool\base.py", line 1272, in _checkout
    fairy = _ConnectionRecord.checkout(pool)
  File "D:\Driver C\Desktop\fullstack-internship\backend\job-tracker-backend\.venv\Lib\site-packages\sqlalchemy\pool\base.py", line 712, in checkout
    rec = pool._do_get()
  File "D:\Driver C\Desktop\fullstack-internship\backend\job-tracker-backend\.venv\Lib\site-packages\sqlalchemy\pool\impl.py", line 178, in _do_get
    with util.safe_reraise():
         ~~~~~~~~~~~~~~~~~^^
  File "D:\Driver C\Desktop\fullstack-internship\backend\job-tracker-backend\.venv\Lib\site-packages\sqlalchemy\util\langhelpers.py", line 122, in __exit__
    raise exc_value.with_traceback(exc_tb)
  File "D:\Driver C\Desktop\fullstack-internship\backend\job-tracker-backend\.venv\Lib\site-packages\sqlalchemy\pool\impl.py", line 176, in _do_get
    return self._create_connection()
           ~~~~~~~~~~~~~~~~~~~~~~~^^
  File "D:\Driver C\Desktop\fullstack-internship\backend\job-tracker-backend\.venv\Lib\site-packages\sqlalchemy\pool\base.py", line 389, in _create_connection
    return _ConnectionRecord(self)
  File "D:\Driver C\Desktop\fullstack-internship\backend\job-tracker-backend\.venv\Lib\site-packages\sqlalchemy\pool\base.py", line 674, in __init__
    self.__connect()
    ~~~~~~~~~~~~~~^^
  File "D:\Driver C\Desktop\fullstack-internship\backend\job-tracker-backend\.venv\Lib\site-packages\sqlalchemy\pool\base.py", line 900, in __connect
    with util.safe_reraise():
         ~~~~~~~~~~~~~~~~~^^
  File "D:\Driver C\Desktop\fullstack-internship\backend\job-tracker-backend\.venv\Lib\site-packages\sqlalchemy\util\langhelpers.py", line 122, in __exit__
    raise exc_value.with_traceback(exc_tb)
  File "D:\Driver C\Desktop\fullstack-internship\backend\job-tracker-backend\.venv\Lib\site-packages\sqlalchemy\pool\base.py", line 896, in __connect
    self.dbapi_connection = connection = pool._invoke_creator(self)
                                         ~~~~~~~~~~~~~~~~~~~~^^^^^^
  File "D:\Driver C\Desktop\fullstack-internship\backend\job-tracker-backend\.venv\Lib\site-packages\sqlalchemy\engine\create.py", line 667, in connect
    return dialect.connect(*cargs_tup, **cparams)
           ~~~~~~~~~~~~~~~^^^^^^^^^^^^^^^^^^^^^^^
  File "D:\Driver C\Desktop\fullstack-internship\backend\job-tracker-backend\.venv\Lib\site-packages\sqlalchemy\engine\default.py", line 630, in connect
    return self.loaded_dbapi.connect(*cargs, **cparams)  # type: ignore[no-any-return]  # NOQA: E501
           ~~~~~~~~~~~~~~~~~~~~~~~~~^^^^^^^^^^^^^^^^^^^
  File "D:\Driver C\Desktop\fullstack-internship\backend\job-tracker-backend\.venv\Lib\site-packages\psycopg2\__init__.py", line 135, in connect
    conn = _connect(dsn, connection_factory=connection_factory, **kwasync)
psycopg2.OperationalError: connection to server at "localhost" (::1), port 5432 failed: FATAL:  password authentication failed for user "postgres"


The above exception was the direct cause of the following exception:

Traceback (most recent call last):
  File "D:\Driver C\Desktop\fullstack-internship\backend\job-tracker-backend\.venv\Lib\site-packages\graphql\execution\execute.py", line 562, in execute_field
    result = resolve_fn(source, info, **args)
  File "D:\Driver C\Desktop\fullstack-internship\backend\job-tracker-backend\.venv\Lib\site-packages\strawberry\schema\schema_converter.py", line 1049, in _resolver
    return _get_result_with_extensions(
        _source,
        strawberry_info,
        **kwargs,
    )
  File "D:\Driver C\Desktop\fullstack-internship\backend\job-tracker-backend\.venv\Lib\site-packages\strawberry\schema\schema_converter.py", line 1035, in extension_resolver
    return reduce(
           ~~~~~~~
    ...<2 lines>...
        wrapped_get_result,
        ~~~~~~~~~~~~~~~~~~~
    )(_source, info, **field_kwargs)
    ~^^^^^^^^^^^^^^^^^^^^^^^^^^^^^^^
  File "D:\Driver C\Desktop\fullstack-internship\backend\job-tracker-backend\.venv\Lib\site-packages\strawberry\schema\schema_converter.py", line 1027, in wrapped_get_result
    return _get_result(
        _source,
    ...<2 lines>...
        field_kwargs=kwargs,
    )
  File "D:\Driver C\Desktop\fullstack-internship\backend\job-tracker-backend\.venv\Lib\site-packages\strawberry\schema\schema_converter.py", line 913, in _get_result
    return field.get_result(
           ~~~~~~~~~~~~~~~~^
        _source, info=info, args=field_args, kwargs=field_kwargs
        ^^^^^^^^^^^^^^^^^^^^^^^^^^^^^^^^^^^^^^^^^^^^^^^^^^^^^^^^
    )
    ^
  File "D:\Driver C\Desktop\fullstack-internship\backend\job-tracker-backend\.venv\Lib\site-packages\strawberry\types\field.py", line 232, in get_result
    return self.base_resolver(*args, **kwargs)
           ~~~~~~~~~~~~~~~~~~^^^^^^^^^^^^^^^^^
  File "D:\Driver C\Desktop\fullstack-internship\backend\job-tracker-backend\.venv\Lib\site-packages\strawberry\types\fields\resolver.py", line 238, in __call__
    return self.wrapped_func(*args, **kwargs)
           ~~~~~~~~~~~~~~~~~^^^^^^^^^^^^^^^^^
  File "D:\Driver C\Desktop\fullstack-internship\backend\job-tracker-backend\auth.py", line 10, in login_user
    user = db.query(models.User).filter(user_input.email == models.User.email).first()
  File "D:\Driver C\Desktop\fullstack-internship\backend\job-tracker-backend\.venv\Lib\site-packages\sqlalchemy\orm\query.py", line 2766, in first
    return self.limit(1)._iter().first()  # type: ignore
           ~~~~~~~~~~~~~~~~~~~^^
  File "D:\Driver C\Desktop\fullstack-internship\backend\job-tracker-backend\.venv\Lib\site-packages\sqlalchemy\orm\query.py", line 2864, in _iter
    result: Union[ScalarResult[_T], Result[_T]] = self.session.execute(
                                                  ~~~~~~~~~~~~~~~~~~~~^
        statement,
        ^^^^^^^^^^
        params,
        ^^^^^^^
        execution_options={"_sa_orm_load_options": self.load_options},
        ^^^^^^^^^^^^^^^^^^^^^^^^^^^^^^^^^^^^^^^^^^^^^^^^^^^^^^^^^^^^^^
    )
    ^
  File "D:\Driver C\Desktop\fullstack-internship\backend\job-tracker-backend\.venv\Lib\site-packages\sqlalchemy\orm\session.py", line 2373, in execute
    return self._execute_internal(
           ~~~~~~~~~~~~~~~~~~~~~~^
        statement,
        ^^^^^^^^^^
    ...<4 lines>...
        _add_event=_add_event,
        ^^^^^^^^^^^^^^^^^^^^^^
    )
    ^
  File "D:\Driver C\Desktop\fullstack-internship\backend\job-tracker-backend\.venv\Lib\site-packages\sqlalchemy\orm\session.py", line 2261, in _execute_internal
    conn = self._connection_for_bind(bind)
  File "D:\Driver C\Desktop\fullstack-internship\backend\job-tracker-backend\.venv\Lib\site-packages\sqlalchemy\orm\session.py", line 2113, in _connection_for_bind
    return trans._connection_for_bind(engine, execution_options)
           ~~~~~~~~~~~~~~~~~~~~~~~~~~^^^^^^^^^^^^^^^^^^^^^^^^^^^
  File "<string>", line 2, in _connection_for_bind
  File "D:\Driver C\Desktop\fullstack-internship\backend\job-tracker-backend\.venv\Lib\site-packages\sqlalchemy\orm\state_changes.py", line 137, in _go
    ret_value = fn(self, *arg, **kw)
  File "D:\Driver C\Desktop\fullstack-internship\backend\job-tracker-backend\.venv\Lib\site-packages\sqlalchemy\orm\session.py", line 1191, in _connection_for_bind
    conn = bind.connect()
  File "D:\Driver C\Desktop\fullstack-internship\backend\job-tracker-backend\.venv\Lib\site-packages\sqlalchemy\engine\base.py", line 3295, in connect
    return self._connection_cls(self)
           ~~~~~~~~~~~~~~~~~~~~^^^^^^
  File "D:\Driver C\Desktop\fullstack-internship\backend\job-tracker-backend\.venv\Lib\site-packages\sqlalchemy\engine\base.py", line 146, in __init__
    Connection._handle_dbapi_exception_noconnection(
    ~~~~~~~~~~~~~~~~~~~~~~~~~~~~~~~~~~~~~~~~~~~~~~~^
        err, dialect, engine
        ^^^^^^^^^^^^^^^^^^^^
    )
    ^
  File "D:\Driver C\Desktop\fullstack-internship\backend\job-tracker-backend\.venv\Lib\site-packages\sqlalchemy\engine\base.py", line 2450, in _handle_dbapi_exception_noconnection
    raise sqlalchemy_exception.with_traceback(exc_info[2]) from e
  File "D:\Driver C\Desktop\fullstack-internship\backend\job-tracker-backend\.venv\Lib\site-packages\sqlalchemy\engine\base.py", line 144, in __init__
    self._dbapi_connection = engine.raw_connection()
                             ~~~~~~~~~~~~~~~~~~~~~^^
  File "D:\Driver C\Desktop\fullstack-internship\backend\job-tracker-backend\.venv\Lib\site-packages\sqlalchemy\engine\base.py", line 3319, in raw_connection
    return self.pool.connect()
           ~~~~~~~~~~~~~~~~~^^
  File "D:\Driver C\Desktop\fullstack-internship\backend\job-tracker-backend\.venv\Lib\site-packages\sqlalchemy\pool\base.py", line 448, in connect
    return _ConnectionFairy._checkout(self)
           ~~~~~~~~~~~~~~~~~~~~~~~~~~^^^^^^
  File "D:\Driver C\Desktop\fullstack-internship\backend\job-tracker-backend\.venv\Lib\site-packages\sqlalchemy\pool\base.py", line 1272, in _checkout
    fairy = _ConnectionRecord.checkout(pool)
  File "D:\Driver C\Desktop\fullstack-internship\backend\job-tracker-backend\.venv\Lib\site-packages\sqlalchemy\pool\base.py", line 712, in checkout
    rec = pool._do_get()
  File "D:\Driver C\Desktop\fullstack-internship\backend\job-tracker-backend\.venv\Lib\site-packages\sqlalchemy\pool\impl.py", line 178, in _do_get
    with util.safe_reraise():
         ~~~~~~~~~~~~~~~~~^^
  File "D:\Driver C\Desktop\fullstack-internship\backend\job-tracker-backend\.venv\Lib\site-packages\sqlalchemy\util\langhelpers.py", line 122, in __exit__
    raise exc_value.with_traceback(exc_tb)
  File "D:\Driver C\Desktop\fullstack-internship\backend\job-tracker-backend\.venv\Lib\site-packages\sqlalchemy\pool\impl.py", line 176, in _do_get
    return self._create_connection()
           ~~~~~~~~~~~~~~~~~~~~~~~^^
  File "D:\Driver C\Desktop\fullstack-internship\backend\job-tracker-backend\.venv\Lib\site-packages\sqlalchemy\pool\base.py", line 389, in _create_connection
    return _ConnectionRecord(self)
  File "D:\Driver C\Desktop\fullstack-internship\backend\job-tracker-backend\.venv\Lib\site-packages\sqlalchemy\pool\base.py", line 674, in __init__
    self.__connect()
    ~~~~~~~~~~~~~~^^
  File "D:\Driver C\Desktop\fullstack-internship\backend\job-tracker-backend\.venv\Lib\site-packages\sqlalchemy\pool\base.py", line 900, in __connect
    with util.safe_reraise():
         ~~~~~~~~~~~~~~~~~^^
  File "D:\Driver C\Desktop\fullstack-internship\backend\job-tracker-backend\.venv\Lib\site-packages\sqlalchemy\util\langhelpers.py", line 122, in __exit__
    raise exc_value.with_traceback(exc_tb)
  File "D:\Driver C\Desktop\fullstack-internship\backend\job-tracker-backend\.venv\Lib\site-packages\sqlalchemy\pool\base.py", line 896, in __connect
    self.dbapi_connection = connection = pool._invoke_creator(self)
                                         ~~~~~~~~~~~~~~~~~~~~^^^^^^
  File "D:\Driver C\Desktop\fullstack-internship\backend\job-tracker-backend\.venv\Lib\site-packages\sqlalchemy\engine\create.py", line 667, in connect
    return dialect.connect(*cargs_tup, **cparams)
           ~~~~~~~~~~~~~~~^^^^^^^^^^^^^^^^^^^^^^^
  File "D:\Driver C\Desktop\fullstack-internship\backend\job-tracker-backend\.venv\Lib\site-packages\sqlalchemy\engine\default.py", line 630, in connect
    return self.loaded_dbapi.connect(*cargs, **cparams)  # type: ignore[no-any-return]  # NOQA: E501
           ~~~~~~~~~~~~~~~~~~~~~~~~~^^^^^^^^^^^^^^^^^^^
  File "D:\Driver C\Desktop\fullstack-internship\backend\job-tracker-backend\.venv\Lib\site-packages\psycopg2\__init__.py", line 135, in connect
    conn = _connect(dsn, connection_factory=connection_factory, **kwasync)
sqlalchemy.exc.OperationalError: (psycopg2.OperationalError) connection to server at "localhost" (::1), port 5432 failed: FATAL:  password authentication failed for user "postgres"

(Background on this error at: https://sqlalche.me/e/20/e3q8)
INFO:     127.0.0.1:57240 - "POST /graphql HTTP/1.1" 200 OK
INFO:     127.0.0.1:57237 - "OPTIONS /graphql HTTP/1.1" 200 OK
INFO:     127.0.0.1:57241 - "OPTIONS /graphql HTTP/1.1" 200 OK
(psycopg2.OperationalError) connection to server at "localhost" (::1), port 5432 failed: FATAL:  password authentication failed for user "postgres"

(Background on this error at: https://sqlalche.me/e/20/e3q8)

GraphQL request:2:3
1 | mutation LoginUser($userInput: UserLogin!) {
2 |   loginUser(userInput: $userInput) {
  |   ^
3 |     accessToken
Traceback (most recent call last):
  File "D:\Driver C\Desktop\fullstack-internship\backend\job-tracker-backend\.venv\Lib\site-packages\sqlalchemy\engine\base.py", line 144, in __init__
    self._dbapi_connection = engine.raw_connection()
                             ~~~~~~~~~~~~~~~~~~~~~^^
  File "D:\Driver C\Desktop\fullstack-internship\backend\job-tracker-backend\.venv\Lib\site-packages\sqlalchemy\engine\base.py", line 3319, in raw_connection
    return self.pool.connect()
           ~~~~~~~~~~~~~~~~~^^
  File "D:\Driver C\Desktop\fullstack-internship\backend\job-tracker-backend\.venv\Lib\site-packages\sqlalchemy\pool\base.py", line 448, in connect
    return _ConnectionFairy._checkout(self)
           ~~~~~~~~~~~~~~~~~~~~~~~~~~^^^^^^
  File "D:\Driver C\Desktop\fullstack-internship\backend\job-tracker-backend\.venv\Lib\site-packages\sqlalchemy\pool\base.py", line 1272, in _checkout
    fairy = _ConnectionRecord.checkout(pool)
  File "D:\Driver C\Desktop\fullstack-internship\backend\job-tracker-backend\.venv\Lib\site-packages\sqlalchemy\pool\base.py", line 712, in checkout
    rec = pool._do_get()
  File "D:\Driver C\Desktop\fullstack-internship\backend\job-tracker-backend\.venv\Lib\site-packages\sqlalchemy\pool\impl.py", line 178, in _do_get
    with util.safe_reraise():
         ~~~~~~~~~~~~~~~~~^^
  File "D:\Driver C\Desktop\fullstack-internship\backend\job-tracker-backend\.venv\Lib\site-packages\sqlalchemy\util\langhelpers.py", line 122, in __exit__
    raise exc_value.with_traceback(exc_tb)
  File "D:\Driver C\Desktop\fullstack-internship\backend\job-tracker-backend\.venv\Lib\site-packages\sqlalchemy\pool\impl.py", line 176, in _do_get
    return self._create_connection()
           ~~~~~~~~~~~~~~~~~~~~~~~^^
  File "D:\Driver C\Desktop\fullstack-internship\backend\job-tracker-backend\.venv\Lib\site-packages\sqlalchemy\pool\base.py", line 389, in _create_connection
    return _ConnectionRecord(self)
  File "D:\Driver C\Desktop\fullstack-internship\backend\job-tracker-backend\.venv\Lib\site-packages\sqlalchemy\pool\base.py", line 674, in __init__
    self.__connect()
    ~~~~~~~~~~~~~~^^
  File "D:\Driver C\Desktop\fullstack-internship\backend\job-tracker-backend\.venv\Lib\site-packages\sqlalchemy\pool\base.py", line 900, in __connect
    with util.safe_reraise():
         ~~~~~~~~~~~~~~~~~^^
  File "D:\Driver C\Desktop\fullstack-internship\backend\job-tracker-backend\.venv\Lib\site-packages\sqlalchemy\util\langhelpers.py", line 122, in __exit__
    raise exc_value.with_traceback(exc_tb)
  File "D:\Driver C\Desktop\fullstack-internship\backend\job-tracker-backend\.venv\Lib\site-packages\sqlalchemy\pool\base.py", line 896, in __connect
    self.dbapi_connection = connection = pool._invoke_creator(self)
                                         ~~~~~~~~~~~~~~~~~~~~^^^^^^
  File "D:\Driver C\Desktop\fullstack-internship\backend\job-tracker-backend\.venv\Lib\site-packages\sqlalchemy\engine\create.py", line 667, in connect
    return dialect.connect(*cargs_tup, **cparams)
           ~~~~~~~~~~~~~~~^^^^^^^^^^^^^^^^^^^^^^^
  File "D:\Driver C\Desktop\fullstack-internship\backend\job-tracker-backend\.venv\Lib\site-packages\sqlalchemy\engine\default.py", line 630, in connect
    return self.loaded_dbapi.connect(*cargs, **cparams)  # type: ignore[no-any-return]  # NOQA: E501
           ~~~~~~~~~~~~~~~~~~~~~~~~~^^^^^^^^^^^^^^^^^^^
  File "D:\Driver C\Desktop\fullstack-internship\backend\job-tracker-backend\.venv\Lib\site-packages\psycopg2\__init__.py", line 135, in connect
    conn = _connect(dsn, connection_factory=connection_factory, **kwasync)
psycopg2.OperationalError: connection to server at "localhost" (::1), port 5432 failed: FATAL:  password authentication failed for user "postgres"


The above exception was the direct cause of the following exception:

Traceback (most recent call last):
  File "D:\Driver C\Desktop\fullstack-internship\backend\job-tracker-backend\.venv\Lib\site-packages\graphql\execution\execute.py", line 562, in execute_field
    result = resolve_fn(source, info, **args)
  File "D:\Driver C\Desktop\fullstack-internship\backend\job-tracker-backend\.venv\Lib\site-packages\strawberry\schema\schema_converter.py", line 1049, in _resolver
    return _get_result_with_extensions(
        _source,
        strawberry_info,
        **kwargs,
    )
  File "D:\Driver C\Desktop\fullstack-internship\backend\job-tracker-backend\.venv\Lib\site-packages\strawberry\schema\schema_converter.py", line 1035, in extension_resolver
    return reduce(
           ~~~~~~~
    ...<2 lines>...
        wrapped_get_result,
        ~~~~~~~~~~~~~~~~~~~
    )(_source, info, **field_kwargs)
    ~^^^^^^^^^^^^^^^^^^^^^^^^^^^^^^^
  File "D:\Driver C\Desktop\fullstack-internship\backend\job-tracker-backend\.venv\Lib\site-packages\strawberry\schema\schema_converter.py", line 1027, in wrapped_get_result
    return _get_result(
        _source,
    ...<2 lines>...
        field_kwargs=kwargs,
    )
  File "D:\Driver C\Desktop\fullstack-internship\backend\job-tracker-backend\.venv\Lib\site-packages\strawberry\schema\schema_converter.py", line 913, in _get_result
    return field.get_result(
           ~~~~~~~~~~~~~~~~^
        _source, info=info, args=field_args, kwargs=field_kwargs
        ^^^^^^^^^^^^^^^^^^^^^^^^^^^^^^^^^^^^^^^^^^^^^^^^^^^^^^^^
    )
    ^
  File "D:\Driver C\Desktop\fullstack-internship\backend\job-tracker-backend\.venv\Lib\site-packages\strawberry\types\field.py", line 232, in get_result
    return self.base_resolver(*args, **kwargs)
           ~~~~~~~~~~~~~~~~~~^^^^^^^^^^^^^^^^^
  File "D:\Driver C\Desktop\fullstack-internship\backend\job-tracker-backend\.venv\Lib\site-packages\strawberry\types\fields\resolver.py", line 238, in __call__
    return self.wrapped_func(*args, **kwargs)
           ~~~~~~~~~~~~~~~~~^^^^^^^^^^^^^^^^^
  File "D:\Driver C\Desktop\fullstack-internship\backend\job-tracker-backend\auth.py", line 10, in login_user
    user = db.query(models.User).filter(user_input.email == models.User.email).first()
  File "D:\Driver C\Desktop\fullstack-internship\backend\job-tracker-backend\.venv\Lib\site-packages\sqlalchemy\orm\query.py", line 2766, in first
    return self.limit(1)._iter().first()  # type: ignore
           ~~~~~~~~~~~~~~~~~~~^^
  File "D:\Driver C\Desktop\fullstack-internship\backend\job-tracker-backend\.venv\Lib\site-packages\sqlalchemy\orm\query.py", line 2864, in _iter
    result: Union[ScalarResult[_T], Result[_T]] = self.session.execute(
                                                  ~~~~~~~~~~~~~~~~~~~~^
        statement,
        ^^^^^^^^^^
        params,
        ^^^^^^^
        execution_options={"_sa_orm_load_options": self.load_options},
        ^^^^^^^^^^^^^^^^^^^^^^^^^^^^^^^^^^^^^^^^^^^^^^^^^^^^^^^^^^^^^^
    )
    ^
  File "D:\Driver C\Desktop\fullstack-internship\backend\job-tracker-backend\.venv\Lib\site-packages\sqlalchemy\orm\session.py", line 2373, in execute
    return self._execute_internal(
           ~~~~~~~~~~~~~~~~~~~~~~^
        statement,
        ^^^^^^^^^^
    ...<4 lines>...
        _add_event=_add_event,
        ^^^^^^^^^^^^^^^^^^^^^^
    )
    ^
  File "D:\Driver C\Desktop\fullstack-internship\backend\job-tracker-backend\.venv\Lib\site-packages\sqlalchemy\orm\session.py", line 2261, in _execute_internal
    conn = self._connection_for_bind(bind)
  File "D:\Driver C\Desktop\fullstack-internship\backend\job-tracker-backend\.venv\Lib\site-packages\sqlalchemy\orm\session.py", line 2113, in _connection_for_bind
    return trans._connection_for_bind(engine, execution_options)
           ~~~~~~~~~~~~~~~~~~~~~~~~~~^^^^^^^^^^^^^^^^^^^^^^^^^^^
  File "<string>", line 2, in _connection_for_bind
  File "D:\Driver C\Desktop\fullstack-internship\backend\job-tracker-backend\.venv\Lib\site-packages\sqlalchemy\orm\state_changes.py", line 137, in _go
    ret_value = fn(self, *arg, **kw)
  File "D:\Driver C\Desktop\fullstack-internship\backend\job-tracker-backend\.venv\Lib\site-packages\sqlalchemy\orm\session.py", line 1191, in _connection_for_bind
    conn = bind.connect()
  File "D:\Driver C\Desktop\fullstack-internship\backend\job-tracker-backend\.venv\Lib\site-packages\sqlalchemy\engine\base.py", line 3295, in connect
    return self._connection_cls(self)
           ~~~~~~~~~~~~~~~~~~~~^^^^^^
  File "D:\Driver C\Desktop\fullstack-internship\backend\job-tracker-backend\.venv\Lib\site-packages\sqlalchemy\engine\base.py", line 146, in __init__
    Connection._handle_dbapi_exception_noconnection(
    ~~~~~~~~~~~~~~~~~~~~~~~~~~~~~~~~~~~~~~~~~~~~~~~^
        err, dialect, engine
        ^^^^^^^^^^^^^^^^^^^^
    )
    ^
  File "D:\Driver C\Desktop\fullstack-internship\backend\job-tracker-backend\.venv\Lib\site-packages\sqlalchemy\engine\base.py", line 2450, in _handle_dbapi_exception_noconnection
    raise sqlalchemy_exception.with_traceback(exc_info[2]) from e
  File "D:\Driver C\Desktop\fullstack-internship\backend\job-tracker-backend\.venv\Lib\site-packages\sqlalchemy\engine\base.py", line 144, in __init__
    self._dbapi_connection = engine.raw_connection()
                             ~~~~~~~~~~~~~~~~~~~~~^^
  File "D:\Driver C\Desktop\fullstack-internship\backend\job-tracker-backend\.venv\Lib\site-packages\sqlalchemy\engine\base.py", line 3319, in raw_connection
    return self.pool.connect()
           ~~~~~~~~~~~~~~~~~^^
  File "D:\Driver C\Desktop\fullstack-internship\backend\job-tracker-backend\.venv\Lib\site-packages\sqlalchemy\pool\base.py", line 448, in connect
    return _ConnectionFairy._checkout(self)
           ~~~~~~~~~~~~~~~~~~~~~~~~~~^^^^^^
  File "D:\Driver C\Desktop\fullstack-internship\backend\job-tracker-backend\.venv\Lib\site-packages\sqlalchemy\pool\base.py", line 1272, in _checkout
    fairy = _ConnectionRecord.checkout(pool)
  File "D:\Driver C\Desktop\fullstack-internship\backend\job-tracker-backend\.venv\Lib\site-packages\sqlalchemy\pool\base.py", line 712, in checkout
    rec = pool._do_get()
  File "D:\Driver C\Desktop\fullstack-internship\backend\job-tracker-backend\.venv\Lib\site-packages\sqlalchemy\pool\impl.py", line 178, in _do_get
    with util.safe_reraise():
         ~~~~~~~~~~~~~~~~~^^
  File "D:\Driver C\Desktop\fullstack-internship\backend\job-tracker-backend\.venv\Lib\site-packages\sqlalchemy\util\langhelpers.py", line 122, in __exit__
    raise exc_value.with_traceback(exc_tb)
  File "D:\Driver C\Desktop\fullstack-internship\backend\job-tracker-backend\.venv\Lib\site-packages\sqlalchemy\pool\impl.py", line 176, in _do_get
    return self._create_connection()
           ~~~~~~~~~~~~~~~~~~~~~~~^^
  File "D:\Driver C\Desktop\fullstack-internship\backend\job-tracker-backend\.venv\Lib\site-packages\sqlalchemy\pool\base.py", line 389, in _create_connection
    return _ConnectionRecord(self)
  File "D:\Driver C\Desktop\fullstack-internship\backend\job-tracker-backend\.venv\Lib\site-packages\sqlalchemy\pool\base.py", line 674, in __init__
    self.__connect()
    ~~~~~~~~~~~~~~^^
  File "D:\Driver C\Desktop\fullstack-internship\backend\job-tracker-backend\.venv\Lib\site-packages\sqlalchemy\pool\base.py", line 900, in __connect
    with util.safe_reraise():
         ~~~~~~~~~~~~~~~~~^^
  File "D:\Driver C\Desktop\fullstack-internship\backend\job-tracker-backend\.venv\Lib\site-packages\sqlalchemy\util\langhelpers.py", line 122, in __exit__
    raise exc_value.with_traceback(exc_tb)
  File "D:\Driver C\Desktop\fullstack-internship\backend\job-tracker-backend\.venv\Lib\site-packages\sqlalchemy\pool\base.py", line 896, in __connect
    self.dbapi_connection = connection = pool._invoke_creator(self)
                                         ~~~~~~~~~~~~~~~~~~~~^^^^^^
  File "D:\Driver C\Desktop\fullstack-internship\backend\job-tracker-backend\.venv\Lib\site-packages\sqlalchemy\engine\create.py", line 667, in connect
    return dialect.connect(*cargs_tup, **cparams)
           ~~~~~~~~~~~~~~~^^^^^^^^^^^^^^^^^^^^^^^
  File "D:\Driver C\Desktop\fullstack-internship\backend\job-tracker-backend\.venv\Lib\site-packages\sqlalchemy\engine\default.py", line 630, in connect
    return self.loaded_dbapi.connect(*cargs, **cparams)  # type: ignore[no-any-return]  # NOQA: E501
           ~~~~~~~~~~~~~~~~~~~~~~~~~^^^^^^^^^^^^^^^^^^^
  File "D:\Driver C\Desktop\fullstack-internship\backend\job-tracker-backend\.venv\Lib\site-packages\psycopg2\__init__.py", line 135, in connect
    conn = _connect(dsn, connection_factory=connection_factory, **kwasync)
sqlalchemy.exc.OperationalError: (psycopg2.OperationalError) connection to server at "localhost" (::1), port 5432 failed: FATAL:  password authentication failed for user "postgres"

(Background on this error at: https://sqlalche.me/e/20/e3q8)
INFO:     127.0.0.1:57240 - "POST /graphql HTTP/1.1" 200 OK
(psycopg2.OperationalError) connection to server at "localhost" (::1), port 5432 failed: FATAL:  password authentication failed for user "postgres"

(Background on this error at: https://sqlalche.me/e/20/e3q8)

GraphQL request:2:3
1 | mutation LoginUser($userInput: UserLogin!) {
2 |   loginUser(userInput: $userInput) {
  |   ^
3 |     accessToken
Traceback (most recent call last):
  File "D:\Driver C\Desktop\fullstack-internship\backend\job-tracker-backend\.venv\Lib\site-packages\sqlalchemy\engine\base.py", line 144, in __init__
    self._dbapi_connection = engine.raw_connection()
                             ~~~~~~~~~~~~~~~~~~~~~^^
  File "D:\Driver C\Desktop\fullstack-internship\backend\job-tracker-backend\.venv\Lib\site-packages\sqlalchemy\engine\base.py", line 3319, in raw_connection
    return self.pool.connect()
           ~~~~~~~~~~~~~~~~~^^
  File "D:\Driver C\Desktop\fullstack-internship\backend\job-tracker-backend\.venv\Lib\site-packages\sqlalchemy\pool\base.py", line 448, in connect
    return _ConnectionFairy._checkout(self)
           ~~~~~~~~~~~~~~~~~~~~~~~~~~^^^^^^
  File "D:\Driver C\Desktop\fullstack-internship\backend\job-tracker-backend\.venv\Lib\site-packages\sqlalchemy\pool\base.py", line 1272, in _checkout
    fairy = _ConnectionRecord.checkout(pool)
  File "D:\Driver C\Desktop\fullstack-internship\backend\job-tracker-backend\.venv\Lib\site-packages\sqlalchemy\pool\base.py", line 712, in checkout
    rec = pool._do_get()
  File "D:\Driver C\Desktop\fullstack-internship\backend\job-tracker-backend\.venv\Lib\site-packages\sqlalchemy\pool\impl.py", line 178, in _do_get
    with util.safe_reraise():
         ~~~~~~~~~~~~~~~~~^^
  File "D:\Driver C\Desktop\fullstack-internship\backend\job-tracker-backend\.venv\Lib\site-packages\sqlalchemy\util\langhelpers.py", line 122, in __exit__
    raise exc_value.with_traceback(exc_tb)
  File "D:\Driver C\Desktop\fullstack-internship\backend\job-tracker-backend\.venv\Lib\site-packages\sqlalchemy\pool\impl.py", line 176, in _do_get
    return self._create_connection()
           ~~~~~~~~~~~~~~~~~~~~~~~^^
  File "D:\Driver C\Desktop\fullstack-internship\backend\job-tracker-backend\.venv\Lib\site-packages\sqlalchemy\pool\base.py", line 389, in _create_connection
    return _ConnectionRecord(self)
  File "D:\Driver C\Desktop\fullstack-internship\backend\job-tracker-backend\.venv\Lib\site-packages\sqlalchemy\pool\base.py", line 674, in __init__
    self.__connect()
    ~~~~~~~~~~~~~~^^
  File "D:\Driver C\Desktop\fullstack-internship\backend\job-tracker-backend\.venv\Lib\site-packages\sqlalchemy\pool\base.py", line 900, in __connect
    with util.safe_reraise():
         ~~~~~~~~~~~~~~~~~^^
  File "D:\Driver C\Desktop\fullstack-internship\backend\job-tracker-backend\.venv\Lib\site-packages\sqlalchemy\util\langhelpers.py", line 122, in __exit__
    raise exc_value.with_traceback(exc_tb)
  File "D:\Driver C\Desktop\fullstack-internship\backend\job-tracker-backend\.venv\Lib\site-packages\sqlalchemy\pool\base.py", line 896, in __connect
    self.dbapi_connection = connection = pool._invoke_creator(self)
                                         ~~~~~~~~~~~~~~~~~~~~^^^^^^
  File "D:\Driver C\Desktop\fullstack-internship\backend\job-tracker-backend\.venv\Lib\site-packages\sqlalchemy\engine\create.py", line 667, in connect
    return dialect.connect(*cargs_tup, **cparams)
           ~~~~~~~~~~~~~~~^^^^^^^^^^^^^^^^^^^^^^^
  File "D:\Driver C\Desktop\fullstack-internship\backend\job-tracker-backend\.venv\Lib\site-packages\sqlalchemy\engine\default.py", line 630, in connect
    return self.loaded_dbapi.connect(*cargs, **cparams)  # type: ignore[no-any-return]  # NOQA: E501
           ~~~~~~~~~~~~~~~~~~~~~~~~~^^^^^^^^^^^^^^^^^^^
  File "D:\Driver C\Desktop\fullstack-internship\backend\job-tracker-backend\.venv\Lib\site-packages\psycopg2\__init__.py", line 135, in connect
    conn = _connect(dsn, connection_factory=connection_factory, **kwasync)
psycopg2.OperationalError: connection to server at "localhost" (::1), port 5432 failed: FATAL:  password authentication failed for user "postgres"


The above exception was the direct cause of the following exception:

Traceback (most recent call last):
  File "D:\Driver C\Desktop\fullstack-internship\backend\job-tracker-backend\.venv\Lib\site-packages\graphql\execution\execute.py", line 562, in execute_field
    result = resolve_fn(source, info, **args)
  File "D:\Driver C\Desktop\fullstack-internship\backend\job-tracker-backend\.venv\Lib\site-packages\strawberry\schema\schema_converter.py", line 1049, in _resolver
    return _get_result_with_extensions(
        _source,
        strawberry_info,
        **kwargs,
    )
  File "D:\Driver C\Desktop\fullstack-internship\backend\job-tracker-backend\.venv\Lib\site-packages\strawberry\schema\schema_converter.py", line 1035, in extension_resolver
    return reduce(
           ~~~~~~~
    ...<2 lines>...
        wrapped_get_result,
        ~~~~~~~~~~~~~~~~~~~
    )(_source, info, **field_kwargs)
    ~^^^^^^^^^^^^^^^^^^^^^^^^^^^^^^^
  File "D:\Driver C\Desktop\fullstack-internship\backend\job-tracker-backend\.venv\Lib\site-packages\strawberry\schema\schema_converter.py", line 1027, in wrapped_get_result
    return _get_result(
        _source,
    ...<2 lines>...
        field_kwargs=kwargs,
    )
  File "D:\Driver C\Desktop\fullstack-internship\backend\job-tracker-backend\.venv\Lib\site-packages\strawberry\schema\schema_converter.py", line 913, in _get_result
    return field.get_result(
           ~~~~~~~~~~~~~~~~^
        _source, info=info, args=field_args, kwargs=field_kwargs
        ^^^^^^^^^^^^^^^^^^^^^^^^^^^^^^^^^^^^^^^^^^^^^^^^^^^^^^^^
    )
    ^
  File "D:\Driver C\Desktop\fullstack-internship\backend\job-tracker-backend\.venv\Lib\site-packages\strawberry\types\field.py", line 232, in get_result
    return self.base_resolver(*args, **kwargs)
           ~~~~~~~~~~~~~~~~~~^^^^^^^^^^^^^^^^^
  File "D:\Driver C\Desktop\fullstack-internship\backend\job-tracker-backend\.venv\Lib\site-packages\strawberry\types\fields\resolver.py", line 238, in __call__
    return self.wrapped_func(*args, **kwargs)
           ~~~~~~~~~~~~~~~~~^^^^^^^^^^^^^^^^^
  File "D:\Driver C\Desktop\fullstack-internship\backend\job-tracker-backend\auth.py", line 10, in login_user
    user = db.query(models.User).filter(user_input.email == models.User.email).first()
  File "D:\Driver C\Desktop\fullstack-internship\backend\job-tracker-backend\.venv\Lib\site-packages\sqlalchemy\orm\query.py", line 2766, in first
    return self.limit(1)._iter().first()  # type: ignore
           ~~~~~~~~~~~~~~~~~~~^^
  File "D:\Driver C\Desktop\fullstack-internship\backend\job-tracker-backend\.venv\Lib\site-packages\sqlalchemy\orm\query.py", line 2864, in _iter
    result: Union[ScalarResult[_T], Result[_T]] = self.session.execute(
                                                  ~~~~~~~~~~~~~~~~~~~~^
        statement,
        ^^^^^^^^^^
        params,
        ^^^^^^^
        execution_options={"_sa_orm_load_options": self.load_options},
        ^^^^^^^^^^^^^^^^^^^^^^^^^^^^^^^^^^^^^^^^^^^^^^^^^^^^^^^^^^^^^^
    )
    ^
  File "D:\Driver C\Desktop\fullstack-internship\backend\job-tracker-backend\.venv\Lib\site-packages\sqlalchemy\orm\session.py", line 2373, in execute
    return self._execute_internal(
           ~~~~~~~~~~~~~~~~~~~~~~^
        statement,
        ^^^^^^^^^^
    ...<4 lines>...
        _add_event=_add_event,
        ^^^^^^^^^^^^^^^^^^^^^^
    )
    ^
  File "D:\Driver C\Desktop\fullstack-internship\backend\job-tracker-backend\.venv\Lib\site-packages\sqlalchemy\orm\session.py", line 2261, in _execute_internal
    conn = self._connection_for_bind(bind)
  File "D:\Driver C\Desktop\fullstack-internship\backend\job-tracker-backend\.venv\Lib\site-packages\sqlalchemy\orm\session.py", line 2113, in _connection_for_bind
    return trans._connection_for_bind(engine, execution_options)
           ~~~~~~~~~~~~~~~~~~~~~~~~~~^^^^^^^^^^^^^^^^^^^^^^^^^^^
  File "<string>", line 2, in _connection_for_bind
  File "D:\Driver C\Desktop\fullstack-internship\backend\job-tracker-backend\.venv\Lib\site-packages\sqlalchemy\orm\state_changes.py", line 137, in _go
    ret_value = fn(self, *arg, **kw)
  File "D:\Driver C\Desktop\fullstack-internship\backend\job-tracker-backend\.venv\Lib\site-packages\sqlalchemy\orm\session.py", line 1191, in _connection_for_bind
    conn = bind.connect()
  File "D:\Driver C\Desktop\fullstack-internship\backend\job-tracker-backend\.venv\Lib\site-packages\sqlalchemy\engine\base.py", line 3295, in connect
    return self._connection_cls(self)
           ~~~~~~~~~~~~~~~~~~~~^^^^^^
  File "D:\Driver C\Desktop\fullstack-internship\backend\job-tracker-backend\.venv\Lib\site-packages\sqlalchemy\engine\base.py", line 146, in __init__
    Connection._handle_dbapi_exception_noconnection(
    ~~~~~~~~~~~~~~~~~~~~~~~~~~~~~~~~~~~~~~~~~~~~~~~^
        err, dialect, engine
        ^^^^^^^^^^^^^^^^^^^^
    )
    ^
  File "D:\Driver C\Desktop\fullstack-internship\backend\job-tracker-backend\.venv\Lib\site-packages\sqlalchemy\engine\base.py", line 2450, in _handle_dbapi_exception_noconnection
    raise sqlalchemy_exception.with_traceback(exc_info[2]) from e
  File "D:\Driver C\Desktop\fullstack-internship\backend\job-tracker-backend\.venv\Lib\site-packages\sqlalchemy\engine\base.py", line 144, in __init__
    self._dbapi_connection = engine.raw_connection()
                             ~~~~~~~~~~~~~~~~~~~~~^^
  File "D:\Driver C\Desktop\fullstack-internship\backend\job-tracker-backend\.venv\Lib\site-packages\sqlalchemy\engine\base.py", line 3319, in raw_connection
    return self.pool.connect()
           ~~~~~~~~~~~~~~~~~^^
  File "D:\Driver C\Desktop\fullstack-internship\backend\job-tracker-backend\.venv\Lib\site-packages\sqlalchemy\pool\base.py", line 448, in connect
    return _ConnectionFairy._checkout(self)
           ~~~~~~~~~~~~~~~~~~~~~~~~~~^^^^^^
  File "D:\Driver C\Desktop\fullstack-internship\backend\job-tracker-backend\.venv\Lib\site-packages\sqlalchemy\pool\base.py", line 1272, in _checkout
    fairy = _ConnectionRecord.checkout(pool)
  File "D:\Driver C\Desktop\fullstack-internship\backend\job-tracker-backend\.venv\Lib\site-packages\sqlalchemy\pool\base.py", line 712, in checkout
    rec = pool._do_get()
  File "D:\Driver C\Desktop\fullstack-internship\backend\job-tracker-backend\.venv\Lib\site-packages\sqlalchemy\pool\impl.py", line 178, in _do_get
    with util.safe_reraise():
         ~~~~~~~~~~~~~~~~~^^
  File "D:\Driver C\Desktop\fullstack-internship\backend\job-tracker-backend\.venv\Lib\site-packages\sqlalchemy\util\langhelpers.py", line 122, in __exit__
    raise exc_value.with_traceback(exc_tb)
  File "D:\Driver C\Desktop\fullstack-internship\backend\job-tracker-backend\.venv\Lib\site-packages\sqlalchemy\pool\impl.py", line 176, in _do_get
    return self._create_connection()
           ~~~~~~~~~~~~~~~~~~~~~~~^^
  File "D:\Driver C\Desktop\fullstack-internship\backend\job-tracker-backend\.venv\Lib\site-packages\sqlalchemy\pool\base.py", line 389, in _create_connection
    return _ConnectionRecord(self)
  File "D:\Driver C\Desktop\fullstack-internship\backend\job-tracker-backend\.venv\Lib\site-packages\sqlalchemy\pool\base.py", line 674, in __init__
    self.__connect()
    ~~~~~~~~~~~~~~^^
  File "D:\Driver C\Desktop\fullstack-internship\backend\job-tracker-backend\.venv\Lib\site-packages\sqlalchemy\pool\base.py", line 900, in __connect
    with util.safe_reraise():
         ~~~~~~~~~~~~~~~~~^^
  File "D:\Driver C\Desktop\fullstack-internship\backend\job-tracker-backend\.venv\Lib\site-packages\sqlalchemy\util\langhelpers.py", line 122, in __exit__
    raise exc_value.with_traceback(exc_tb)
  File "D:\Driver C\Desktop\fullstack-internship\backend\job-tracker-backend\.venv\Lib\site-packages\sqlalchemy\pool\base.py", line 896, in __connect
    self.dbapi_connection = connection = pool._invoke_creator(self)
                                         ~~~~~~~~~~~~~~~~~~~~^^^^^^
  File "D:\Driver C\Desktop\fullstack-internship\backend\job-tracker-backend\.venv\Lib\site-packages\sqlalchemy\engine\create.py", line 667, in connect
    return dialect.connect(*cargs_tup, **cparams)
           ~~~~~~~~~~~~~~~^^^^^^^^^^^^^^^^^^^^^^^
  File "D:\Driver C\Desktop\fullstack-internship\backend\job-tracker-backend\.venv\Lib\site-packages\sqlalchemy\engine\default.py", line 630, in connect
    return self.loaded_dbapi.connect(*cargs, **cparams)  # type: ignore[no-any-return]  # NOQA: E501
           ~~~~~~~~~~~~~~~~~~~~~~~~~^^^^^^^^^^^^^^^^^^^
  File "D:\Driver C\Desktop\fullstack-internship\backend\job-tracker-backend\.venv\Lib\site-packages\psycopg2\__init__.py", line 135, in connect
    conn = _connect(dsn, connection_factory=connection_factory, **kwasync)
sqlalchemy.exc.OperationalError: (psycopg2.OperationalError) connection to server at "localhost" (::1), port 5432 failed: FATAL:  password authentication failed for user "postgres"

(Background on this error at: https://sqlalche.me/e/20/e3q8)
INFO:     127.0.0.1:57237 - "POST /graphql HTTP/1.1" 200 OK
INFO:     127.0.0.1:57430 - "OPTIONS /graphql HTTP/1.1" 200 OK
(psycopg2.OperationalError) connection to server at "localhost" (::1), port 5432 failed: FATAL:  password authentication failed for user "postgres"

(Background on this error at: https://sqlalche.me/e/20/e3q8)

GraphQL request:2:3
1 | mutation LoginUser($userInput: UserLogin!) {
2 |   loginUser(userInput: $userInput) {
  |   ^
3 |     accessToken
Traceback (most recent call last):
  File "D:\Driver C\Desktop\fullstack-internship\backend\job-tracker-backend\.venv\Lib\site-packages\sqlalchemy\engine\base.py", line 144, in __init__
    self._dbapi_connection = engine.raw_connection()
                             ~~~~~~~~~~~~~~~~~~~~~^^
  File "D:\Driver C\Desktop\fullstack-internship\backend\job-tracker-backend\.venv\Lib\site-packages\sqlalchemy\engine\base.py", line 3319, in raw_connection
    return self.pool.connect()
           ~~~~~~~~~~~~~~~~~^^
  File "D:\Driver C\Desktop\fullstack-internship\backend\job-tracker-backend\.venv\Lib\site-packages\sqlalchemy\pool\base.py", line 448, in connect
    return _ConnectionFairy._checkout(self)
           ~~~~~~~~~~~~~~~~~~~~~~~~~~^^^^^^
  File "D:\Driver C\Desktop\fullstack-internship\backend\job-tracker-backend\.venv\Lib\site-packages\sqlalchemy\pool\base.py", line 1272, in _checkout
    fairy = _ConnectionRecord.checkout(pool)
  File "D:\Driver C\Desktop\fullstack-internship\backend\job-tracker-backend\.venv\Lib\site-packages\sqlalchemy\pool\base.py", line 712, in checkout
    rec = pool._do_get()
  File "D:\Driver C\Desktop\fullstack-internship\backend\job-tracker-backend\.venv\Lib\site-packages\sqlalchemy\pool\impl.py", line 178, in _do_get
    with util.safe_reraise():
         ~~~~~~~~~~~~~~~~~^^
  File "D:\Driver C\Desktop\fullstack-internship\backend\job-tracker-backend\.venv\Lib\site-packages\sqlalchemy\util\langhelpers.py", line 122, in __exit__
    raise exc_value.with_traceback(exc_tb)
  File "D:\Driver C\Desktop\fullstack-internship\backend\job-tracker-backend\.venv\Lib\site-packages\sqlalchemy\pool\impl.py", line 176, in _do_get
    return self._create_connection()
           ~~~~~~~~~~~~~~~~~~~~~~~^^
  File "D:\Driver C\Desktop\fullstack-internship\backend\job-tracker-backend\.venv\Lib\site-packages\sqlalchemy\pool\base.py", line 389, in _create_connection
    return _ConnectionRecord(self)
  File "D:\Driver C\Desktop\fullstack-internship\backend\job-tracker-backend\.venv\Lib\site-packages\sqlalchemy\pool\base.py", line 674, in __init__
    self.__connect()
    ~~~~~~~~~~~~~~^^
  File "D:\Driver C\Desktop\fullstack-internship\backend\job-tracker-backend\.venv\Lib\site-packages\sqlalchemy\pool\base.py", line 900, in __connect
    with util.safe_reraise():
         ~~~~~~~~~~~~~~~~~^^
  File "D:\Driver C\Desktop\fullstack-internship\backend\job-tracker-backend\.venv\Lib\site-packages\sqlalchemy\util\langhelpers.py", line 122, in __exit__
    raise exc_value.with_traceback(exc_tb)
  File "D:\Driver C\Desktop\fullstack-internship\backend\job-tracker-backend\.venv\Lib\site-packages\sqlalchemy\pool\base.py", line 896, in __connect
    self.dbapi_connection = connection = pool._invoke_creator(self)
                                         ~~~~~~~~~~~~~~~~~~~~^^^^^^
  File "D:\Driver C\Desktop\fullstack-internship\backend\job-tracker-backend\.venv\Lib\site-packages\sqlalchemy\engine\create.py", line 667, in connect
    return dialect.connect(*cargs_tup, **cparams)
           ~~~~~~~~~~~~~~~^^^^^^^^^^^^^^^^^^^^^^^
  File "D:\Driver C\Desktop\fullstack-internship\backend\job-tracker-backend\.venv\Lib\site-packages\sqlalchemy\engine\default.py", line 630, in connect
    return self.loaded_dbapi.connect(*cargs, **cparams)  # type: ignore[no-any-return]  # NOQA: E501
           ~~~~~~~~~~~~~~~~~~~~~~~~~^^^^^^^^^^^^^^^^^^^
  File "D:\Driver C\Desktop\fullstack-internship\backend\job-tracker-backend\.venv\Lib\site-packages\psycopg2\__init__.py", line 135, in connect
    conn = _connect(dsn, connection_factory=connection_factory, **kwasync)
psycopg2.OperationalError: connection to server at "localhost" (::1), port 5432 failed: FATAL:  password authentication failed for user "postgres"


The above exception was the direct cause of the following exception:

Traceback (most recent call last):
  File "D:\Driver C\Desktop\fullstack-internship\backend\job-tracker-backend\.venv\Lib\site-packages\graphql\execution\execute.py", line 562, in execute_field
    result = resolve_fn(source, info, **args)
  File "D:\Driver C\Desktop\fullstack-internship\backend\job-tracker-backend\.venv\Lib\site-packages\strawberry\schema\schema_converter.py", line 1049, in _resolver
    return _get_result_with_extensions(
        _source,
        strawberry_info,
        **kwargs,
    )
  File "D:\Driver C\Desktop\fullstack-internship\backend\job-tracker-backend\.venv\Lib\site-packages\strawberry\schema\schema_converter.py", line 1035, in extension_resolver
    return reduce(
           ~~~~~~~
    ...<2 lines>...
        wrapped_get_result,
        ~~~~~~~~~~~~~~~~~~~
    )(_source, info, **field_kwargs)
    ~^^^^^^^^^^^^^^^^^^^^^^^^^^^^^^^
  File "D:\Driver C\Desktop\fullstack-internship\backend\job-tracker-backend\.venv\Lib\site-packages\strawberry\schema\schema_converter.py", line 1027, in wrapped_get_result
    return _get_result(
        _source,
    ...<2 lines>...
        field_kwargs=kwargs,
    )
  File "D:\Driver C\Desktop\fullstack-internship\backend\job-tracker-backend\.venv\Lib\site-packages\strawberry\schema\schema_converter.py", line 913, in _get_result
    return field.get_result(
           ~~~~~~~~~~~~~~~~^
        _source, info=info, args=field_args, kwargs=field_kwargs
        ^^^^^^^^^^^^^^^^^^^^^^^^^^^^^^^^^^^^^^^^^^^^^^^^^^^^^^^^
    )
    ^
  File "D:\Driver C\Desktop\fullstack-internship\backend\job-tracker-backend\.venv\Lib\site-packages\strawberry\types\field.py", line 232, in get_result
    return self.base_resolver(*args, **kwargs)
           ~~~~~~~~~~~~~~~~~~^^^^^^^^^^^^^^^^^
  File "D:\Driver C\Desktop\fullstack-internship\backend\job-tracker-backend\.venv\Lib\site-packages\strawberry\types\fields\resolver.py", line 238, in __call__
    return self.wrapped_func(*args, **kwargs)
           ~~~~~~~~~~~~~~~~~^^^^^^^^^^^^^^^^^
  File "D:\Driver C\Desktop\fullstack-internship\backend\job-tracker-backend\auth.py", line 10, in login_user
    user = db.query(models.User).filter(user_input.email == models.User.email).first()
  File "D:\Driver C\Desktop\fullstack-internship\backend\job-tracker-backend\.venv\Lib\site-packages\sqlalchemy\orm\query.py", line 2766, in first
    return self.limit(1)._iter().first()  # type: ignore
           ~~~~~~~~~~~~~~~~~~~^^
  File "D:\Driver C\Desktop\fullstack-internship\backend\job-tracker-backend\.venv\Lib\site-packages\sqlalchemy\orm\query.py", line 2864, in _iter
    result: Union[ScalarResult[_T], Result[_T]] = self.session.execute(
                                                  ~~~~~~~~~~~~~~~~~~~~^
        statement,
        ^^^^^^^^^^
        params,
        ^^^^^^^
        execution_options={"_sa_orm_load_options": self.load_options},
        ^^^^^^^^^^^^^^^^^^^^^^^^^^^^^^^^^^^^^^^^^^^^^^^^^^^^^^^^^^^^^^
    )
    ^
  File "D:\Driver C\Desktop\fullstack-internship\backend\job-tracker-backend\.venv\Lib\site-packages\sqlalchemy\orm\session.py", line 2373, in execute
    return self._execute_internal(
           ~~~~~~~~~~~~~~~~~~~~~~^
        statement,
        ^^^^^^^^^^
    ...<4 lines>...
        _add_event=_add_event,
        ^^^^^^^^^^^^^^^^^^^^^^
    )
    ^
  File "D:\Driver C\Desktop\fullstack-internship\backend\job-tracker-backend\.venv\Lib\site-packages\sqlalchemy\orm\session.py", line 2261, in _execute_internal
    conn = self._connection_for_bind(bind)
  File "D:\Driver C\Desktop\fullstack-internship\backend\job-tracker-backend\.venv\Lib\site-packages\sqlalchemy\orm\session.py", line 2113, in _connection_for_bind
    return trans._connection_for_bind(engine, execution_options)
           ~~~~~~~~~~~~~~~~~~~~~~~~~~^^^^^^^^^^^^^^^^^^^^^^^^^^^
  File "<string>", line 2, in _connection_for_bind
  File "D:\Driver C\Desktop\fullstack-internship\backend\job-tracker-backend\.venv\Lib\site-packages\sqlalchemy\orm\state_changes.py", line 137, in _go
    ret_value = fn(self, *arg, **kw)
  File "D:\Driver C\Desktop\fullstack-internship\backend\job-tracker-backend\.venv\Lib\site-packages\sqlalchemy\orm\session.py", line 1191, in _connection_for_bind
    conn = bind.connect()
  File "D:\Driver C\Desktop\fullstack-internship\backend\job-tracker-backend\.venv\Lib\site-packages\sqlalchemy\engine\base.py", line 3295, in connect
    return self._connection_cls(self)
           ~~~~~~~~~~~~~~~~~~~~^^^^^^
  File "D:\Driver C\Desktop\fullstack-internship\backend\job-tracker-backend\.venv\Lib\site-packages\sqlalchemy\engine\base.py", line 146, in __init__
    Connection._handle_dbapi_exception_noconnection(
    ~~~~~~~~~~~~~~~~~~~~~~~~~~~~~~~~~~~~~~~~~~~~~~~^
        err, dialect, engine
        ^^^^^^^^^^^^^^^^^^^^
    )
    ^
  File "D:\Driver C\Desktop\fullstack-internship\backend\job-tracker-backend\.venv\Lib\site-packages\sqlalchemy\engine\base.py", line 2450, in _handle_dbapi_exception_noconnection
    raise sqlalchemy_exception.with_traceback(exc_info[2]) from e
  File "D:\Driver C\Desktop\fullstack-internship\backend\job-tracker-backend\.venv\Lib\site-packages\sqlalchemy\engine\base.py", line 144, in __init__
    self._dbapi_connection = engine.raw_connection()
                             ~~~~~~~~~~~~~~~~~~~~~^^
  File "D:\Driver C\Desktop\fullstack-internship\backend\job-tracker-backend\.venv\Lib\site-packages\sqlalchemy\engine\base.py", line 3319, in raw_connection
    return self.pool.connect()
           ~~~~~~~~~~~~~~~~~^^
  File "D:\Driver C\Desktop\fullstack-internship\backend\job-tracker-backend\.venv\Lib\site-packages\sqlalchemy\pool\base.py", line 448, in connect
    return _ConnectionFairy._checkout(self)
           ~~~~~~~~~~~~~~~~~~~~~~~~~~^^^^^^
  File "D:\Driver C\Desktop\fullstack-internship\backend\job-tracker-backend\.venv\Lib\site-packages\sqlalchemy\pool\base.py", line 1272, in _checkout
    fairy = _ConnectionRecord.checkout(pool)
  File "D:\Driver C\Desktop\fullstack-internship\backend\job-tracker-backend\.venv\Lib\site-packages\sqlalchemy\pool\base.py", line 712, in checkout
    rec = pool._do_get()
  File "D:\Driver C\Desktop\fullstack-internship\backend\job-tracker-backend\.venv\Lib\site-packages\sqlalchemy\pool\impl.py", line 178, in _do_get
    with util.safe_reraise():
         ~~~~~~~~~~~~~~~~~^^
  File "D:\Driver C\Desktop\fullstack-internship\backend\job-tracker-backend\.venv\Lib\site-packages\sqlalchemy\util\langhelpers.py", line 122, in __exit__
    raise exc_value.with_traceback(exc_tb)
  File "D:\Driver C\Desktop\fullstack-internship\backend\job-tracker-backend\.venv\Lib\site-packages\sqlalchemy\pool\impl.py", line 176, in _do_get
    return self._create_connection()
           ~~~~~~~~~~~~~~~~~~~~~~~^^
  File "D:\Driver C\Desktop\fullstack-internship\backend\job-tracker-backend\.venv\Lib\site-packages\sqlalchemy\pool\base.py", line 389, in _create_connection
    return _ConnectionRecord(self)
  File "D:\Driver C\Desktop\fullstack-internship\backend\job-tracker-backend\.venv\Lib\site-packages\sqlalchemy\pool\base.py", line 674, in __init__
    self.__connect()
    ~~~~~~~~~~~~~~^^
  File "D:\Driver C\Desktop\fullstack-internship\backend\job-tracker-backend\.venv\Lib\site-packages\sqlalchemy\pool\base.py", line 900, in __connect
    with util.safe_reraise():
         ~~~~~~~~~~~~~~~~~^^
  File "D:\Driver C\Desktop\fullstack-internship\backend\job-tracker-backend\.venv\Lib\site-packages\sqlalchemy\util\langhelpers.py", line 122, in __exit__
    raise exc_value.with_traceback(exc_tb)
  File "D:\Driver C\Desktop\fullstack-internship\backend\job-tracker-backend\.venv\Lib\site-packages\sqlalchemy\pool\base.py", line 896, in __connect
    self.dbapi_connection = connection = pool._invoke_creator(self)
                                         ~~~~~~~~~~~~~~~~~~~~^^^^^^
  File "D:\Driver C\Desktop\fullstack-internship\backend\job-tracker-backend\.venv\Lib\site-packages\sqlalchemy\engine\create.py", line 667, in connect
    return dialect.connect(*cargs_tup, **cparams)
           ~~~~~~~~~~~~~~~^^^^^^^^^^^^^^^^^^^^^^^
  File "D:\Driver C\Desktop\fullstack-internship\backend\job-tracker-backend\.venv\Lib\site-packages\sqlalchemy\engine\default.py", line 630, in connect
    return self.loaded_dbapi.connect(*cargs, **cparams)  # type: ignore[no-any-return]  # NOQA: E501
           ~~~~~~~~~~~~~~~~~~~~~~~~~^^^^^^^^^^^^^^^^^^^
  File "D:\Driver C\Desktop\fullstack-internship\backend\job-tracker-backend\.venv\Lib\site-packages\psycopg2\__init__.py", line 135, in connect
    conn = _connect(dsn, connection_factory=connection_factory, **kwasync)
sqlalchemy.exc.OperationalError: (psycopg2.OperationalError) connection to server at "localhost" (::1), port 5432 failed: FATAL:  password authentication failed for user "postgres"

(Background on this error at: https://sqlalche.me/e/20/e3q8)
INFO:     127.0.0.1:57430 - "POST /graphql HTTP/1.1" 200 OK
INFO:     127.0.0.1:57430 - "OPTIONS /graphql HTTP/1.1" 200 OK
(psycopg2.OperationalError) connection to server at "localhost" (::1), port 5432 failed: FATAL:  password authentication failed for user "postgres"

(Background on this error at: https://sqlalche.me/e/20/e3q8)

GraphQL request:2:3
1 | mutation LoginUser($userInput: UserLogin!) {
2 |   loginUser(userInput: $userInput) {
  |   ^
3 |     accessToken
Traceback (most recent call last):
  File "D:\Driver C\Desktop\fullstack-internship\backend\job-tracker-backend\.venv\Lib\site-packages\sqlalchemy\engine\base.py", line 144, in __init__
    self._dbapi_connection = engine.raw_connection()
                             ~~~~~~~~~~~~~~~~~~~~~^^
  File "D:\Driver C\Desktop\fullstack-internship\backend\job-tracker-backend\.venv\Lib\site-packages\sqlalchemy\engine\base.py", line 3319, in raw_connection
    return self.pool.connect()
           ~~~~~~~~~~~~~~~~~^^
  File "D:\Driver C\Desktop\fullstack-internship\backend\job-tracker-backend\.venv\Lib\site-packages\sqlalchemy\pool\base.py", line 448, in connect
    return _ConnectionFairy._checkout(self)
           ~~~~~~~~~~~~~~~~~~~~~~~~~~^^^^^^
  File "D:\Driver C\Desktop\fullstack-internship\backend\job-tracker-backend\.venv\Lib\site-packages\sqlalchemy\pool\base.py", line 1272, in _checkout
    fairy = _ConnectionRecord.checkout(pool)
  File "D:\Driver C\Desktop\fullstack-internship\backend\job-tracker-backend\.venv\Lib\site-packages\sqlalchemy\pool\base.py", line 712, in checkout
    rec = pool._do_get()
  File "D:\Driver C\Desktop\fullstack-internship\backend\job-tracker-backend\.venv\Lib\site-packages\sqlalchemy\pool\impl.py", line 178, in _do_get
    with util.safe_reraise():
         ~~~~~~~~~~~~~~~~~^^
  File "D:\Driver C\Desktop\fullstack-internship\backend\job-tracker-backend\.venv\Lib\site-packages\sqlalchemy\util\langhelpers.py", line 122, in __exit__
    raise exc_value.with_traceback(exc_tb)
  File "D:\Driver C\Desktop\fullstack-internship\backend\job-tracker-backend\.venv\Lib\site-packages\sqlalchemy\pool\impl.py", line 176, in _do_get
    return self._create_connection()
           ~~~~~~~~~~~~~~~~~~~~~~~^^
  File "D:\Driver C\Desktop\fullstack-internship\backend\job-tracker-backend\.venv\Lib\site-packages\sqlalchemy\pool\base.py", line 389, in _create_connection
    return _ConnectionRecord(self)
  File "D:\Driver C\Desktop\fullstack-internship\backend\job-tracker-backend\.venv\Lib\site-packages\sqlalchemy\pool\base.py", line 674, in __init__
    self.__connect()
    ~~~~~~~~~~~~~~^^
  File "D:\Driver C\Desktop\fullstack-internship\backend\job-tracker-backend\.venv\Lib\site-packages\sqlalchemy\pool\base.py", line 900, in __connect
    with util.safe_reraise():
         ~~~~~~~~~~~~~~~~~^^
  File "D:\Driver C\Desktop\fullstack-internship\backend\job-tracker-backend\.venv\Lib\site-packages\sqlalchemy\util\langhelpers.py", line 122, in __exit__
    raise exc_value.with_traceback(exc_tb)
  File "D:\Driver C\Desktop\fullstack-internship\backend\job-tracker-backend\.venv\Lib\site-packages\sqlalchemy\pool\base.py", line 896, in __connect
    self.dbapi_connection = connection = pool._invoke_creator(self)
                                         ~~~~~~~~~~~~~~~~~~~~^^^^^^
  File "D:\Driver C\Desktop\fullstack-internship\backend\job-tracker-backend\.venv\Lib\site-packages\sqlalchemy\engine\create.py", line 667, in connect
    return dialect.connect(*cargs_tup, **cparams)
           ~~~~~~~~~~~~~~~^^^^^^^^^^^^^^^^^^^^^^^
  File "D:\Driver C\Desktop\fullstack-internship\backend\job-tracker-backend\.venv\Lib\site-packages\sqlalchemy\engine\default.py", line 630, in connect
    return self.loaded_dbapi.connect(*cargs, **cparams)  # type: ignore[no-any-return]  # NOQA: E501
           ~~~~~~~~~~~~~~~~~~~~~~~~~^^^^^^^^^^^^^^^^^^^
  File "D:\Driver C\Desktop\fullstack-internship\backend\job-tracker-backend\.venv\Lib\site-packages\psycopg2\__init__.py", line 135, in connect
    conn = _connect(dsn, connection_factory=connection_factory, **kwasync)
psycopg2.OperationalError: connection to server at "localhost" (::1), port 5432 failed: FATAL:  password authentication failed for user "postgres"


The above exception was the direct cause of the following exception:

Traceback (most recent call last):
  File "D:\Driver C\Desktop\fullstack-internship\backend\job-tracker-backend\.venv\Lib\site-packages\graphql\execution\execute.py", line 562, in execute_field
    result = resolve_fn(source, info, **args)
  File "D:\Driver C\Desktop\fullstack-internship\backend\job-tracker-backend\.venv\Lib\site-packages\strawberry\schema\schema_converter.py", line 1049, in _resolver
    return _get_result_with_extensions(
        _source,
        strawberry_info,
        **kwargs,
    )
  File "D:\Driver C\Desktop\fullstack-internship\backend\job-tracker-backend\.venv\Lib\site-packages\strawberry\schema\schema_converter.py", line 1035, in extension_resolver
    return reduce(
           ~~~~~~~
    ...<2 lines>...
        wrapped_get_result,
        ~~~~~~~~~~~~~~~~~~~
    )(_source, info, **field_kwargs)
    ~^^^^^^^^^^^^^^^^^^^^^^^^^^^^^^^
  File "D:\Driver C\Desktop\fullstack-internship\backend\job-tracker-backend\.venv\Lib\site-packages\strawberry\schema\schema_converter.py", line 1027, in wrapped_get_result
    return _get_result(
        _source,
    ...<2 lines>...
        field_kwargs=kwargs,
    )
  File "D:\Driver C\Desktop\fullstack-internship\backend\job-tracker-backend\.venv\Lib\site-packages\strawberry\schema\schema_converter.py", line 913, in _get_result
    return field.get_result(
           ~~~~~~~~~~~~~~~~^
        _source, info=info, args=field_args, kwargs=field_kwargs
        ^^^^^^^^^^^^^^^^^^^^^^^^^^^^^^^^^^^^^^^^^^^^^^^^^^^^^^^^
    )
    ^
  File "D:\Driver C\Desktop\fullstack-internship\backend\job-tracker-backend\.venv\Lib\site-packages\strawberry\types\field.py", line 232, in get_result
    return self.base_resolver(*args, **kwargs)
           ~~~~~~~~~~~~~~~~~~^^^^^^^^^^^^^^^^^
  File "D:\Driver C\Desktop\fullstack-internship\backend\job-tracker-backend\.venv\Lib\site-packages\strawberry\types\fields\resolver.py", line 238, in __call__
    return self.wrapped_func(*args, **kwargs)
           ~~~~~~~~~~~~~~~~~^^^^^^^^^^^^^^^^^
  File "D:\Driver C\Desktop\fullstack-internship\backend\job-tracker-backend\auth.py", line 10, in login_user
    user = db.query(models.User).filter(user_input.email == models.User.email).first()
  File "D:\Driver C\Desktop\fullstack-internship\backend\job-tracker-backend\.venv\Lib\site-packages\sqlalchemy\orm\query.py", line 2766, in first
    return self.limit(1)._iter().first()  # type: ignore
           ~~~~~~~~~~~~~~~~~~~^^
  File "D:\Driver C\Desktop\fullstack-internship\backend\job-tracker-backend\.venv\Lib\site-packages\sqlalchemy\orm\query.py", line 2864, in _iter
    result: Union[ScalarResult[_T], Result[_T]] = self.session.execute(
                                                  ~~~~~~~~~~~~~~~~~~~~^
        statement,
        ^^^^^^^^^^
        params,
        ^^^^^^^
        execution_options={"_sa_orm_load_options": self.load_options},
        ^^^^^^^^^^^^^^^^^^^^^^^^^^^^^^^^^^^^^^^^^^^^^^^^^^^^^^^^^^^^^^
    )
    ^
  File "D:\Driver C\Desktop\fullstack-internship\backend\job-tracker-backend\.venv\Lib\site-packages\sqlalchemy\orm\session.py", line 2373, in execute
    return self._execute_internal(
           ~~~~~~~~~~~~~~~~~~~~~~^
        statement,
        ^^^^^^^^^^
    ...<4 lines>...
        _add_event=_add_event,
        ^^^^^^^^^^^^^^^^^^^^^^
    )
    ^
  File "D:\Driver C\Desktop\fullstack-internship\backend\job-tracker-backend\.venv\Lib\site-packages\sqlalchemy\orm\session.py", line 2261, in _execute_internal
    conn = self._connection_for_bind(bind)
  File "D:\Driver C\Desktop\fullstack-internship\backend\job-tracker-backend\.venv\Lib\site-packages\sqlalchemy\orm\session.py", line 2113, in _connection_for_bind
    return trans._connection_for_bind(engine, execution_options)
           ~~~~~~~~~~~~~~~~~~~~~~~~~~^^^^^^^^^^^^^^^^^^^^^^^^^^^
  File "<string>", line 2, in _connection_for_bind
  File "D:\Driver C\Desktop\fullstack-internship\backend\job-tracker-backend\.venv\Lib\site-packages\sqlalchemy\orm\state_changes.py", line 137, in _go
    ret_value = fn(self, *arg, **kw)
  File "D:\Driver C\Desktop\fullstack-internship\backend\job-tracker-backend\.venv\Lib\site-packages\sqlalchemy\orm\session.py", line 1191, in _connection_for_bind
    conn = bind.connect()
  File "D:\Driver C\Desktop\fullstack-internship\backend\job-tracker-backend\.venv\Lib\site-packages\sqlalchemy\engine\base.py", line 3295, in connect
    return self._connection_cls(self)
           ~~~~~~~~~~~~~~~~~~~~^^^^^^
  File "D:\Driver C\Desktop\fullstack-internship\backend\job-tracker-backend\.venv\Lib\site-packages\sqlalchemy\engine\base.py", line 146, in __init__
    Connection._handle_dbapi_exception_noconnection(
    ~~~~~~~~~~~~~~~~~~~~~~~~~~~~~~~~~~~~~~~~~~~~~~~^
        err, dialect, engine
        ^^^^^^^^^^^^^^^^^^^^
    )
    ^
  File "D:\Driver C\Desktop\fullstack-internship\backend\job-tracker-backend\.venv\Lib\site-packages\sqlalchemy\engine\base.py", line 2450, in _handle_dbapi_exception_noconnection
    raise sqlalchemy_exception.with_traceback(exc_info[2]) from e
  File "D:\Driver C\Desktop\fullstack-internship\backend\job-tracker-backend\.venv\Lib\site-packages\sqlalchemy\engine\base.py", line 144, in __init__
    self._dbapi_connection = engine.raw_connection()
                             ~~~~~~~~~~~~~~~~~~~~~^^
  File "D:\Driver C\Desktop\fullstack-internship\backend\job-tracker-backend\.venv\Lib\site-packages\sqlalchemy\engine\base.py", line 3319, in raw_connection
    return self.pool.connect()
           ~~~~~~~~~~~~~~~~~^^
  File "D:\Driver C\Desktop\fullstack-internship\backend\job-tracker-backend\.venv\Lib\site-packages\sqlalchemy\pool\base.py", line 448, in connect
    return _ConnectionFairy._checkout(self)
           ~~~~~~~~~~~~~~~~~~~~~~~~~~^^^^^^
  File "D:\Driver C\Desktop\fullstack-internship\backend\job-tracker-backend\.venv\Lib\site-packages\sqlalchemy\pool\base.py", line 1272, in _checkout
    fairy = _ConnectionRecord.checkout(pool)
  File "D:\Driver C\Desktop\fullstack-internship\backend\job-tracker-backend\.venv\Lib\site-packages\sqlalchemy\pool\base.py", line 712, in checkout
    rec = pool._do_get()
  File "D:\Driver C\Desktop\fullstack-internship\backend\job-tracker-backend\.venv\Lib\site-packages\sqlalchemy\pool\impl.py", line 178, in _do_get
    with util.safe_reraise():
         ~~~~~~~~~~~~~~~~~^^
  File "D:\Driver C\Desktop\fullstack-internship\backend\job-tracker-backend\.venv\Lib\site-packages\sqlalchemy\util\langhelpers.py", line 122, in __exit__
    raise exc_value.with_traceback(exc_tb)
  File "D:\Driver C\Desktop\fullstack-internship\backend\job-tracker-backend\.venv\Lib\site-packages\sqlalchemy\pool\impl.py", line 176, in _do_get
    return self._create_connection()
           ~~~~~~~~~~~~~~~~~~~~~~~^^
  File "D:\Driver C\Desktop\fullstack-internship\backend\job-tracker-backend\.venv\Lib\site-packages\sqlalchemy\pool\base.py", line 389, in _create_connection
    return _ConnectionRecord(self)
  File "D:\Driver C\Desktop\fullstack-internship\backend\job-tracker-backend\.venv\Lib\site-packages\sqlalchemy\pool\base.py", line 674, in __init__
    self.__connect()
    ~~~~~~~~~~~~~~^^
  File "D:\Driver C\Desktop\fullstack-internship\backend\job-tracker-backend\.venv\Lib\site-packages\sqlalchemy\pool\base.py", line 900, in __connect
    with util.safe_reraise():
         ~~~~~~~~~~~~~~~~~^^
  File "D:\Driver C\Desktop\fullstack-internship\backend\job-tracker-backend\.venv\Lib\site-packages\sqlalchemy\util\langhelpers.py", line 122, in __exit__
    raise exc_value.with_traceback(exc_tb)
  File "D:\Driver C\Desktop\fullstack-internship\backend\job-tracker-backend\.venv\Lib\site-packages\sqlalchemy\pool\base.py", line 896, in __connect
    self.dbapi_connection = connection = pool._invoke_creator(self)
                                         ~~~~~~~~~~~~~~~~~~~~^^^^^^
  File "D:\Driver C\Desktop\fullstack-internship\backend\job-tracker-backend\.venv\Lib\site-packages\sqlalchemy\engine\create.py", line 667, in connect
    return dialect.connect(*cargs_tup, **cparams)
           ~~~~~~~~~~~~~~~^^^^^^^^^^^^^^^^^^^^^^^
  File "D:\Driver C\Desktop\fullstack-internship\backend\job-tracker-backend\.venv\Lib\site-packages\sqlalchemy\engine\default.py", line 630, in connect
    return self.loaded_dbapi.connect(*cargs, **cparams)  # type: ignore[no-any-return]  # NOQA: E501
           ~~~~~~~~~~~~~~~~~~~~~~~~~^^^^^^^^^^^^^^^^^^^
  File "D:\Driver C\Desktop\fullstack-internship\backend\job-tracker-backend\.venv\Lib\site-packages\psycopg2\__init__.py", line 135, in connect
    conn = _connect(dsn, connection_factory=connection_factory, **kwasync)
sqlalchemy.exc.OperationalError: (psycopg2.OperationalError) connection to server at "localhost" (::1), port 5432 failed: FATAL:  password authentication failed for user "postgres"

(Background on this error at: https://sqlalche.me/e/20/e3q8)
INFO:     127.0.0.1:57434 - "POST /graphql HTTP/1.1" 200 OK
INFO:     127.0.0.1:57430 - "OPTIONS /graphql HTTP/1.1" 200 OK
(psycopg2.OperationalError) connection to server at "localhost" (::1), port 5432 failed: FATAL:  password authentication failed for user "postgres"

(Background on this error at: https://sqlalche.me/e/20/e3q8)

GraphQL request:2:3
1 | mutation LoginUser($userInput: UserLogin!) {
2 |   loginUser(userInput: $userInput) {
  |   ^
3 |     accessToken
Traceback (most recent call last):
  File "D:\Driver C\Desktop\fullstack-internship\backend\job-tracker-backend\.venv\Lib\site-packages\sqlalchemy\engine\base.py", line 144, in __init__
    self._dbapi_connection = engine.raw_connection()
                             ~~~~~~~~~~~~~~~~~~~~~^^
  File "D:\Driver C\Desktop\fullstack-internship\backend\job-tracker-backend\.venv\Lib\site-packages\sqlalchemy\engine\base.py", line 3319, in raw_connection
    return self.pool.connect()
           ~~~~~~~~~~~~~~~~~^^
  File "D:\Driver C\Desktop\fullstack-internship\backend\job-tracker-backend\.venv\Lib\site-packages\sqlalchemy\pool\base.py", line 448, in connect
    return _ConnectionFairy._checkout(self)
           ~~~~~~~~~~~~~~~~~~~~~~~~~~^^^^^^
  File "D:\Driver C\Desktop\fullstack-internship\backend\job-tracker-backend\.venv\Lib\site-packages\sqlalchemy\pool\base.py", line 1272, in _checkout
    fairy = _ConnectionRecord.checkout(pool)
  File "D:\Driver C\Desktop\fullstack-internship\backend\job-tracker-backend\.venv\Lib\site-packages\sqlalchemy\pool\base.py", line 712, in checkout
    rec = pool._do_get()
  File "D:\Driver C\Desktop\fullstack-internship\backend\job-tracker-backend\.venv\Lib\site-packages\sqlalchemy\pool\impl.py", line 178, in _do_get
    with util.safe_reraise():
         ~~~~~~~~~~~~~~~~~^^
  File "D:\Driver C\Desktop\fullstack-internship\backend\job-tracker-backend\.venv\Lib\site-packages\sqlalchemy\util\langhelpers.py", line 122, in __exit__
    raise exc_value.with_traceback(exc_tb)
  File "D:\Driver C\Desktop\fullstack-internship\backend\job-tracker-backend\.venv\Lib\site-packages\sqlalchemy\pool\impl.py", line 176, in _do_get
    return self._create_connection()
           ~~~~~~~~~~~~~~~~~~~~~~~^^
  File "D:\Driver C\Desktop\fullstack-internship\backend\job-tracker-backend\.venv\Lib\site-packages\sqlalchemy\pool\base.py", line 389, in _create_connection
    return _ConnectionRecord(self)
  File "D:\Driver C\Desktop\fullstack-internship\backend\job-tracker-backend\.venv\Lib\site-packages\sqlalchemy\pool\base.py", line 674, in __init__
    self.__connect()
    ~~~~~~~~~~~~~~^^
  File "D:\Driver C\Desktop\fullstack-internship\backend\job-tracker-backend\.venv\Lib\site-packages\sqlalchemy\pool\base.py", line 900, in __connect
    with util.safe_reraise():
         ~~~~~~~~~~~~~~~~~^^
  File "D:\Driver C\Desktop\fullstack-internship\backend\job-tracker-backend\.venv\Lib\site-packages\sqlalchemy\util\langhelpers.py", line 122, in __exit__
    raise exc_value.with_traceback(exc_tb)
  File "D:\Driver C\Desktop\fullstack-internship\backend\job-tracker-backend\.venv\Lib\site-packages\sqlalchemy\pool\base.py", line 896, in __connect
    self.dbapi_connection = connection = pool._invoke_creator(self)
                                         ~~~~~~~~~~~~~~~~~~~~^^^^^^
  File "D:\Driver C\Desktop\fullstack-internship\backend\job-tracker-backend\.venv\Lib\site-packages\sqlalchemy\engine\create.py", line 667, in connect
    return dialect.connect(*cargs_tup, **cparams)
           ~~~~~~~~~~~~~~~^^^^^^^^^^^^^^^^^^^^^^^
  File "D:\Driver C\Desktop\fullstack-internship\backend\job-tracker-backend\.venv\Lib\site-packages\sqlalchemy\engine\default.py", line 630, in connect
    return self.loaded_dbapi.connect(*cargs, **cparams)  # type: ignore[no-any-return]  # NOQA: E501
           ~~~~~~~~~~~~~~~~~~~~~~~~~^^^^^^^^^^^^^^^^^^^
  File "D:\Driver C\Desktop\fullstack-internship\backend\job-tracker-backend\.venv\Lib\site-packages\psycopg2\__init__.py", line 135, in connect
    conn = _connect(dsn, connection_factory=connection_factory, **kwasync)
psycopg2.OperationalError: connection to server at "localhost" (::1), port 5432 failed: FATAL:  password authentication failed for user "postgres"


The above exception was the direct cause of the following exception:

Traceback (most recent call last):
  File "D:\Driver C\Desktop\fullstack-internship\backend\job-tracker-backend\.venv\Lib\site-packages\graphql\execution\execute.py", line 562, in execute_field
    result = resolve_fn(source, info, **args)
  File "D:\Driver C\Desktop\fullstack-internship\backend\job-tracker-backend\.venv\Lib\site-packages\strawberry\schema\schema_converter.py", line 1049, in _resolver
    return _get_result_with_extensions(
        _source,
        strawberry_info,
        **kwargs,
    )
  File "D:\Driver C\Desktop\fullstack-internship\backend\job-tracker-backend\.venv\Lib\site-packages\strawberry\schema\schema_converter.py", line 1035, in extension_resolver
    return reduce(
           ~~~~~~~
    ...<2 lines>...
        wrapped_get_result,
        ~~~~~~~~~~~~~~~~~~~
    )(_source, info, **field_kwargs)
    ~^^^^^^^^^^^^^^^^^^^^^^^^^^^^^^^
  File "D:\Driver C\Desktop\fullstack-internship\backend\job-tracker-backend\.venv\Lib\site-packages\strawberry\schema\schema_converter.py", line 1027, in wrapped_get_result
    return _get_result(
        _source,
    ...<2 lines>...
        field_kwargs=kwargs,
    )
  File "D:\Driver C\Desktop\fullstack-internship\backend\job-tracker-backend\.venv\Lib\site-packages\strawberry\schema\schema_converter.py", line 913, in _get_result
    return field.get_result(
           ~~~~~~~~~~~~~~~~^
        _source, info=info, args=field_args, kwargs=field_kwargs
        ^^^^^^^^^^^^^^^^^^^^^^^^^^^^^^^^^^^^^^^^^^^^^^^^^^^^^^^^
    )
    ^
  File "D:\Driver C\Desktop\fullstack-internship\backend\job-tracker-backend\.venv\Lib\site-packages\strawberry\types\field.py", line 232, in get_result
    return self.base_resolver(*args, **kwargs)
           ~~~~~~~~~~~~~~~~~~^^^^^^^^^^^^^^^^^
  File "D:\Driver C\Desktop\fullstack-internship\backend\job-tracker-backend\.venv\Lib\site-packages\strawberry\types\fields\resolver.py", line 238, in __call__
    return self.wrapped_func(*args, **kwargs)
           ~~~~~~~~~~~~~~~~~^^^^^^^^^^^^^^^^^
  File "D:\Driver C\Desktop\fullstack-internship\backend\job-tracker-backend\auth.py", line 10, in login_user
    user = db.query(models.User).filter(user_input.email == models.User.email).first()
  File "D:\Driver C\Desktop\fullstack-internship\backend\job-tracker-backend\.venv\Lib\site-packages\sqlalchemy\orm\query.py", line 2766, in first
    return self.limit(1)._iter().first()  # type: ignore
           ~~~~~~~~~~~~~~~~~~~^^
  File "D:\Driver C\Desktop\fullstack-internship\backend\job-tracker-backend\.venv\Lib\site-packages\sqlalchemy\orm\query.py", line 2864, in _iter
    result: Union[ScalarResult[_T], Result[_T]] = self.session.execute(
                                                  ~~~~~~~~~~~~~~~~~~~~^
        statement,
        ^^^^^^^^^^
        params,
        ^^^^^^^
        execution_options={"_sa_orm_load_options": self.load_options},
        ^^^^^^^^^^^^^^^^^^^^^^^^^^^^^^^^^^^^^^^^^^^^^^^^^^^^^^^^^^^^^^
    )
    ^
  File "D:\Driver C\Desktop\fullstack-internship\backend\job-tracker-backend\.venv\Lib\site-packages\sqlalchemy\orm\session.py", line 2373, in execute
    return self._execute_internal(
           ~~~~~~~~~~~~~~~~~~~~~~^
        statement,
        ^^^^^^^^^^
    ...<4 lines>...
        _add_event=_add_event,
        ^^^^^^^^^^^^^^^^^^^^^^
    )
    ^
  File "D:\Driver C\Desktop\fullstack-internship\backend\job-tracker-backend\.venv\Lib\site-packages\sqlalchemy\orm\session.py", line 2261, in _execute_internal
    conn = self._connection_for_bind(bind)
  File "D:\Driver C\Desktop\fullstack-internship\backend\job-tracker-backend\.venv\Lib\site-packages\sqlalchemy\orm\session.py", line 2113, in _connection_for_bind
    return trans._connection_for_bind(engine, execution_options)
           ~~~~~~~~~~~~~~~~~~~~~~~~~~^^^^^^^^^^^^^^^^^^^^^^^^^^^
  File "<string>", line 2, in _connection_for_bind
  File "D:\Driver C\Desktop\fullstack-internship\backend\job-tracker-backend\.venv\Lib\site-packages\sqlalchemy\orm\state_changes.py", line 137, in _go
    ret_value = fn(self, *arg, **kw)
  File "D:\Driver C\Desktop\fullstack-internship\backend\job-tracker-backend\.venv\Lib\site-packages\sqlalchemy\orm\session.py", line 1191, in _connection_for_bind
    conn = bind.connect()
  File "D:\Driver C\Desktop\fullstack-internship\backend\job-tracker-backend\.venv\Lib\site-packages\sqlalchemy\engine\base.py", line 3295, in connect
    return self._connection_cls(self)
           ~~~~~~~~~~~~~~~~~~~~^^^^^^
  File "D:\Driver C\Desktop\fullstack-internship\backend\job-tracker-backend\.venv\Lib\site-packages\sqlalchemy\engine\base.py", line 146, in __init__
    Connection._handle_dbapi_exception_noconnection(
    ~~~~~~~~~~~~~~~~~~~~~~~~~~~~~~~~~~~~~~~~~~~~~~~^
        err, dialect, engine
        ^^^^^^^^^^^^^^^^^^^^
    )
    ^
  File "D:\Driver C\Desktop\fullstack-internship\backend\job-tracker-backend\.venv\Lib\site-packages\sqlalchemy\engine\base.py", line 2450, in _handle_dbapi_exception_noconnection
    raise sqlalchemy_exception.with_traceback(exc_info[2]) from e
  File "D:\Driver C\Desktop\fullstack-internship\backend\job-tracker-backend\.venv\Lib\site-packages\sqlalchemy\engine\base.py", line 144, in __init__
    self._dbapi_connection = engine.raw_connection()
                             ~~~~~~~~~~~~~~~~~~~~~^^
  File "D:\Driver C\Desktop\fullstack-internship\backend\job-tracker-backend\.venv\Lib\site-packages\sqlalchemy\engine\base.py", line 3319, in raw_connection
    return self.pool.connect()
           ~~~~~~~~~~~~~~~~~^^
  File "D:\Driver C\Desktop\fullstack-internship\backend\job-tracker-backend\.venv\Lib\site-packages\sqlalchemy\pool\base.py", line 448, in connect
    return _ConnectionFairy._checkout(self)
           ~~~~~~~~~~~~~~~~~~~~~~~~~~^^^^^^
  File "D:\Driver C\Desktop\fullstack-internship\backend\job-tracker-backend\.venv\Lib\site-packages\sqlalchemy\pool\base.py", line 1272, in _checkout
    fairy = _ConnectionRecord.checkout(pool)
  File "D:\Driver C\Desktop\fullstack-internship\backend\job-tracker-backend\.venv\Lib\site-packages\sqlalchemy\pool\base.py", line 712, in checkout
    rec = pool._do_get()
  File "D:\Driver C\Desktop\fullstack-internship\backend\job-tracker-backend\.venv\Lib\site-packages\sqlalchemy\pool\impl.py", line 178, in _do_get
    with util.safe_reraise():
         ~~~~~~~~~~~~~~~~~^^
  File "D:\Driver C\Desktop\fullstack-internship\backend\job-tracker-backend\.venv\Lib\site-packages\sqlalchemy\util\langhelpers.py", line 122, in __exit__
    raise exc_value.with_traceback(exc_tb)
  File "D:\Driver C\Desktop\fullstack-internship\backend\job-tracker-backend\.venv\Lib\site-packages\sqlalchemy\pool\impl.py", line 176, in _do_get
    return self._create_connection()
           ~~~~~~~~~~~~~~~~~~~~~~~^^
  File "D:\Driver C\Desktop\fullstack-internship\backend\job-tracker-backend\.venv\Lib\site-packages\sqlalchemy\pool\base.py", line 389, in _create_connection
    return _ConnectionRecord(self)
  File "D:\Driver C\Desktop\fullstack-internship\backend\job-tracker-backend\.venv\Lib\site-packages\sqlalchemy\pool\base.py", line 674, in __init__
    self.__connect()
    ~~~~~~~~~~~~~~^^
  File "D:\Driver C\Desktop\fullstack-internship\backend\job-tracker-backend\.venv\Lib\site-packages\sqlalchemy\pool\base.py", line 900, in __connect
    with util.safe_reraise():
         ~~~~~~~~~~~~~~~~~^^
  File "D:\Driver C\Desktop\fullstack-internship\backend\job-tracker-backend\.venv\Lib\site-packages\sqlalchemy\util\langhelpers.py", line 122, in __exit__
    raise exc_value.with_traceback(exc_tb)
  File "D:\Driver C\Desktop\fullstack-internship\backend\job-tracker-backend\.venv\Lib\site-packages\sqlalchemy\pool\base.py", line 896, in __connect
    self.dbapi_connection = connection = pool._invoke_creator(self)
                                         ~~~~~~~~~~~~~~~~~~~~^^^^^^
  File "D:\Driver C\Desktop\fullstack-internship\backend\job-tracker-backend\.venv\Lib\site-packages\sqlalchemy\engine\create.py", line 667, in connect
    return dialect.connect(*cargs_tup, **cparams)
           ~~~~~~~~~~~~~~~^^^^^^^^^^^^^^^^^^^^^^^
  File "D:\Driver C\Desktop\fullstack-internship\backend\job-tracker-backend\.venv\Lib\site-packages\sqlalchemy\engine\default.py", line 630, in connect
    return self.loaded_dbapi.connect(*cargs, **cparams)  # type: ignore[no-any-return]  # NOQA: E501
           ~~~~~~~~~~~~~~~~~~~~~~~~~^^^^^^^^^^^^^^^^^^^
  File "D:\Driver C\Desktop\fullstack-internship\backend\job-tracker-backend\.venv\Lib\site-packages\psycopg2\__init__.py", line 135, in connect
    conn = _connect(dsn, connection_factory=connection_factory, **kwasync)
sqlalchemy.exc.OperationalError: (psycopg2.OperationalError) connection to server at "localhost" (::1), port 5432 failed: FATAL:  password authentication failed for user "postgres"

(Background on this error at: https://sqlalche.me/e/20/e3q8)
INFO:     127.0.0.1:57434 - "POST /graphql HTTP/1.1" 200 OK
INFO:     127.0.0.1:57434 - "OPTIONS /graphql HTTP/1.1" 200 OK
(psycopg2.OperationalError) connection to server at "localhost" (::1), port 5432 failed: FATAL:  password authentication failed for user "postgres"

(Background on this error at: https://sqlalche.me/e/20/e3q8)

GraphQL request:2:3
1 | mutation LoginUser($userInput: UserLogin!) {
2 |   loginUser(userInput: $userInput) {
  |   ^
3 |     accessToken
Traceback (most recent call last):
  File "D:\Driver C\Desktop\fullstack-internship\backend\job-tracker-backend\.venv\Lib\site-packages\sqlalchemy\engine\base.py", line 144, in __init__
    self._dbapi_connection = engine.raw_connection()
                             ~~~~~~~~~~~~~~~~~~~~~^^
  File "D:\Driver C\Desktop\fullstack-internship\backend\job-tracker-backend\.venv\Lib\site-packages\sqlalchemy\engine\base.py", line 3319, in raw_connection
    return self.pool.connect()
           ~~~~~~~~~~~~~~~~~^^
  File "D:\Driver C\Desktop\fullstack-internship\backend\job-tracker-backend\.venv\Lib\site-packages\sqlalchemy\pool\base.py", line 448, in connect
    return _ConnectionFairy._checkout(self)
           ~~~~~~~~~~~~~~~~~~~~~~~~~~^^^^^^
  File "D:\Driver C\Desktop\fullstack-internship\backend\job-tracker-backend\.venv\Lib\site-packages\sqlalchemy\pool\base.py", line 1272, in _checkout
    fairy = _ConnectionRecord.checkout(pool)
  File "D:\Driver C\Desktop\fullstack-internship\backend\job-tracker-backend\.venv\Lib\site-packages\sqlalchemy\pool\base.py", line 712, in checkout
    rec = pool._do_get()
  File "D:\Driver C\Desktop\fullstack-internship\backend\job-tracker-backend\.venv\Lib\site-packages\sqlalchemy\pool\impl.py", line 178, in _do_get
    with util.safe_reraise():
         ~~~~~~~~~~~~~~~~~^^
  File "D:\Driver C\Desktop\fullstack-internship\backend\job-tracker-backend\.venv\Lib\site-packages\sqlalchemy\util\langhelpers.py", line 122, in __exit__
    raise exc_value.with_traceback(exc_tb)
  File "D:\Driver C\Desktop\fullstack-internship\backend\job-tracker-backend\.venv\Lib\site-packages\sqlalchemy\pool\impl.py", line 176, in _do_get
    return self._create_connection()
           ~~~~~~~~~~~~~~~~~~~~~~~^^
  File "D:\Driver C\Desktop\fullstack-internship\backend\job-tracker-backend\.venv\Lib\site-packages\sqlalchemy\pool\base.py", line 389, in _create_connection
    return _ConnectionRecord(self)
  File "D:\Driver C\Desktop\fullstack-internship\backend\job-tracker-backend\.venv\Lib\site-packages\sqlalchemy\pool\base.py", line 674, in __init__
    self.__connect()
    ~~~~~~~~~~~~~~^^
  File "D:\Driver C\Desktop\fullstack-internship\backend\job-tracker-backend\.venv\Lib\site-packages\sqlalchemy\pool\base.py", line 900, in __connect
    with util.safe_reraise():
         ~~~~~~~~~~~~~~~~~^^
  File "D:\Driver C\Desktop\fullstack-internship\backend\job-tracker-backend\.venv\Lib\site-packages\sqlalchemy\util\langhelpers.py", line 122, in __exit__
    raise exc_value.with_traceback(exc_tb)
  File "D:\Driver C\Desktop\fullstack-internship\backend\job-tracker-backend\.venv\Lib\site-packages\sqlalchemy\pool\base.py", line 896, in __connect
    self.dbapi_connection = connection = pool._invoke_creator(self)
                                         ~~~~~~~~~~~~~~~~~~~~^^^^^^
  File "D:\Driver C\Desktop\fullstack-internship\backend\job-tracker-backend\.venv\Lib\site-packages\sqlalchemy\engine\create.py", line 667, in connect
    return dialect.connect(*cargs_tup, **cparams)
           ~~~~~~~~~~~~~~~^^^^^^^^^^^^^^^^^^^^^^^
  File "D:\Driver C\Desktop\fullstack-internship\backend\job-tracker-backend\.venv\Lib\site-packages\sqlalchemy\engine\default.py", line 630, in connect
    return self.loaded_dbapi.connect(*cargs, **cparams)  # type: ignore[no-any-return]  # NOQA: E501
           ~~~~~~~~~~~~~~~~~~~~~~~~~^^^^^^^^^^^^^^^^^^^
  File "D:\Driver C\Desktop\fullstack-internship\backend\job-tracker-backend\.venv\Lib\site-packages\psycopg2\__init__.py", line 135, in connect
    conn = _connect(dsn, connection_factory=connection_factory, **kwasync)
psycopg2.OperationalError: connection to server at "localhost" (::1), port 5432 failed: FATAL:  password authentication failed for user "postgres"


The above exception was the direct cause of the following exception:

Traceback (most recent call last):
  File "D:\Driver C\Desktop\fullstack-internship\backend\job-tracker-backend\.venv\Lib\site-packages\graphql\execution\execute.py", line 562, in execute_field
    result = resolve_fn(source, info, **args)
  File "D:\Driver C\Desktop\fullstack-internship\backend\job-tracker-backend\.venv\Lib\site-packages\strawberry\schema\schema_converter.py", line 1049, in _resolver
    return _get_result_with_extensions(
        _source,
        strawberry_info,
        **kwargs,
    )
  File "D:\Driver C\Desktop\fullstack-internship\backend\job-tracker-backend\.venv\Lib\site-packages\strawberry\schema\schema_converter.py", line 1035, in extension_resolver
    return reduce(
           ~~~~~~~
    ...<2 lines>...
        wrapped_get_result,
        ~~~~~~~~~~~~~~~~~~~
    )(_source, info, **field_kwargs)
    ~^^^^^^^^^^^^^^^^^^^^^^^^^^^^^^^
  File "D:\Driver C\Desktop\fullstack-internship\backend\job-tracker-backend\.venv\Lib\site-packages\strawberry\schema\schema_converter.py", line 1027, in wrapped_get_result
    return _get_result(
        _source,
    ...<2 lines>...
        field_kwargs=kwargs,
    )
  File "D:\Driver C\Desktop\fullstack-internship\backend\job-tracker-backend\.venv\Lib\site-packages\strawberry\schema\schema_converter.py", line 913, in _get_result
    return field.get_result(
           ~~~~~~~~~~~~~~~~^
        _source, info=info, args=field_args, kwargs=field_kwargs
        ^^^^^^^^^^^^^^^^^^^^^^^^^^^^^^^^^^^^^^^^^^^^^^^^^^^^^^^^
    )
    ^
  File "D:\Driver C\Desktop\fullstack-internship\backend\job-tracker-backend\.venv\Lib\site-packages\strawberry\types\field.py", line 232, in get_result
    return self.base_resolver(*args, **kwargs)
           ~~~~~~~~~~~~~~~~~~^^^^^^^^^^^^^^^^^
  File "D:\Driver C\Desktop\fullstack-internship\backend\job-tracker-backend\.venv\Lib\site-packages\strawberry\types\fields\resolver.py", line 238, in __call__
    return self.wrapped_func(*args, **kwargs)
           ~~~~~~~~~~~~~~~~~^^^^^^^^^^^^^^^^^
  File "D:\Driver C\Desktop\fullstack-internship\backend\job-tracker-backend\auth.py", line 10, in login_user
    user = db.query(models.User).filter(user_input.email == models.User.email).first()
  File "D:\Driver C\Desktop\fullstack-internship\backend\job-tracker-backend\.venv\Lib\site-packages\sqlalchemy\orm\query.py", line 2766, in first
    return self.limit(1)._iter().first()  # type: ignore
           ~~~~~~~~~~~~~~~~~~~^^
  File "D:\Driver C\Desktop\fullstack-internship\backend\job-tracker-backend\.venv\Lib\site-packages\sqlalchemy\orm\query.py", line 2864, in _iter
    result: Union[ScalarResult[_T], Result[_T]] = self.session.execute(
                                                  ~~~~~~~~~~~~~~~~~~~~^
        statement,
        ^^^^^^^^^^
        params,
        ^^^^^^^
        execution_options={"_sa_orm_load_options": self.load_options},
        ^^^^^^^^^^^^^^^^^^^^^^^^^^^^^^^^^^^^^^^^^^^^^^^^^^^^^^^^^^^^^^
    )
    ^
  File "D:\Driver C\Desktop\fullstack-internship\backend\job-tracker-backend\.venv\Lib\site-packages\sqlalchemy\orm\session.py", line 2373, in execute
    return self._execute_internal(
           ~~~~~~~~~~~~~~~~~~~~~~^
        statement,
        ^^^^^^^^^^
    ...<4 lines>...
        _add_event=_add_event,
        ^^^^^^^^^^^^^^^^^^^^^^
    )
    ^
  File "D:\Driver C\Desktop\fullstack-internship\backend\job-tracker-backend\.venv\Lib\site-packages\sqlalchemy\orm\session.py", line 2261, in _execute_internal
    conn = self._connection_for_bind(bind)
  File "D:\Driver C\Desktop\fullstack-internship\backend\job-tracker-backend\.venv\Lib\site-packages\sqlalchemy\orm\session.py", line 2113, in _connection_for_bind
    return trans._connection_for_bind(engine, execution_options)
           ~~~~~~~~~~~~~~~~~~~~~~~~~~^^^^^^^^^^^^^^^^^^^^^^^^^^^
  File "<string>", line 2, in _connection_for_bind
  File "D:\Driver C\Desktop\fullstack-internship\backend\job-tracker-backend\.venv\Lib\site-packages\sqlalchemy\orm\state_changes.py", line 137, in _go
    ret_value = fn(self, *arg, **kw)
  File "D:\Driver C\Desktop\fullstack-internship\backend\job-tracker-backend\.venv\Lib\site-packages\sqlalchemy\orm\session.py", line 1191, in _connection_for_bind
    conn = bind.connect()
  File "D:\Driver C\Desktop\fullstack-internship\backend\job-tracker-backend\.venv\Lib\site-packages\sqlalchemy\engine\base.py", line 3295, in connect
    return self._connection_cls(self)
           ~~~~~~~~~~~~~~~~~~~~^^^^^^
  File "D:\Driver C\Desktop\fullstack-internship\backend\job-tracker-backend\.venv\Lib\site-packages\sqlalchemy\engine\base.py", line 146, in __init__
    Connection._handle_dbapi_exception_noconnection(
    ~~~~~~~~~~~~~~~~~~~~~~~~~~~~~~~~~~~~~~~~~~~~~~~^
        err, dialect, engine
        ^^^^^^^^^^^^^^^^^^^^
    )
    ^
  File "D:\Driver C\Desktop\fullstack-internship\backend\job-tracker-backend\.venv\Lib\site-packages\sqlalchemy\engine\base.py", line 2450, in _handle_dbapi_exception_noconnection
    raise sqlalchemy_exception.with_traceback(exc_info[2]) from e
  File "D:\Driver C\Desktop\fullstack-internship\backend\job-tracker-backend\.venv\Lib\site-packages\sqlalchemy\engine\base.py", line 144, in __init__
    self._dbapi_connection = engine.raw_connection()
                             ~~~~~~~~~~~~~~~~~~~~~^^
  File "D:\Driver C\Desktop\fullstack-internship\backend\job-tracker-backend\.venv\Lib\site-packages\sqlalchemy\engine\base.py", line 3319, in raw_connection
    return self.pool.connect()
           ~~~~~~~~~~~~~~~~~^^
  File "D:\Driver C\Desktop\fullstack-internship\backend\job-tracker-backend\.venv\Lib\site-packages\sqlalchemy\pool\base.py", line 448, in connect
    return _ConnectionFairy._checkout(self)
           ~~~~~~~~~~~~~~~~~~~~~~~~~~^^^^^^
  File "D:\Driver C\Desktop\fullstack-internship\backend\job-tracker-backend\.venv\Lib\site-packages\sqlalchemy\pool\base.py", line 1272, in _checkout
    fairy = _ConnectionRecord.checkout(pool)
  File "D:\Driver C\Desktop\fullstack-internship\backend\job-tracker-backend\.venv\Lib\site-packages\sqlalchemy\pool\base.py", line 712, in checkout
    rec = pool._do_get()
  File "D:\Driver C\Desktop\fullstack-internship\backend\job-tracker-backend\.venv\Lib\site-packages\sqlalchemy\pool\impl.py", line 178, in _do_get
    with util.safe_reraise():
         ~~~~~~~~~~~~~~~~~^^
  File "D:\Driver C\Desktop\fullstack-internship\backend\job-tracker-backend\.venv\Lib\site-packages\sqlalchemy\util\langhelpers.py", line 122, in __exit__
    raise exc_value.with_traceback(exc_tb)
  File "D:\Driver C\Desktop\fullstack-internship\backend\job-tracker-backend\.venv\Lib\site-packages\sqlalchemy\pool\impl.py", line 176, in _do_get
    return self._create_connection()
           ~~~~~~~~~~~~~~~~~~~~~~~^^
  File "D:\Driver C\Desktop\fullstack-internship\backend\job-tracker-backend\.venv\Lib\site-packages\sqlalchemy\pool\base.py", line 389, in _create_connection
    return _ConnectionRecord(self)
  File "D:\Driver C\Desktop\fullstack-internship\backend\job-tracker-backend\.venv\Lib\site-packages\sqlalchemy\pool\base.py", line 674, in __init__
    self.__connect()
    ~~~~~~~~~~~~~~^^
  File "D:\Driver C\Desktop\fullstack-internship\backend\job-tracker-backend\.venv\Lib\site-packages\sqlalchemy\pool\base.py", line 900, in __connect
    with util.safe_reraise():
         ~~~~~~~~~~~~~~~~~^^
  File "D:\Driver C\Desktop\fullstack-internship\backend\job-tracker-backend\.venv\Lib\site-packages\sqlalchemy\util\langhelpers.py", line 122, in __exit__
    raise exc_value.with_traceback(exc_tb)
  File "D:\Driver C\Desktop\fullstack-internship\backend\job-tracker-backend\.venv\Lib\site-packages\sqlalchemy\pool\base.py", line 896, in __connect
    self.dbapi_connection = connection = pool._invoke_creator(self)
                                         ~~~~~~~~~~~~~~~~~~~~^^^^^^
  File "D:\Driver C\Desktop\fullstack-internship\backend\job-tracker-backend\.venv\Lib\site-packages\sqlalchemy\engine\create.py", line 667, in connect
    return dialect.connect(*cargs_tup, **cparams)
           ~~~~~~~~~~~~~~~^^^^^^^^^^^^^^^^^^^^^^^
  File "D:\Driver C\Desktop\fullstack-internship\backend\job-tracker-backend\.venv\Lib\site-packages\sqlalchemy\engine\default.py", line 630, in connect
    return self.loaded_dbapi.connect(*cargs, **cparams)  # type: ignore[no-any-return]  # NOQA: E501
           ~~~~~~~~~~~~~~~~~~~~~~~~~^^^^^^^^^^^^^^^^^^^
  File "D:\Driver C\Desktop\fullstack-internship\backend\job-tracker-backend\.venv\Lib\site-packages\psycopg2\__init__.py", line 135, in connect
    conn = _connect(dsn, connection_factory=connection_factory, **kwasync)
sqlalchemy.exc.OperationalError: (psycopg2.OperationalError) connection to server at "localhost" (::1), port 5432 failed: FATAL:  password authentication failed for user "postgres"

(Background on this error at: https://sqlalche.me/e/20/e3q8)
INFO:     127.0.0.1:57430 - "POST /graphql HTTP/1.1" 200 OK
INFO:     127.0.0.1:57430 - "OPTIONS /graphql HTTP/1.1" 200 OK
(psycopg2.OperationalError) connection to server at "localhost" (::1), port 5432 failed: FATAL:  password authentication failed for user "postgres"

(Background on this error at: https://sqlalche.me/e/20/e3q8)

GraphQL request:2:3
1 | mutation LoginUser($userInput: UserLogin!) {
2 |   loginUser(userInput: $userInput) {
  |   ^
3 |     accessToken
Traceback (most recent call last):
  File "D:\Driver C\Desktop\fullstack-internship\backend\job-tracker-backend\.venv\Lib\site-packages\sqlalchemy\engine\base.py", line 144, in __init__
    self._dbapi_connection = engine.raw_connection()
                             ~~~~~~~~~~~~~~~~~~~~~^^
  File "D:\Driver C\Desktop\fullstack-internship\backend\job-tracker-backend\.venv\Lib\site-packages\sqlalchemy\engine\base.py", line 3319, in raw_connection
    return self.pool.connect()
           ~~~~~~~~~~~~~~~~~^^
  File "D:\Driver C\Desktop\fullstack-internship\backend\job-tracker-backend\.venv\Lib\site-packages\sqlalchemy\pool\base.py", line 448, in connect
    return _ConnectionFairy._checkout(self)
           ~~~~~~~~~~~~~~~~~~~~~~~~~~^^^^^^
  File "D:\Driver C\Desktop\fullstack-internship\backend\job-tracker-backend\.venv\Lib\site-packages\sqlalchemy\pool\base.py", line 1272, in _checkout
    fairy = _ConnectionRecord.checkout(pool)
  File "D:\Driver C\Desktop\fullstack-internship\backend\job-tracker-backend\.venv\Lib\site-packages\sqlalchemy\pool\base.py", line 712, in checkout
    rec = pool._do_get()
  File "D:\Driver C\Desktop\fullstack-internship\backend\job-tracker-backend\.venv\Lib\site-packages\sqlalchemy\pool\impl.py", line 178, in _do_get
    with util.safe_reraise():
         ~~~~~~~~~~~~~~~~~^^
  File "D:\Driver C\Desktop\fullstack-internship\backend\job-tracker-backend\.venv\Lib\site-packages\sqlalchemy\util\langhelpers.py", line 122, in __exit__
    raise exc_value.with_traceback(exc_tb)
  File "D:\Driver C\Desktop\fullstack-internship\backend\job-tracker-backend\.venv\Lib\site-packages\sqlalchemy\pool\impl.py", line 176, in _do_get
    return self._create_connection()
           ~~~~~~~~~~~~~~~~~~~~~~~^^
  File "D:\Driver C\Desktop\fullstack-internship\backend\job-tracker-backend\.venv\Lib\site-packages\sqlalchemy\pool\base.py", line 389, in _create_connection
    return _ConnectionRecord(self)
  File "D:\Driver C\Desktop\fullstack-internship\backend\job-tracker-backend\.venv\Lib\site-packages\sqlalchemy\pool\base.py", line 674, in __init__
    self.__connect()
    ~~~~~~~~~~~~~~^^
  File "D:\Driver C\Desktop\fullstack-internship\backend\job-tracker-backend\.venv\Lib\site-packages\sqlalchemy\pool\base.py", line 900, in __connect
    with util.safe_reraise():
         ~~~~~~~~~~~~~~~~~^^
  File "D:\Driver C\Desktop\fullstack-internship\backend\job-tracker-backend\.venv\Lib\site-packages\sqlalchemy\util\langhelpers.py", line 122, in __exit__
    raise exc_value.with_traceback(exc_tb)
  File "D:\Driver C\Desktop\fullstack-internship\backend\job-tracker-backend\.venv\Lib\site-packages\sqlalchemy\pool\base.py", line 896, in __connect
    self.dbapi_connection = connection = pool._invoke_creator(self)
                                         ~~~~~~~~~~~~~~~~~~~~^^^^^^
  File "D:\Driver C\Desktop\fullstack-internship\backend\job-tracker-backend\.venv\Lib\site-packages\sqlalchemy\engine\create.py", line 667, in connect
    return dialect.connect(*cargs_tup, **cparams)
           ~~~~~~~~~~~~~~~^^^^^^^^^^^^^^^^^^^^^^^
  File "D:\Driver C\Desktop\fullstack-internship\backend\job-tracker-backend\.venv\Lib\site-packages\sqlalchemy\engine\default.py", line 630, in connect
    return self.loaded_dbapi.connect(*cargs, **cparams)  # type: ignore[no-any-return]  # NOQA: E501
           ~~~~~~~~~~~~~~~~~~~~~~~~~^^^^^^^^^^^^^^^^^^^
  File "D:\Driver C\Desktop\fullstack-internship\backend\job-tracker-backend\.venv\Lib\site-packages\psycopg2\__init__.py", line 135, in connect
    conn = _connect(dsn, connection_factory=connection_factory, **kwasync)
psycopg2.OperationalError: connection to server at "localhost" (::1), port 5432 failed: FATAL:  password authentication failed for user "postgres"


The above exception was the direct cause of the following exception:

Traceback (most recent call last):
  File "D:\Driver C\Desktop\fullstack-internship\backend\job-tracker-backend\.venv\Lib\site-packages\graphql\execution\execute.py", line 562, in execute_field
    result = resolve_fn(source, info, **args)
  File "D:\Driver C\Desktop\fullstack-internship\backend\job-tracker-backend\.venv\Lib\site-packages\strawberry\schema\schema_converter.py", line 1049, in _resolver
    return _get_result_with_extensions(
        _source,
        strawberry_info,
        **kwargs,
    )
  File "D:\Driver C\Desktop\fullstack-internship\backend\job-tracker-backend\.venv\Lib\site-packages\strawberry\schema\schema_converter.py", line 1035, in extension_resolver
    return reduce(
           ~~~~~~~
    ...<2 lines>...
        wrapped_get_result,
        ~~~~~~~~~~~~~~~~~~~
    )(_source, info, **field_kwargs)
    ~^^^^^^^^^^^^^^^^^^^^^^^^^^^^^^^
  File "D:\Driver C\Desktop\fullstack-internship\backend\job-tracker-backend\.venv\Lib\site-packages\strawberry\schema\schema_converter.py", line 1027, in wrapped_get_result
    return _get_result(
        _source,
    ...<2 lines>...
        field_kwargs=kwargs,
    )
  File "D:\Driver C\Desktop\fullstack-internship\backend\job-tracker-backend\.venv\Lib\site-packages\strawberry\schema\schema_converter.py", line 913, in _get_result
    return field.get_result(
           ~~~~~~~~~~~~~~~~^
        _source, info=info, args=field_args, kwargs=field_kwargs
        ^^^^^^^^^^^^^^^^^^^^^^^^^^^^^^^^^^^^^^^^^^^^^^^^^^^^^^^^
    )
    ^
  File "D:\Driver C\Desktop\fullstack-internship\backend\job-tracker-backend\.venv\Lib\site-packages\strawberry\types\field.py", line 232, in get_result
    return self.base_resolver(*args, **kwargs)
           ~~~~~~~~~~~~~~~~~~^^^^^^^^^^^^^^^^^
  File "D:\Driver C\Desktop\fullstack-internship\backend\job-tracker-backend\.venv\Lib\site-packages\strawberry\types\fields\resolver.py", line 238, in __call__
    return self.wrapped_func(*args, **kwargs)
           ~~~~~~~~~~~~~~~~~^^^^^^^^^^^^^^^^^
  File "D:\Driver C\Desktop\fullstack-internship\backend\job-tracker-backend\auth.py", line 10, in login_user
    user = db.query(models.User).filter(user_input.email == models.User.email).first()
  File "D:\Driver C\Desktop\fullstack-internship\backend\job-tracker-backend\.venv\Lib\site-packages\sqlalchemy\orm\query.py", line 2766, in first
    return self.limit(1)._iter().first()  # type: ignore
           ~~~~~~~~~~~~~~~~~~~^^
  File "D:\Driver C\Desktop\fullstack-internship\backend\job-tracker-backend\.venv\Lib\site-packages\sqlalchemy\orm\query.py", line 2864, in _iter
    result: Union[ScalarResult[_T], Result[_T]] = self.session.execute(
                                                  ~~~~~~~~~~~~~~~~~~~~^
        statement,
        ^^^^^^^^^^
        params,
        ^^^^^^^
        execution_options={"_sa_orm_load_options": self.load_options},
        ^^^^^^^^^^^^^^^^^^^^^^^^^^^^^^^^^^^^^^^^^^^^^^^^^^^^^^^^^^^^^^
    )
    ^
  File "D:\Driver C\Desktop\fullstack-internship\backend\job-tracker-backend\.venv\Lib\site-packages\sqlalchemy\orm\session.py", line 2373, in execute
    return self._execute_internal(
           ~~~~~~~~~~~~~~~~~~~~~~^
        statement,
        ^^^^^^^^^^
    ...<4 lines>...
        _add_event=_add_event,
        ^^^^^^^^^^^^^^^^^^^^^^
    )
    ^
  File "D:\Driver C\Desktop\fullstack-internship\backend\job-tracker-backend\.venv\Lib\site-packages\sqlalchemy\orm\session.py", line 2261, in _execute_internal
    conn = self._connection_for_bind(bind)
  File "D:\Driver C\Desktop\fullstack-internship\backend\job-tracker-backend\.venv\Lib\site-packages\sqlalchemy\orm\session.py", line 2113, in _connection_for_bind
    return trans._connection_for_bind(engine, execution_options)
           ~~~~~~~~~~~~~~~~~~~~~~~~~~^^^^^^^^^^^^^^^^^^^^^^^^^^^
  File "<string>", line 2, in _connection_for_bind
  File "D:\Driver C\Desktop\fullstack-internship\backend\job-tracker-backend\.venv\Lib\site-packages\sqlalchemy\orm\state_changes.py", line 137, in _go
    ret_value = fn(self, *arg, **kw)
  File "D:\Driver C\Desktop\fullstack-internship\backend\job-tracker-backend\.venv\Lib\site-packages\sqlalchemy\orm\session.py", line 1191, in _connection_for_bind
    conn = bind.connect()
  File "D:\Driver C\Desktop\fullstack-internship\backend\job-tracker-backend\.venv\Lib\site-packages\sqlalchemy\engine\base.py", line 3295, in connect
    return self._connection_cls(self)
           ~~~~~~~~~~~~~~~~~~~~^^^^^^
  File "D:\Driver C\Desktop\fullstack-internship\backend\job-tracker-backend\.venv\Lib\site-packages\sqlalchemy\engine\base.py", line 146, in __init__
    Connection._handle_dbapi_exception_noconnection(
    ~~~~~~~~~~~~~~~~~~~~~~~~~~~~~~~~~~~~~~~~~~~~~~~^
        err, dialect, engine
        ^^^^^^^^^^^^^^^^^^^^
    )
    ^
  File "D:\Driver C\Desktop\fullstack-internship\backend\job-tracker-backend\.venv\Lib\site-packages\sqlalchemy\engine\base.py", line 2450, in _handle_dbapi_exception_noconnection
    raise sqlalchemy_exception.with_traceback(exc_info[2]) from e
  File "D:\Driver C\Desktop\fullstack-internship\backend\job-tracker-backend\.venv\Lib\site-packages\sqlalchemy\engine\base.py", line 144, in __init__
    self._dbapi_connection = engine.raw_connection()
                             ~~~~~~~~~~~~~~~~~~~~~^^
  File "D:\Driver C\Desktop\fullstack-internship\backend\job-tracker-backend\.venv\Lib\site-packages\sqlalchemy\engine\base.py", line 3319, in raw_connection
    return self.pool.connect()
           ~~~~~~~~~~~~~~~~~^^
  File "D:\Driver C\Desktop\fullstack-internship\backend\job-tracker-backend\.venv\Lib\site-packages\sqlalchemy\pool\base.py", line 448, in connect
    return _ConnectionFairy._checkout(self)
           ~~~~~~~~~~~~~~~~~~~~~~~~~~^^^^^^
  File "D:\Driver C\Desktop\fullstack-internship\backend\job-tracker-backend\.venv\Lib\site-packages\sqlalchemy\pool\base.py", line 1272, in _checkout
    fairy = _ConnectionRecord.checkout(pool)
  File "D:\Driver C\Desktop\fullstack-internship\backend\job-tracker-backend\.venv\Lib\site-packages\sqlalchemy\pool\base.py", line 712, in checkout
    rec = pool._do_get()
  File "D:\Driver C\Desktop\fullstack-internship\backend\job-tracker-backend\.venv\Lib\site-packages\sqlalchemy\pool\impl.py", line 178, in _do_get
    with util.safe_reraise():
         ~~~~~~~~~~~~~~~~~^^
  File "D:\Driver C\Desktop\fullstack-internship\backend\job-tracker-backend\.venv\Lib\site-packages\sqlalchemy\util\langhelpers.py", line 122, in __exit__
    raise exc_value.with_traceback(exc_tb)
  File "D:\Driver C\Desktop\fullstack-internship\backend\job-tracker-backend\.venv\Lib\site-packages\sqlalchemy\pool\impl.py", line 176, in _do_get
    return self._create_connection()
           ~~~~~~~~~~~~~~~~~~~~~~~^^
  File "D:\Driver C\Desktop\fullstack-internship\backend\job-tracker-backend\.venv\Lib\site-packages\sqlalchemy\pool\base.py", line 389, in _create_connection
    return _ConnectionRecord(self)
  File "D:\Driver C\Desktop\fullstack-internship\backend\job-tracker-backend\.venv\Lib\site-packages\sqlalchemy\pool\base.py", line 674, in __init__
    self.__connect()
    ~~~~~~~~~~~~~~^^
  File "D:\Driver C\Desktop\fullstack-internship\backend\job-tracker-backend\.venv\Lib\site-packages\sqlalchemy\pool\base.py", line 900, in __connect
    with util.safe_reraise():
         ~~~~~~~~~~~~~~~~~^^
  File "D:\Driver C\Desktop\fullstack-internship\backend\job-tracker-backend\.venv\Lib\site-packages\sqlalchemy\util\langhelpers.py", line 122, in __exit__
    raise exc_value.with_traceback(exc_tb)
  File "D:\Driver C\Desktop\fullstack-internship\backend\job-tracker-backend\.venv\Lib\site-packages\sqlalchemy\pool\base.py", line 896, in __connect
    self.dbapi_connection = connection = pool._invoke_creator(self)
                                         ~~~~~~~~~~~~~~~~~~~~^^^^^^
  File "D:\Driver C\Desktop\fullstack-internship\backend\job-tracker-backend\.venv\Lib\site-packages\sqlalchemy\engine\create.py", line 667, in connect
    return dialect.connect(*cargs_tup, **cparams)
           ~~~~~~~~~~~~~~~^^^^^^^^^^^^^^^^^^^^^^^
  File "D:\Driver C\Desktop\fullstack-internship\backend\job-tracker-backend\.venv\Lib\site-packages\sqlalchemy\engine\default.py", line 630, in connect
    return self.loaded_dbapi.connect(*cargs, **cparams)  # type: ignore[no-any-return]  # NOQA: E501
           ~~~~~~~~~~~~~~~~~~~~~~~~~^^^^^^^^^^^^^^^^^^^
  File "D:\Driver C\Desktop\fullstack-internship\backend\job-tracker-backend\.venv\Lib\site-packages\psycopg2\__init__.py", line 135, in connect
    conn = _connect(dsn, connection_factory=connection_factory, **kwasync)
sqlalchemy.exc.OperationalError: (psycopg2.OperationalError) connection to server at "localhost" (::1), port 5432 failed: FATAL:  password authentication failed for user "postgres"

(Background on this error at: https://sqlalche.me/e/20/e3q8)
INFO:     127.0.0.1:57434 - "POST /graphql HTTP/1.1" 200 OK
INFO:     127.0.0.1:57434 - "OPTIONS /graphql HTTP/1.1" 200 OK
(psycopg2.OperationalError) connection to server at "localhost" (::1), port 5432 failed: FATAL:  password authentication failed for user "postgres"

(Background on this error at: https://sqlalche.me/e/20/e3q8)

GraphQL request:2:3
1 | mutation LoginUser($userInput: UserLogin!) {
2 |   loginUser(userInput: $userInput) {
  |   ^
3 |     accessToken
Traceback (most recent call last):
  File "D:\Driver C\Desktop\fullstack-internship\backend\job-tracker-backend\.venv\Lib\site-packages\sqlalchemy\engine\base.py", line 144, in __init__
    self._dbapi_connection = engine.raw_connection()
                             ~~~~~~~~~~~~~~~~~~~~~^^
  File "D:\Driver C\Desktop\fullstack-internship\backend\job-tracker-backend\.venv\Lib\site-packages\sqlalchemy\engine\base.py", line 3319, in raw_connection
    return self.pool.connect()
           ~~~~~~~~~~~~~~~~~^^
  File "D:\Driver C\Desktop\fullstack-internship\backend\job-tracker-backend\.venv\Lib\site-packages\sqlalchemy\pool\base.py", line 448, in connect
    return _ConnectionFairy._checkout(self)
           ~~~~~~~~~~~~~~~~~~~~~~~~~~^^^^^^
  File "D:\Driver C\Desktop\fullstack-internship\backend\job-tracker-backend\.venv\Lib\site-packages\sqlalchemy\pool\base.py", line 1272, in _checkout
    fairy = _ConnectionRecord.checkout(pool)
  File "D:\Driver C\Desktop\fullstack-internship\backend\job-tracker-backend\.venv\Lib\site-packages\sqlalchemy\pool\base.py", line 712, in checkout
    rec = pool._do_get()
  File "D:\Driver C\Desktop\fullstack-internship\backend\job-tracker-backend\.venv\Lib\site-packages\sqlalchemy\pool\impl.py", line 178, in _do_get
    with util.safe_reraise():
         ~~~~~~~~~~~~~~~~~^^
  File "D:\Driver C\Desktop\fullstack-internship\backend\job-tracker-backend\.venv\Lib\site-packages\sqlalchemy\util\langhelpers.py", line 122, in __exit__
    raise exc_value.with_traceback(exc_tb)
  File "D:\Driver C\Desktop\fullstack-internship\backend\job-tracker-backend\.venv\Lib\site-packages\sqlalchemy\pool\impl.py", line 176, in _do_get
    return self._create_connection()
           ~~~~~~~~~~~~~~~~~~~~~~~^^
  File "D:\Driver C\Desktop\fullstack-internship\backend\job-tracker-backend\.venv\Lib\site-packages\sqlalchemy\pool\base.py", line 389, in _create_connection
    return _ConnectionRecord(self)
  File "D:\Driver C\Desktop\fullstack-internship\backend\job-tracker-backend\.venv\Lib\site-packages\sqlalchemy\pool\base.py", line 674, in __init__
    self.__connect()
    ~~~~~~~~~~~~~~^^
  File "D:\Driver C\Desktop\fullstack-internship\backend\job-tracker-backend\.venv\Lib\site-packages\sqlalchemy\pool\base.py", line 900, in __connect
    with util.safe_reraise():
         ~~~~~~~~~~~~~~~~~^^
  File "D:\Driver C\Desktop\fullstack-internship\backend\job-tracker-backend\.venv\Lib\site-packages\sqlalchemy\util\langhelpers.py", line 122, in __exit__
    raise exc_value.with_traceback(exc_tb)
  File "D:\Driver C\Desktop\fullstack-internship\backend\job-tracker-backend\.venv\Lib\site-packages\sqlalchemy\pool\base.py", line 896, in __connect
    self.dbapi_connection = connection = pool._invoke_creator(self)
                                         ~~~~~~~~~~~~~~~~~~~~^^^^^^
  File "D:\Driver C\Desktop\fullstack-internship\backend\job-tracker-backend\.venv\Lib\site-packages\sqlalchemy\engine\create.py", line 667, in connect
    return dialect.connect(*cargs_tup, **cparams)
           ~~~~~~~~~~~~~~~^^^^^^^^^^^^^^^^^^^^^^^
  File "D:\Driver C\Desktop\fullstack-internship\backend\job-tracker-backend\.venv\Lib\site-packages\sqlalchemy\engine\default.py", line 630, in connect
    return self.loaded_dbapi.connect(*cargs, **cparams)  # type: ignore[no-any-return]  # NOQA: E501
           ~~~~~~~~~~~~~~~~~~~~~~~~~^^^^^^^^^^^^^^^^^^^
  File "D:\Driver C\Desktop\fullstack-internship\backend\job-tracker-backend\.venv\Lib\site-packages\psycopg2\__init__.py", line 135, in connect
    conn = _connect(dsn, connection_factory=connection_factory, **kwasync)
psycopg2.OperationalError: connection to server at "localhost" (::1), port 5432 failed: FATAL:  password authentication failed for user "postgres"


The above exception was the direct cause of the following exception:

Traceback (most recent call last):
  File "D:\Driver C\Desktop\fullstack-internship\backend\job-tracker-backend\.venv\Lib\site-packages\graphql\execution\execute.py", line 562, in execute_field
    result = resolve_fn(source, info, **args)
  File "D:\Driver C\Desktop\fullstack-internship\backend\job-tracker-backend\.venv\Lib\site-packages\strawberry\schema\schema_converter.py", line 1049, in _resolver
    return _get_result_with_extensions(
        _source,
        strawberry_info,
        **kwargs,
    )
  File "D:\Driver C\Desktop\fullstack-internship\backend\job-tracker-backend\.venv\Lib\site-packages\strawberry\schema\schema_converter.py", line 1035, in extension_resolver
    return reduce(
           ~~~~~~~
    ...<2 lines>...
        wrapped_get_result,
        ~~~~~~~~~~~~~~~~~~~
    )(_source, info, **field_kwargs)
    ~^^^^^^^^^^^^^^^^^^^^^^^^^^^^^^^
  File "D:\Driver C\Desktop\fullstack-internship\backend\job-tracker-backend\.venv\Lib\site-packages\strawberry\schema\schema_converter.py", line 1027, in wrapped_get_result
    return _get_result(
        _source,
    ...<2 lines>...
        field_kwargs=kwargs,
    )
  File "D:\Driver C\Desktop\fullstack-internship\backend\job-tracker-backend\.venv\Lib\site-packages\strawberry\schema\schema_converter.py", line 913, in _get_result
    return field.get_result(
           ~~~~~~~~~~~~~~~~^
        _source, info=info, args=field_args, kwargs=field_kwargs
        ^^^^^^^^^^^^^^^^^^^^^^^^^^^^^^^^^^^^^^^^^^^^^^^^^^^^^^^^
    )
    ^
  File "D:\Driver C\Desktop\fullstack-internship\backend\job-tracker-backend\.venv\Lib\site-packages\strawberry\types\field.py", line 232, in get_result
    return self.base_resolver(*args, **kwargs)
           ~~~~~~~~~~~~~~~~~~^^^^^^^^^^^^^^^^^
  File "D:\Driver C\Desktop\fullstack-internship\backend\job-tracker-backend\.venv\Lib\site-packages\strawberry\types\fields\resolver.py", line 238, in __call__
    return self.wrapped_func(*args, **kwargs)
           ~~~~~~~~~~~~~~~~~^^^^^^^^^^^^^^^^^
  File "D:\Driver C\Desktop\fullstack-internship\backend\job-tracker-backend\auth.py", line 10, in login_user
    user = db.query(models.User).filter(user_input.email == models.User.email).first()
  File "D:\Driver C\Desktop\fullstack-internship\backend\job-tracker-backend\.venv\Lib\site-packages\sqlalchemy\orm\query.py", line 2766, in first
    return self.limit(1)._iter().first()  # type: ignore
           ~~~~~~~~~~~~~~~~~~~^^
  File "D:\Driver C\Desktop\fullstack-internship\backend\job-tracker-backend\.venv\Lib\site-packages\sqlalchemy\orm\query.py", line 2864, in _iter
    result: Union[ScalarResult[_T], Result[_T]] = self.session.execute(
                                                  ~~~~~~~~~~~~~~~~~~~~^
        statement,
        ^^^^^^^^^^
        params,
        ^^^^^^^
        execution_options={"_sa_orm_load_options": self.load_options},
        ^^^^^^^^^^^^^^^^^^^^^^^^^^^^^^^^^^^^^^^^^^^^^^^^^^^^^^^^^^^^^^
    )
    ^
  File "D:\Driver C\Desktop\fullstack-internship\backend\job-tracker-backend\.venv\Lib\site-packages\sqlalchemy\orm\session.py", line 2373, in execute
    return self._execute_internal(
           ~~~~~~~~~~~~~~~~~~~~~~^
        statement,
        ^^^^^^^^^^
    ...<4 lines>...
        _add_event=_add_event,
        ^^^^^^^^^^^^^^^^^^^^^^
    )
    ^
  File "D:\Driver C\Desktop\fullstack-internship\backend\job-tracker-backend\.venv\Lib\site-packages\sqlalchemy\orm\session.py", line 2261, in _execute_internal
    conn = self._connection_for_bind(bind)
  File "D:\Driver C\Desktop\fullstack-internship\backend\job-tracker-backend\.venv\Lib\site-packages\sqlalchemy\orm\session.py", line 2113, in _connection_for_bind
    return trans._connection_for_bind(engine, execution_options)
           ~~~~~~~~~~~~~~~~~~~~~~~~~~^^^^^^^^^^^^^^^^^^^^^^^^^^^
  File "<string>", line 2, in _connection_for_bind
  File "D:\Driver C\Desktop\fullstack-internship\backend\job-tracker-backend\.venv\Lib\site-packages\sqlalchemy\orm\state_changes.py", line 137, in _go
    ret_value = fn(self, *arg, **kw)
  File "D:\Driver C\Desktop\fullstack-internship\backend\job-tracker-backend\.venv\Lib\site-packages\sqlalchemy\orm\session.py", line 1191, in _connection_for_bind
    conn = bind.connect()
  File "D:\Driver C\Desktop\fullstack-internship\backend\job-tracker-backend\.venv\Lib\site-packages\sqlalchemy\engine\base.py", line 3295, in connect
    return self._connection_cls(self)
           ~~~~~~~~~~~~~~~~~~~~^^^^^^
  File "D:\Driver C\Desktop\fullstack-internship\backend\job-tracker-backend\.venv\Lib\site-packages\sqlalchemy\engine\base.py", line 146, in __init__
    Connection._handle_dbapi_exception_noconnection(
    ~~~~~~~~~~~~~~~~~~~~~~~~~~~~~~~~~~~~~~~~~~~~~~~^
        err, dialect, engine
        ^^^^^^^^^^^^^^^^^^^^
    )
    ^
  File "D:\Driver C\Desktop\fullstack-internship\backend\job-tracker-backend\.venv\Lib\site-packages\sqlalchemy\engine\base.py", line 2450, in _handle_dbapi_exception_noconnection
    raise sqlalchemy_exception.with_traceback(exc_info[2]) from e
  File "D:\Driver C\Desktop\fullstack-internship\backend\job-tracker-backend\.venv\Lib\site-packages\sqlalchemy\engine\base.py", line 144, in __init__
    self._dbapi_connection = engine.raw_connection()
                             ~~~~~~~~~~~~~~~~~~~~~^^
  File "D:\Driver C\Desktop\fullstack-internship\backend\job-tracker-backend\.venv\Lib\site-packages\sqlalchemy\engine\base.py", line 3319, in raw_connection
    return self.pool.connect()
           ~~~~~~~~~~~~~~~~~^^
  File "D:\Driver C\Desktop\fullstack-internship\backend\job-tracker-backend\.venv\Lib\site-packages\sqlalchemy\pool\base.py", line 448, in connect
    return _ConnectionFairy._checkout(self)
           ~~~~~~~~~~~~~~~~~~~~~~~~~~^^^^^^
  File "D:\Driver C\Desktop\fullstack-internship\backend\job-tracker-backend\.venv\Lib\site-packages\sqlalchemy\pool\base.py", line 1272, in _checkout
    fairy = _ConnectionRecord.checkout(pool)
  File "D:\Driver C\Desktop\fullstack-internship\backend\job-tracker-backend\.venv\Lib\site-packages\sqlalchemy\pool\base.py", line 712, in checkout
    rec = pool._do_get()
  File "D:\Driver C\Desktop\fullstack-internship\backend\job-tracker-backend\.venv\Lib\site-packages\sqlalchemy\pool\impl.py", line 178, in _do_get
    with util.safe_reraise():
         ~~~~~~~~~~~~~~~~~^^
  File "D:\Driver C\Desktop\fullstack-internship\backend\job-tracker-backend\.venv\Lib\site-packages\sqlalchemy\util\langhelpers.py", line 122, in __exit__
    raise exc_value.with_traceback(exc_tb)
  File "D:\Driver C\Desktop\fullstack-internship\backend\job-tracker-backend\.venv\Lib\site-packages\sqlalchemy\pool\impl.py", line 176, in _do_get
    return self._create_connection()
           ~~~~~~~~~~~~~~~~~~~~~~~^^
  File "D:\Driver C\Desktop\fullstack-internship\backend\job-tracker-backend\.venv\Lib\site-packages\sqlalchemy\pool\base.py", line 389, in _create_connection
    return _ConnectionRecord(self)
  File "D:\Driver C\Desktop\fullstack-internship\backend\job-tracker-backend\.venv\Lib\site-packages\sqlalchemy\pool\base.py", line 674, in __init__
    self.__connect()
    ~~~~~~~~~~~~~~^^
  File "D:\Driver C\Desktop\fullstack-internship\backend\job-tracker-backend\.venv\Lib\site-packages\sqlalchemy\pool\base.py", line 900, in __connect
    with util.safe_reraise():
         ~~~~~~~~~~~~~~~~~^^
  File "D:\Driver C\Desktop\fullstack-internship\backend\job-tracker-backend\.venv\Lib\site-packages\sqlalchemy\util\langhelpers.py", line 122, in __exit__
    raise exc_value.with_traceback(exc_tb)
  File "D:\Driver C\Desktop\fullstack-internship\backend\job-tracker-backend\.venv\Lib\site-packages\sqlalchemy\pool\base.py", line 896, in __connect
    self.dbapi_connection = connection = pool._invoke_creator(self)
                                         ~~~~~~~~~~~~~~~~~~~~^^^^^^
  File "D:\Driver C\Desktop\fullstack-internship\backend\job-tracker-backend\.venv\Lib\site-packages\sqlalchemy\engine\create.py", line 667, in connect
    return dialect.connect(*cargs_tup, **cparams)
           ~~~~~~~~~~~~~~~^^^^^^^^^^^^^^^^^^^^^^^
  File "D:\Driver C\Desktop\fullstack-internship\backend\job-tracker-backend\.venv\Lib\site-packages\sqlalchemy\engine\default.py", line 630, in connect
    return self.loaded_dbapi.connect(*cargs, **cparams)  # type: ignore[no-any-return]  # NOQA: E501
           ~~~~~~~~~~~~~~~~~~~~~~~~~^^^^^^^^^^^^^^^^^^^
  File "D:\Driver C\Desktop\fullstack-internship\backend\job-tracker-backend\.venv\Lib\site-packages\psycopg2\__init__.py", line 135, in connect
    conn = _connect(dsn, connection_factory=connection_factory, **kwasync)
sqlalchemy.exc.OperationalError: (psycopg2.OperationalError) connection to server at "localhost" (::1), port 5432 failed: FATAL:  password authentication failed for user "postgres"

(Background on this error at: https://sqlalche.me/e/20/e3q8)
INFO:     127.0.0.1:57430 - "POST /graphql HTTP/1.1" 200 OK
INFO:     127.0.0.1:57430 - "OPTIONS /graphql HTTP/1.1" 200 OK
(psycopg2.OperationalError) connection to server at "localhost" (::1), port 5432 failed: FATAL:  password authentication failed for user "postgres"

(Background on this error at: https://sqlalche.me/e/20/e3q8)

GraphQL request:2:3
1 | mutation LoginUser($userInput: UserLogin!) {
2 |   loginUser(userInput: $userInput) {
  |   ^
3 |     accessToken
Traceback (most recent call last):
  File "D:\Driver C\Desktop\fullstack-internship\backend\job-tracker-backend\.venv\Lib\site-packages\sqlalchemy\engine\base.py", line 144, in __init__
    self._dbapi_connection = engine.raw_connection()
                             ~~~~~~~~~~~~~~~~~~~~~^^
  File "D:\Driver C\Desktop\fullstack-internship\backend\job-tracker-backend\.venv\Lib\site-packages\sqlalchemy\engine\base.py", line 3319, in raw_connection
    return self.pool.connect()
           ~~~~~~~~~~~~~~~~~^^
  File "D:\Driver C\Desktop\fullstack-internship\backend\job-tracker-backend\.venv\Lib\site-packages\sqlalchemy\pool\base.py", line 448, in connect
    return _ConnectionFairy._checkout(self)
           ~~~~~~~~~~~~~~~~~~~~~~~~~~^^^^^^
  File "D:\Driver C\Desktop\fullstack-internship\backend\job-tracker-backend\.venv\Lib\site-packages\sqlalchemy\pool\base.py", line 1272, in _checkout
    fairy = _ConnectionRecord.checkout(pool)
  File "D:\Driver C\Desktop\fullstack-internship\backend\job-tracker-backend\.venv\Lib\site-packages\sqlalchemy\pool\base.py", line 712, in checkout
    rec = pool._do_get()
  File "D:\Driver C\Desktop\fullstack-internship\backend\job-tracker-backend\.venv\Lib\site-packages\sqlalchemy\pool\impl.py", line 178, in _do_get
    with util.safe_reraise():
         ~~~~~~~~~~~~~~~~~^^
  File "D:\Driver C\Desktop\fullstack-internship\backend\job-tracker-backend\.venv\Lib\site-packages\sqlalchemy\util\langhelpers.py", line 122, in __exit__
    raise exc_value.with_traceback(exc_tb)
  File "D:\Driver C\Desktop\fullstack-internship\backend\job-tracker-backend\.venv\Lib\site-packages\sqlalchemy\pool\impl.py", line 176, in _do_get
    return self._create_connection()
           ~~~~~~~~~~~~~~~~~~~~~~~^^
  File "D:\Driver C\Desktop\fullstack-internship\backend\job-tracker-backend\.venv\Lib\site-packages\sqlalchemy\pool\base.py", line 389, in _create_connection
    return _ConnectionRecord(self)
  File "D:\Driver C\Desktop\fullstack-internship\backend\job-tracker-backend\.venv\Lib\site-packages\sqlalchemy\pool\base.py", line 674, in __init__
    self.__connect()
    ~~~~~~~~~~~~~~^^
  File "D:\Driver C\Desktop\fullstack-internship\backend\job-tracker-backend\.venv\Lib\site-packages\sqlalchemy\pool\base.py", line 900, in __connect
    with util.safe_reraise():
         ~~~~~~~~~~~~~~~~~^^
  File "D:\Driver C\Desktop\fullstack-internship\backend\job-tracker-backend\.venv\Lib\site-packages\sqlalchemy\util\langhelpers.py", line 122, in __exit__
    raise exc_value.with_traceback(exc_tb)
  File "D:\Driver C\Desktop\fullstack-internship\backend\job-tracker-backend\.venv\Lib\site-packages\sqlalchemy\pool\base.py", line 896, in __connect
    self.dbapi_connection = connection = pool._invoke_creator(self)
                                         ~~~~~~~~~~~~~~~~~~~~^^^^^^
  File "D:\Driver C\Desktop\fullstack-internship\backend\job-tracker-backend\.venv\Lib\site-packages\sqlalchemy\engine\create.py", line 667, in connect
    return dialect.connect(*cargs_tup, **cparams)
           ~~~~~~~~~~~~~~~^^^^^^^^^^^^^^^^^^^^^^^
  File "D:\Driver C\Desktop\fullstack-internship\backend\job-tracker-backend\.venv\Lib\site-packages\sqlalchemy\engine\default.py", line 630, in connect
    return self.loaded_dbapi.connect(*cargs, **cparams)  # type: ignore[no-any-return]  # NOQA: E501
           ~~~~~~~~~~~~~~~~~~~~~~~~~^^^^^^^^^^^^^^^^^^^
  File "D:\Driver C\Desktop\fullstack-internship\backend\job-tracker-backend\.venv\Lib\site-packages\psycopg2\__init__.py", line 135, in connect
    conn = _connect(dsn, connection_factory=connection_factory, **kwasync)
psycopg2.OperationalError: connection to server at "localhost" (::1), port 5432 failed: FATAL:  password authentication failed for user "postgres"


The above exception was the direct cause of the following exception:

Traceback (most recent call last):
  File "D:\Driver C\Desktop\fullstack-internship\backend\job-tracker-backend\.venv\Lib\site-packages\graphql\execution\execute.py", line 562, in execute_field
    result = resolve_fn(source, info, **args)
  File "D:\Driver C\Desktop\fullstack-internship\backend\job-tracker-backend\.venv\Lib\site-packages\strawberry\schema\schema_converter.py", line 1049, in _resolver
    return _get_result_with_extensions(
        _source,
        strawberry_info,
        **kwargs,
    )
  File "D:\Driver C\Desktop\fullstack-internship\backend\job-tracker-backend\.venv\Lib\site-packages\strawberry\schema\schema_converter.py", line 1035, in extension_resolver
    return reduce(
           ~~~~~~~
    ...<2 lines>...
        wrapped_get_result,
        ~~~~~~~~~~~~~~~~~~~
    )(_source, info, **field_kwargs)
    ~^^^^^^^^^^^^^^^^^^^^^^^^^^^^^^^
  File "D:\Driver C\Desktop\fullstack-internship\backend\job-tracker-backend\.venv\Lib\site-packages\strawberry\schema\schema_converter.py", line 1027, in wrapped_get_result
    return _get_result(
        _source,
    ...<2 lines>...
        field_kwargs=kwargs,
    )
  File "D:\Driver C\Desktop\fullstack-internship\backend\job-tracker-backend\.venv\Lib\site-packages\strawberry\schema\schema_converter.py", line 913, in _get_result
    return field.get_result(
           ~~~~~~~~~~~~~~~~^
        _source, info=info, args=field_args, kwargs=field_kwargs
        ^^^^^^^^^^^^^^^^^^^^^^^^^^^^^^^^^^^^^^^^^^^^^^^^^^^^^^^^
    )
    ^
  File "D:\Driver C\Desktop\fullstack-internship\backend\job-tracker-backend\.venv\Lib\site-packages\strawberry\types\field.py", line 232, in get_result
    return self.base_resolver(*args, **kwargs)
           ~~~~~~~~~~~~~~~~~~^^^^^^^^^^^^^^^^^
  File "D:\Driver C\Desktop\fullstack-internship\backend\job-tracker-backend\.venv\Lib\site-packages\strawberry\types\fields\resolver.py", line 238, in __call__
    return self.wrapped_func(*args, **kwargs)
           ~~~~~~~~~~~~~~~~~^^^^^^^^^^^^^^^^^
  File "D:\Driver C\Desktop\fullstack-internship\backend\job-tracker-backend\auth.py", line 10, in login_user
    user = db.query(models.User).filter(user_input.email == models.User.email).first()
  File "D:\Driver C\Desktop\fullstack-internship\backend\job-tracker-backend\.venv\Lib\site-packages\sqlalchemy\orm\query.py", line 2766, in first
    return self.limit(1)._iter().first()  # type: ignore
           ~~~~~~~~~~~~~~~~~~~^^
  File "D:\Driver C\Desktop\fullstack-internship\backend\job-tracker-backend\.venv\Lib\site-packages\sqlalchemy\orm\query.py", line 2864, in _iter
    result: Union[ScalarResult[_T], Result[_T]] = self.session.execute(
                                                  ~~~~~~~~~~~~~~~~~~~~^
        statement,
        ^^^^^^^^^^
        params,
        ^^^^^^^
        execution_options={"_sa_orm_load_options": self.load_options},
        ^^^^^^^^^^^^^^^^^^^^^^^^^^^^^^^^^^^^^^^^^^^^^^^^^^^^^^^^^^^^^^
    )
    ^
  File "D:\Driver C\Desktop\fullstack-internship\backend\job-tracker-backend\.venv\Lib\site-packages\sqlalchemy\orm\session.py", line 2373, in execute
    return self._execute_internal(
           ~~~~~~~~~~~~~~~~~~~~~~^
        statement,
        ^^^^^^^^^^
    ...<4 lines>...
        _add_event=_add_event,
        ^^^^^^^^^^^^^^^^^^^^^^
    )
    ^
  File "D:\Driver C\Desktop\fullstack-internship\backend\job-tracker-backend\.venv\Lib\site-packages\sqlalchemy\orm\session.py", line 2261, in _execute_internal
    conn = self._connection_for_bind(bind)
  File "D:\Driver C\Desktop\fullstack-internship\backend\job-tracker-backend\.venv\Lib\site-packages\sqlalchemy\orm\session.py", line 2113, in _connection_for_bind
    return trans._connection_for_bind(engine, execution_options)
           ~~~~~~~~~~~~~~~~~~~~~~~~~~^^^^^^^^^^^^^^^^^^^^^^^^^^^
  File "<string>", line 2, in _connection_for_bind
  File "D:\Driver C\Desktop\fullstack-internship\backend\job-tracker-backend\.venv\Lib\site-packages\sqlalchemy\orm\state_changes.py", line 137, in _go
    ret_value = fn(self, *arg, **kw)
  File "D:\Driver C\Desktop\fullstack-internship\backend\job-tracker-backend\.venv\Lib\site-packages\sqlalchemy\orm\session.py", line 1191, in _connection_for_bind
    conn = bind.connect()
  File "D:\Driver C\Desktop\fullstack-internship\backend\job-tracker-backend\.venv\Lib\site-packages\sqlalchemy\engine\base.py", line 3295, in connect
    return self._connection_cls(self)
           ~~~~~~~~~~~~~~~~~~~~^^^^^^
  File "D:\Driver C\Desktop\fullstack-internship\backend\job-tracker-backend\.venv\Lib\site-packages\sqlalchemy\engine\base.py", line 146, in __init__
    Connection._handle_dbapi_exception_noconnection(
    ~~~~~~~~~~~~~~~~~~~~~~~~~~~~~~~~~~~~~~~~~~~~~~~^
        err, dialect, engine
        ^^^^^^^^^^^^^^^^^^^^
    )
    ^
  File "D:\Driver C\Desktop\fullstack-internship\backend\job-tracker-backend\.venv\Lib\site-packages\sqlalchemy\engine\base.py", line 2450, in _handle_dbapi_exception_noconnection
    raise sqlalchemy_exception.with_traceback(exc_info[2]) from e
  File "D:\Driver C\Desktop\fullstack-internship\backend\job-tracker-backend\.venv\Lib\site-packages\sqlalchemy\engine\base.py", line 144, in __init__
    self._dbapi_connection = engine.raw_connection()
                             ~~~~~~~~~~~~~~~~~~~~~^^
  File "D:\Driver C\Desktop\fullstack-internship\backend\job-tracker-backend\.venv\Lib\site-packages\sqlalchemy\engine\base.py", line 3319, in raw_connection
    return self.pool.connect()
           ~~~~~~~~~~~~~~~~~^^
  File "D:\Driver C\Desktop\fullstack-internship\backend\job-tracker-backend\.venv\Lib\site-packages\sqlalchemy\pool\base.py", line 448, in connect
    return _ConnectionFairy._checkout(self)
           ~~~~~~~~~~~~~~~~~~~~~~~~~~^^^^^^
  File "D:\Driver C\Desktop\fullstack-internship\backend\job-tracker-backend\.venv\Lib\site-packages\sqlalchemy\pool\base.py", line 1272, in _checkout
    fairy = _ConnectionRecord.checkout(pool)
  File "D:\Driver C\Desktop\fullstack-internship\backend\job-tracker-backend\.venv\Lib\site-packages\sqlalchemy\pool\base.py", line 712, in checkout
    rec = pool._do_get()
  File "D:\Driver C\Desktop\fullstack-internship\backend\job-tracker-backend\.venv\Lib\site-packages\sqlalchemy\pool\impl.py", line 178, in _do_get
    with util.safe_reraise():
         ~~~~~~~~~~~~~~~~~^^
  File "D:\Driver C\Desktop\fullstack-internship\backend\job-tracker-backend\.venv\Lib\site-packages\sqlalchemy\util\langhelpers.py", line 122, in __exit__
    raise exc_value.with_traceback(exc_tb)
  File "D:\Driver C\Desktop\fullstack-internship\backend\job-tracker-backend\.venv\Lib\site-packages\sqlalchemy\pool\impl.py", line 176, in _do_get
    return self._create_connection()
           ~~~~~~~~~~~~~~~~~~~~~~~^^
  File "D:\Driver C\Desktop\fullstack-internship\backend\job-tracker-backend\.venv\Lib\site-packages\sqlalchemy\pool\base.py", line 389, in _create_connection
    return _ConnectionRecord(self)
  File "D:\Driver C\Desktop\fullstack-internship\backend\job-tracker-backend\.venv\Lib\site-packages\sqlalchemy\pool\base.py", line 674, in __init__
    self.__connect()
    ~~~~~~~~~~~~~~^^
  File "D:\Driver C\Desktop\fullstack-internship\backend\job-tracker-backend\.venv\Lib\site-packages\sqlalchemy\pool\base.py", line 900, in __connect
    with util.safe_reraise():
         ~~~~~~~~~~~~~~~~~^^
  File "D:\Driver C\Desktop\fullstack-internship\backend\job-tracker-backend\.venv\Lib\site-packages\sqlalchemy\util\langhelpers.py", line 122, in __exit__
    raise exc_value.with_traceback(exc_tb)
  File "D:\Driver C\Desktop\fullstack-internship\backend\job-tracker-backend\.venv\Lib\site-packages\sqlalchemy\pool\base.py", line 896, in __connect
    self.dbapi_connection = connection = pool._invoke_creator(self)
                                         ~~~~~~~~~~~~~~~~~~~~^^^^^^
  File "D:\Driver C\Desktop\fullstack-internship\backend\job-tracker-backend\.venv\Lib\site-packages\sqlalchemy\engine\create.py", line 667, in connect
    return dialect.connect(*cargs_tup, **cparams)
           ~~~~~~~~~~~~~~~^^^^^^^^^^^^^^^^^^^^^^^
  File "D:\Driver C\Desktop\fullstack-internship\backend\job-tracker-backend\.venv\Lib\site-packages\sqlalchemy\engine\default.py", line 630, in connect
    return self.loaded_dbapi.connect(*cargs, **cparams)  # type: ignore[no-any-return]  # NOQA: E501
           ~~~~~~~~~~~~~~~~~~~~~~~~~^^^^^^^^^^^^^^^^^^^
  File "D:\Driver C\Desktop\fullstack-internship\backend\job-tracker-backend\.venv\Lib\site-packages\psycopg2\__init__.py", line 135, in connect
    conn = _connect(dsn, connection_factory=connection_factory, **kwasync)
sqlalchemy.exc.OperationalError: (psycopg2.OperationalError) connection to server at "localhost" (::1), port 5432 failed: FATAL:  password authentication failed for user "postgres"

(Background on this error at: https://sqlalche.me/e/20/e3q8)
INFO:     127.0.0.1:57434 - "POST /graphql HTTP/1.1" 200 OK
INFO:     127.0.0.1:57434 - "OPTIONS /graphql HTTP/1.1" 200 OK
(psycopg2.OperationalError) connection to server at "localhost" (::1), port 5432 failed: FATAL:  password authentication failed for user "postgres"

(Background on this error at: https://sqlalche.me/e/20/e3q8)

GraphQL request:2:3
1 | mutation LoginUser($userInput: UserLogin!) {
2 |   loginUser(userInput: $userInput) {
  |   ^
3 |     accessToken
Traceback (most recent call last):
  File "D:\Driver C\Desktop\fullstack-internship\backend\job-tracker-backend\.venv\Lib\site-packages\sqlalchemy\engine\base.py", line 144, in __init__
    self._dbapi_connection = engine.raw_connection()
                             ~~~~~~~~~~~~~~~~~~~~~^^
  File "D:\Driver C\Desktop\fullstack-internship\backend\job-tracker-backend\.venv\Lib\site-packages\sqlalchemy\engine\base.py", line 3319, in raw_connection
    return self.pool.connect()
           ~~~~~~~~~~~~~~~~~^^
  File "D:\Driver C\Desktop\fullstack-internship\backend\job-tracker-backend\.venv\Lib\site-packages\sqlalchemy\pool\base.py", line 448, in connect
    return _ConnectionFairy._checkout(self)
           ~~~~~~~~~~~~~~~~~~~~~~~~~~^^^^^^
  File "D:\Driver C\Desktop\fullstack-internship\backend\job-tracker-backend\.venv\Lib\site-packages\sqlalchemy\pool\base.py", line 1272, in _checkout
    fairy = _ConnectionRecord.checkout(pool)
  File "D:\Driver C\Desktop\fullstack-internship\backend\job-tracker-backend\.venv\Lib\site-packages\sqlalchemy\pool\base.py", line 712, in checkout
    rec = pool._do_get()
  File "D:\Driver C\Desktop\fullstack-internship\backend\job-tracker-backend\.venv\Lib\site-packages\sqlalchemy\pool\impl.py", line 178, in _do_get
    with util.safe_reraise():
         ~~~~~~~~~~~~~~~~~^^
  File "D:\Driver C\Desktop\fullstack-internship\backend\job-tracker-backend\.venv\Lib\site-packages\sqlalchemy\util\langhelpers.py", line 122, in __exit__
    raise exc_value.with_traceback(exc_tb)
  File "D:\Driver C\Desktop\fullstack-internship\backend\job-tracker-backend\.venv\Lib\site-packages\sqlalchemy\pool\impl.py", line 176, in _do_get
    return self._create_connection()
           ~~~~~~~~~~~~~~~~~~~~~~~^^
  File "D:\Driver C\Desktop\fullstack-internship\backend\job-tracker-backend\.venv\Lib\site-packages\sqlalchemy\pool\base.py", line 389, in _create_connection
    return _ConnectionRecord(self)
  File "D:\Driver C\Desktop\fullstack-internship\backend\job-tracker-backend\.venv\Lib\site-packages\sqlalchemy\pool\base.py", line 674, in __init__
    self.__connect()
    ~~~~~~~~~~~~~~^^
  File "D:\Driver C\Desktop\fullstack-internship\backend\job-tracker-backend\.venv\Lib\site-packages\sqlalchemy\pool\base.py", line 900, in __connect
    with util.safe_reraise():
         ~~~~~~~~~~~~~~~~~^^
  File "D:\Driver C\Desktop\fullstack-internship\backend\job-tracker-backend\.venv\Lib\site-packages\sqlalchemy\util\langhelpers.py", line 122, in __exit__
    raise exc_value.with_traceback(exc_tb)
  File "D:\Driver C\Desktop\fullstack-internship\backend\job-tracker-backend\.venv\Lib\site-packages\sqlalchemy\pool\base.py", line 896, in __connect
    self.dbapi_connection = connection = pool._invoke_creator(self)
                                         ~~~~~~~~~~~~~~~~~~~~^^^^^^
  File "D:\Driver C\Desktop\fullstack-internship\backend\job-tracker-backend\.venv\Lib\site-packages\sqlalchemy\engine\create.py", line 667, in connect
    return dialect.connect(*cargs_tup, **cparams)
           ~~~~~~~~~~~~~~~^^^^^^^^^^^^^^^^^^^^^^^
  File "D:\Driver C\Desktop\fullstack-internship\backend\job-tracker-backend\.venv\Lib\site-packages\sqlalchemy\engine\default.py", line 630, in connect
    return self.loaded_dbapi.connect(*cargs, **cparams)  # type: ignore[no-any-return]  # NOQA: E501
           ~~~~~~~~~~~~~~~~~~~~~~~~~^^^^^^^^^^^^^^^^^^^
  File "D:\Driver C\Desktop\fullstack-internship\backend\job-tracker-backend\.venv\Lib\site-packages\psycopg2\__init__.py", line 135, in connect
    conn = _connect(dsn, connection_factory=connection_factory, **kwasync)
psycopg2.OperationalError: connection to server at "localhost" (::1), port 5432 failed: FATAL:  password authentication failed for user "postgres"


The above exception was the direct cause of the following exception:

Traceback (most recent call last):
  File "D:\Driver C\Desktop\fullstack-internship\backend\job-tracker-backend\.venv\Lib\site-packages\graphql\execution\execute.py", line 562, in execute_field
    result = resolve_fn(source, info, **args)
  File "D:\Driver C\Desktop\fullstack-internship\backend\job-tracker-backend\.venv\Lib\site-packages\strawberry\schema\schema_converter.py", line 1049, in _resolver
    return _get_result_with_extensions(
        _source,
        strawberry_info,
        **kwargs,
    )
  File "D:\Driver C\Desktop\fullstack-internship\backend\job-tracker-backend\.venv\Lib\site-packages\strawberry\schema\schema_converter.py", line 1035, in extension_resolver
    return reduce(
           ~~~~~~~
    ...<2 lines>...
        wrapped_get_result,
        ~~~~~~~~~~~~~~~~~~~
    )(_source, info, **field_kwargs)
    ~^^^^^^^^^^^^^^^^^^^^^^^^^^^^^^^
  File "D:\Driver C\Desktop\fullstack-internship\backend\job-tracker-backend\.venv\Lib\site-packages\strawberry\schema\schema_converter.py", line 1027, in wrapped_get_result
    return _get_result(
        _source,
    ...<2 lines>...
        field_kwargs=kwargs,
    )
  File "D:\Driver C\Desktop\fullstack-internship\backend\job-tracker-backend\.venv\Lib\site-packages\strawberry\schema\schema_converter.py", line 913, in _get_result
    return field.get_result(
           ~~~~~~~~~~~~~~~~^
        _source, info=info, args=field_args, kwargs=field_kwargs
        ^^^^^^^^^^^^^^^^^^^^^^^^^^^^^^^^^^^^^^^^^^^^^^^^^^^^^^^^
    )
    ^
  File "D:\Driver C\Desktop\fullstack-internship\backend\job-tracker-backend\.venv\Lib\site-packages\strawberry\types\field.py", line 232, in get_result
    return self.base_resolver(*args, **kwargs)
           ~~~~~~~~~~~~~~~~~~^^^^^^^^^^^^^^^^^
  File "D:\Driver C\Desktop\fullstack-internship\backend\job-tracker-backend\.venv\Lib\site-packages\strawberry\types\fields\resolver.py", line 238, in __call__
    return self.wrapped_func(*args, **kwargs)
           ~~~~~~~~~~~~~~~~~^^^^^^^^^^^^^^^^^
  File "D:\Driver C\Desktop\fullstack-internship\backend\job-tracker-backend\auth.py", line 10, in login_user
    user = db.query(models.User).filter(user_input.email == models.User.email).first()
  File "D:\Driver C\Desktop\fullstack-internship\backend\job-tracker-backend\.venv\Lib\site-packages\sqlalchemy\orm\query.py", line 2766, in first
    return self.limit(1)._iter().first()  # type: ignore
           ~~~~~~~~~~~~~~~~~~~^^
  File "D:\Driver C\Desktop\fullstack-internship\backend\job-tracker-backend\.venv\Lib\site-packages\sqlalchemy\orm\query.py", line 2864, in _iter
    result: Union[ScalarResult[_T], Result[_T]] = self.session.execute(
                                                  ~~~~~~~~~~~~~~~~~~~~^
        statement,
        ^^^^^^^^^^
        params,
        ^^^^^^^
        execution_options={"_sa_orm_load_options": self.load_options},
        ^^^^^^^^^^^^^^^^^^^^^^^^^^^^^^^^^^^^^^^^^^^^^^^^^^^^^^^^^^^^^^
    )
    ^
  File "D:\Driver C\Desktop\fullstack-internship\backend\job-tracker-backend\.venv\Lib\site-packages\sqlalchemy\orm\session.py", line 2373, in execute
    return self._execute_internal(
           ~~~~~~~~~~~~~~~~~~~~~~^
        statement,
        ^^^^^^^^^^
    ...<4 lines>...
        _add_event=_add_event,
        ^^^^^^^^^^^^^^^^^^^^^^
    )
    ^
  File "D:\Driver C\Desktop\fullstack-internship\backend\job-tracker-backend\.venv\Lib\site-packages\sqlalchemy\orm\session.py", line 2261, in _execute_internal
    conn = self._connection_for_bind(bind)
  File "D:\Driver C\Desktop\fullstack-internship\backend\job-tracker-backend\.venv\Lib\site-packages\sqlalchemy\orm\session.py", line 2113, in _connection_for_bind
    return trans._connection_for_bind(engine, execution_options)
           ~~~~~~~~~~~~~~~~~~~~~~~~~~^^^^^^^^^^^^^^^^^^^^^^^^^^^
  File "<string>", line 2, in _connection_for_bind
  File "D:\Driver C\Desktop\fullstack-internship\backend\job-tracker-backend\.venv\Lib\site-packages\sqlalchemy\orm\state_changes.py", line 137, in _go
    ret_value = fn(self, *arg, **kw)
  File "D:\Driver C\Desktop\fullstack-internship\backend\job-tracker-backend\.venv\Lib\site-packages\sqlalchemy\orm\session.py", line 1191, in _connection_for_bind
    conn = bind.connect()
  File "D:\Driver C\Desktop\fullstack-internship\backend\job-tracker-backend\.venv\Lib\site-packages\sqlalchemy\engine\base.py", line 3295, in connect
    return self._connection_cls(self)
           ~~~~~~~~~~~~~~~~~~~~^^^^^^
  File "D:\Driver C\Desktop\fullstack-internship\backend\job-tracker-backend\.venv\Lib\site-packages\sqlalchemy\engine\base.py", line 146, in __init__
    Connection._handle_dbapi_exception_noconnection(
    ~~~~~~~~~~~~~~~~~~~~~~~~~~~~~~~~~~~~~~~~~~~~~~~^
        err, dialect, engine
        ^^^^^^^^^^^^^^^^^^^^
    )
    ^
  File "D:\Driver C\Desktop\fullstack-internship\backend\job-tracker-backend\.venv\Lib\site-packages\sqlalchemy\engine\base.py", line 2450, in _handle_dbapi_exception_noconnection
    raise sqlalchemy_exception.with_traceback(exc_info[2]) from e
  File "D:\Driver C\Desktop\fullstack-internship\backend\job-tracker-backend\.venv\Lib\site-packages\sqlalchemy\engine\base.py", line 144, in __init__
    self._dbapi_connection = engine.raw_connection()
                             ~~~~~~~~~~~~~~~~~~~~~^^
  File "D:\Driver C\Desktop\fullstack-internship\backend\job-tracker-backend\.venv\Lib\site-packages\sqlalchemy\engine\base.py", line 3319, in raw_connection
    return self.pool.connect()
           ~~~~~~~~~~~~~~~~~^^
  File "D:\Driver C\Desktop\fullstack-internship\backend\job-tracker-backend\.venv\Lib\site-packages\sqlalchemy\pool\base.py", line 448, in connect
    return _ConnectionFairy._checkout(self)
           ~~~~~~~~~~~~~~~~~~~~~~~~~~^^^^^^
  File "D:\Driver C\Desktop\fullstack-internship\backend\job-tracker-backend\.venv\Lib\site-packages\sqlalchemy\pool\base.py", line 1272, in _checkout
    fairy = _ConnectionRecord.checkout(pool)
  File "D:\Driver C\Desktop\fullstack-internship\backend\job-tracker-backend\.venv\Lib\site-packages\sqlalchemy\pool\base.py", line 712, in checkout
    rec = pool._do_get()
  File "D:\Driver C\Desktop\fullstack-internship\backend\job-tracker-backend\.venv\Lib\site-packages\sqlalchemy\pool\impl.py", line 178, in _do_get
    with util.safe_reraise():
         ~~~~~~~~~~~~~~~~~^^
  File "D:\Driver C\Desktop\fullstack-internship\backend\job-tracker-backend\.venv\Lib\site-packages\sqlalchemy\util\langhelpers.py", line 122, in __exit__
    raise exc_value.with_traceback(exc_tb)
  File "D:\Driver C\Desktop\fullstack-internship\backend\job-tracker-backend\.venv\Lib\site-packages\sqlalchemy\pool\impl.py", line 176, in _do_get
    return self._create_connection()
           ~~~~~~~~~~~~~~~~~~~~~~~^^
  File "D:\Driver C\Desktop\fullstack-internship\backend\job-tracker-backend\.venv\Lib\site-packages\sqlalchemy\pool\base.py", line 389, in _create_connection
    return _ConnectionRecord(self)
  File "D:\Driver C\Desktop\fullstack-internship\backend\job-tracker-backend\.venv\Lib\site-packages\sqlalchemy\pool\base.py", line 674, in __init__
    self.__connect()
    ~~~~~~~~~~~~~~^^
  File "D:\Driver C\Desktop\fullstack-internship\backend\job-tracker-backend\.venv\Lib\site-packages\sqlalchemy\pool\base.py", line 900, in __connect
    with util.safe_reraise():
         ~~~~~~~~~~~~~~~~~^^
  File "D:\Driver C\Desktop\fullstack-internship\backend\job-tracker-backend\.venv\Lib\site-packages\sqlalchemy\util\langhelpers.py", line 122, in __exit__
    raise exc_value.with_traceback(exc_tb)
  File "D:\Driver C\Desktop\fullstack-internship\backend\job-tracker-backend\.venv\Lib\site-packages\sqlalchemy\pool\base.py", line 896, in __connect
    self.dbapi_connection = connection = pool._invoke_creator(self)
                                         ~~~~~~~~~~~~~~~~~~~~^^^^^^
  File "D:\Driver C\Desktop\fullstack-internship\backend\job-tracker-backend\.venv\Lib\site-packages\sqlalchemy\engine\create.py", line 667, in connect
    return dialect.connect(*cargs_tup, **cparams)
           ~~~~~~~~~~~~~~~^^^^^^^^^^^^^^^^^^^^^^^
  File "D:\Driver C\Desktop\fullstack-internship\backend\job-tracker-backend\.venv\Lib\site-packages\sqlalchemy\engine\default.py", line 630, in connect
    return self.loaded_dbapi.connect(*cargs, **cparams)  # type: ignore[no-any-return]  # NOQA: E501
           ~~~~~~~~~~~~~~~~~~~~~~~~~^^^^^^^^^^^^^^^^^^^
  File "D:\Driver C\Desktop\fullstack-internship\backend\job-tracker-backend\.venv\Lib\site-packages\psycopg2\__init__.py", line 135, in connect
    conn = _connect(dsn, connection_factory=connection_factory, **kwasync)
sqlalchemy.exc.OperationalError: (psycopg2.OperationalError) connection to server at "localhost" (::1), port 5432 failed: FATAL:  password authentication failed for user "postgres"

(Background on this error at: https://sqlalche.me/e/20/e3q8)
INFO:     127.0.0.1:57430 - "POST /graphql HTTP/1.1" 200 OK
INFO:     127.0.0.1:57604 - "OPTIONS /graphql HTTP/1.1" 200 OK
(psycopg2.OperationalError) connection to server at "localhost" (::1), port 5432 failed: FATAL:  password authentication failed for user "postgres"

(Background on this error at: https://sqlalche.me/e/20/e3q8)

GraphQL request:2:3
1 | mutation LoginUser($userInput: UserLogin!) {
2 |   loginUser(userInput: $userInput) {
  |   ^
3 |     accessToken
Traceback (most recent call last):
  File "D:\Driver C\Desktop\fullstack-internship\backend\job-tracker-backend\.venv\Lib\site-packages\sqlalchemy\engine\base.py", line 144, in __init__
    self._dbapi_connection = engine.raw_connection()
                             ~~~~~~~~~~~~~~~~~~~~~^^
  File "D:\Driver C\Desktop\fullstack-internship\backend\job-tracker-backend\.venv\Lib\site-packages\sqlalchemy\engine\base.py", line 3319, in raw_connection
    return self.pool.connect()
           ~~~~~~~~~~~~~~~~~^^
  File "D:\Driver C\Desktop\fullstack-internship\backend\job-tracker-backend\.venv\Lib\site-packages\sqlalchemy\pool\base.py", line 448, in connect
    return _ConnectionFairy._checkout(self)
           ~~~~~~~~~~~~~~~~~~~~~~~~~~^^^^^^
  File "D:\Driver C\Desktop\fullstack-internship\backend\job-tracker-backend\.venv\Lib\site-packages\sqlalchemy\pool\base.py", line 1272, in _checkout
    fairy = _ConnectionRecord.checkout(pool)
  File "D:\Driver C\Desktop\fullstack-internship\backend\job-tracker-backend\.venv\Lib\site-packages\sqlalchemy\pool\base.py", line 712, in checkout
    rec = pool._do_get()
  File "D:\Driver C\Desktop\fullstack-internship\backend\job-tracker-backend\.venv\Lib\site-packages\sqlalchemy\pool\impl.py", line 178, in _do_get
    with util.safe_reraise():
         ~~~~~~~~~~~~~~~~~^^
  File "D:\Driver C\Desktop\fullstack-internship\backend\job-tracker-backend\.venv\Lib\site-packages\sqlalchemy\util\langhelpers.py", line 122, in __exit__
    raise exc_value.with_traceback(exc_tb)
  File "D:\Driver C\Desktop\fullstack-internship\backend\job-tracker-backend\.venv\Lib\site-packages\sqlalchemy\pool\impl.py", line 176, in _do_get
    return self._create_connection()
           ~~~~~~~~~~~~~~~~~~~~~~~^^
  File "D:\Driver C\Desktop\fullstack-internship\backend\job-tracker-backend\.venv\Lib\site-packages\sqlalchemy\pool\base.py", line 389, in _create_connection
    return _ConnectionRecord(self)
  File "D:\Driver C\Desktop\fullstack-internship\backend\job-tracker-backend\.venv\Lib\site-packages\sqlalchemy\pool\base.py", line 674, in __init__
    self.__connect()
    ~~~~~~~~~~~~~~^^
  File "D:\Driver C\Desktop\fullstack-internship\backend\job-tracker-backend\.venv\Lib\site-packages\sqlalchemy\pool\base.py", line 900, in __connect
    with util.safe_reraise():
         ~~~~~~~~~~~~~~~~~^^
  File "D:\Driver C\Desktop\fullstack-internship\backend\job-tracker-backend\.venv\Lib\site-packages\sqlalchemy\util\langhelpers.py", line 122, in __exit__
    raise exc_value.with_traceback(exc_tb)
  File "D:\Driver C\Desktop\fullstack-internship\backend\job-tracker-backend\.venv\Lib\site-packages\sqlalchemy\pool\base.py", line 896, in __connect
    self.dbapi_connection = connection = pool._invoke_creator(self)
                                         ~~~~~~~~~~~~~~~~~~~~^^^^^^
  File "D:\Driver C\Desktop\fullstack-internship\backend\job-tracker-backend\.venv\Lib\site-packages\sqlalchemy\engine\create.py", line 667, in connect
    return dialect.connect(*cargs_tup, **cparams)
           ~~~~~~~~~~~~~~~^^^^^^^^^^^^^^^^^^^^^^^
  File "D:\Driver C\Desktop\fullstack-internship\backend\job-tracker-backend\.venv\Lib\site-packages\sqlalchemy\engine\default.py", line 630, in connect
    return self.loaded_dbapi.connect(*cargs, **cparams)  # type: ignore[no-any-return]  # NOQA: E501
           ~~~~~~~~~~~~~~~~~~~~~~~~~^^^^^^^^^^^^^^^^^^^
  File "D:\Driver C\Desktop\fullstack-internship\backend\job-tracker-backend\.venv\Lib\site-packages\psycopg2\__init__.py", line 135, in connect
    conn = _connect(dsn, connection_factory=connection_factory, **kwasync)
psycopg2.OperationalError: connection to server at "localhost" (::1), port 5432 failed: FATAL:  password authentication failed for user "postgres"


The above exception was the direct cause of the following exception:

Traceback (most recent call last):
  File "D:\Driver C\Desktop\fullstack-internship\backend\job-tracker-backend\.venv\Lib\site-packages\graphql\execution\execute.py", line 562, in execute_field
    result = resolve_fn(source, info, **args)
  File "D:\Driver C\Desktop\fullstack-internship\backend\job-tracker-backend\.venv\Lib\site-packages\strawberry\schema\schema_converter.py", line 1049, in _resolver
    return _get_result_with_extensions(
        _source,
        strawberry_info,
        **kwargs,
    )
  File "D:\Driver C\Desktop\fullstack-internship\backend\job-tracker-backend\.venv\Lib\site-packages\strawberry\schema\schema_converter.py", line 1035, in extension_resolver
    return reduce(
           ~~~~~~~
    ...<2 lines>...
        wrapped_get_result,
        ~~~~~~~~~~~~~~~~~~~
    )(_source, info, **field_kwargs)
    ~^^^^^^^^^^^^^^^^^^^^^^^^^^^^^^^
  File "D:\Driver C\Desktop\fullstack-internship\backend\job-tracker-backend\.venv\Lib\site-packages\strawberry\schema\schema_converter.py", line 1027, in wrapped_get_result
    return _get_result(
        _source,
    ...<2 lines>...
        field_kwargs=kwargs,
    )
  File "D:\Driver C\Desktop\fullstack-internship\backend\job-tracker-backend\.venv\Lib\site-packages\strawberry\schema\schema_converter.py", line 913, in _get_result
    return field.get_result(
           ~~~~~~~~~~~~~~~~^
        _source, info=info, args=field_args, kwargs=field_kwargs
        ^^^^^^^^^^^^^^^^^^^^^^^^^^^^^^^^^^^^^^^^^^^^^^^^^^^^^^^^
    )
    ^
  File "D:\Driver C\Desktop\fullstack-internship\backend\job-tracker-backend\.venv\Lib\site-packages\strawberry\types\field.py", line 232, in get_result
    return self.base_resolver(*args, **kwargs)
           ~~~~~~~~~~~~~~~~~~^^^^^^^^^^^^^^^^^
  File "D:\Driver C\Desktop\fullstack-internship\backend\job-tracker-backend\.venv\Lib\site-packages\strawberry\types\fields\resolver.py", line 238, in __call__
    return self.wrapped_func(*args, **kwargs)
           ~~~~~~~~~~~~~~~~~^^^^^^^^^^^^^^^^^
  File "D:\Driver C\Desktop\fullstack-internship\backend\job-tracker-backend\auth.py", line 10, in login_user
    user = db.query(models.User).filter(user_input.email == models.User.email).first()
  File "D:\Driver C\Desktop\fullstack-internship\backend\job-tracker-backend\.venv\Lib\site-packages\sqlalchemy\orm\query.py", line 2766, in first
    return self.limit(1)._iter().first()  # type: ignore
           ~~~~~~~~~~~~~~~~~~~^^
  File "D:\Driver C\Desktop\fullstack-internship\backend\job-tracker-backend\.venv\Lib\site-packages\sqlalchemy\orm\query.py", line 2864, in _iter
    result: Union[ScalarResult[_T], Result[_T]] = self.session.execute(
                                                  ~~~~~~~~~~~~~~~~~~~~^
        statement,
        ^^^^^^^^^^
        params,
        ^^^^^^^
        execution_options={"_sa_orm_load_options": self.load_options},
        ^^^^^^^^^^^^^^^^^^^^^^^^^^^^^^^^^^^^^^^^^^^^^^^^^^^^^^^^^^^^^^
    )
    ^
  File "D:\Driver C\Desktop\fullstack-internship\backend\job-tracker-backend\.venv\Lib\site-packages\sqlalchemy\orm\session.py", line 2373, in execute
    return self._execute_internal(
           ~~~~~~~~~~~~~~~~~~~~~~^
        statement,
        ^^^^^^^^^^
    ...<4 lines>...
        _add_event=_add_event,
        ^^^^^^^^^^^^^^^^^^^^^^
    )
    ^
  File "D:\Driver C\Desktop\fullstack-internship\backend\job-tracker-backend\.venv\Lib\site-packages\sqlalchemy\orm\session.py", line 2261, in _execute_internal
    conn = self._connection_for_bind(bind)
  File "D:\Driver C\Desktop\fullstack-internship\backend\job-tracker-backend\.venv\Lib\site-packages\sqlalchemy\orm\session.py", line 2113, in _connection_for_bind
    return trans._connection_for_bind(engine, execution_options)
           ~~~~~~~~~~~~~~~~~~~~~~~~~~^^^^^^^^^^^^^^^^^^^^^^^^^^^
  File "<string>", line 2, in _connection_for_bind
  File "D:\Driver C\Desktop\fullstack-internship\backend\job-tracker-backend\.venv\Lib\site-packages\sqlalchemy\orm\state_changes.py", line 137, in _go
    ret_value = fn(self, *arg, **kw)
  File "D:\Driver C\Desktop\fullstack-internship\backend\job-tracker-backend\.venv\Lib\site-packages\sqlalchemy\orm\session.py", line 1191, in _connection_for_bind
    conn = bind.connect()
  File "D:\Driver C\Desktop\fullstack-internship\backend\job-tracker-backend\.venv\Lib\site-packages\sqlalchemy\engine\base.py", line 3295, in connect
    return self._connection_cls(self)
           ~~~~~~~~~~~~~~~~~~~~^^^^^^
  File "D:\Driver C\Desktop\fullstack-internship\backend\job-tracker-backend\.venv\Lib\site-packages\sqlalchemy\engine\base.py", line 146, in __init__
    Connection._handle_dbapi_exception_noconnection(
    ~~~~~~~~~~~~~~~~~~~~~~~~~~~~~~~~~~~~~~~~~~~~~~~^
        err, dialect, engine
        ^^^^^^^^^^^^^^^^^^^^
    )
    ^
  File "D:\Driver C\Desktop\fullstack-internship\backend\job-tracker-backend\.venv\Lib\site-packages\sqlalchemy\engine\base.py", line 2450, in _handle_dbapi_exception_noconnection
    raise sqlalchemy_exception.with_traceback(exc_info[2]) from e
  File "D:\Driver C\Desktop\fullstack-internship\backend\job-tracker-backend\.venv\Lib\site-packages\sqlalchemy\engine\base.py", line 144, in __init__
    self._dbapi_connection = engine.raw_connection()
                             ~~~~~~~~~~~~~~~~~~~~~^^
  File "D:\Driver C\Desktop\fullstack-internship\backend\job-tracker-backend\.venv\Lib\site-packages\sqlalchemy\engine\base.py", line 3319, in raw_connection
    return self.pool.connect()
           ~~~~~~~~~~~~~~~~~^^
  File "D:\Driver C\Desktop\fullstack-internship\backend\job-tracker-backend\.venv\Lib\site-packages\sqlalchemy\pool\base.py", line 448, in connect
    return _ConnectionFairy._checkout(self)
           ~~~~~~~~~~~~~~~~~~~~~~~~~~^^^^^^
  File "D:\Driver C\Desktop\fullstack-internship\backend\job-tracker-backend\.venv\Lib\site-packages\sqlalchemy\pool\base.py", line 1272, in _checkout
    fairy = _ConnectionRecord.checkout(pool)
  File "D:\Driver C\Desktop\fullstack-internship\backend\job-tracker-backend\.venv\Lib\site-packages\sqlalchemy\pool\base.py", line 712, in checkout
    rec = pool._do_get()
  File "D:\Driver C\Desktop\fullstack-internship\backend\job-tracker-backend\.venv\Lib\site-packages\sqlalchemy\pool\impl.py", line 178, in _do_get
    with util.safe_reraise():
         ~~~~~~~~~~~~~~~~~^^
  File "D:\Driver C\Desktop\fullstack-internship\backend\job-tracker-backend\.venv\Lib\site-packages\sqlalchemy\util\langhelpers.py", line 122, in __exit__
    raise exc_value.with_traceback(exc_tb)
  File "D:\Driver C\Desktop\fullstack-internship\backend\job-tracker-backend\.venv\Lib\site-packages\sqlalchemy\pool\impl.py", line 176, in _do_get
    return self._create_connection()
           ~~~~~~~~~~~~~~~~~~~~~~~^^
  File "D:\Driver C\Desktop\fullstack-internship\backend\job-tracker-backend\.venv\Lib\site-packages\sqlalchemy\pool\base.py", line 389, in _create_connection
    return _ConnectionRecord(self)
  File "D:\Driver C\Desktop\fullstack-internship\backend\job-tracker-backend\.venv\Lib\site-packages\sqlalchemy\pool\base.py", line 674, in __init__
    self.__connect()
    ~~~~~~~~~~~~~~^^
  File "D:\Driver C\Desktop\fullstack-internship\backend\job-tracker-backend\.venv\Lib\site-packages\sqlalchemy\pool\base.py", line 900, in __connect
    with util.safe_reraise():
         ~~~~~~~~~~~~~~~~~^^
  File "D:\Driver C\Desktop\fullstack-internship\backend\job-tracker-backend\.venv\Lib\site-packages\sqlalchemy\util\langhelpers.py", line 122, in __exit__
    raise exc_value.with_traceback(exc_tb)
  File "D:\Driver C\Desktop\fullstack-internship\backend\job-tracker-backend\.venv\Lib\site-packages\sqlalchemy\pool\base.py", line 896, in __connect
    self.dbapi_connection = connection = pool._invoke_creator(self)
                                         ~~~~~~~~~~~~~~~~~~~~^^^^^^
  File "D:\Driver C\Desktop\fullstack-internship\backend\job-tracker-backend\.venv\Lib\site-packages\sqlalchemy\engine\create.py", line 667, in connect
    return dialect.connect(*cargs_tup, **cparams)
           ~~~~~~~~~~~~~~~^^^^^^^^^^^^^^^^^^^^^^^
  File "D:\Driver C\Desktop\fullstack-internship\backend\job-tracker-backend\.venv\Lib\site-packages\sqlalchemy\engine\default.py", line 630, in connect
    return self.loaded_dbapi.connect(*cargs, **cparams)  # type: ignore[no-any-return]  # NOQA: E501
           ~~~~~~~~~~~~~~~~~~~~~~~~~^^^^^^^^^^^^^^^^^^^
  File "D:\Driver C\Desktop\fullstack-internship\backend\job-tracker-backend\.venv\Lib\site-packages\psycopg2\__init__.py", line 135, in connect
    conn = _connect(dsn, connection_factory=connection_factory, **kwasync)
sqlalchemy.exc.OperationalError: (psycopg2.OperationalError) connection to server at "localhost" (::1), port 5432 failed: FATAL:  password authentication failed for user "postgres"

(Background on this error at: https://sqlalche.me/e/20/e3q8)
INFO:     127.0.0.1:57604 - "POST /graphql HTTP/1.1" 200 OK
INFO:     127.0.0.1:57604 - "OPTIONS /graphql HTTP/1.1" 200 OK
(psycopg2.OperationalError) connection to server at "localhost" (::1), port 5432 failed: FATAL:  password authentication failed for user "postgres"

(Background on this error at: https://sqlalche.me/e/20/e3q8)

GraphQL request:2:3
1 | mutation LoginUser($userInput: UserLogin!) {
2 |   loginUser(userInput: $userInput) {
  |   ^
3 |     accessToken
Traceback (most recent call last):
  File "D:\Driver C\Desktop\fullstack-internship\backend\job-tracker-backend\.venv\Lib\site-packages\sqlalchemy\engine\base.py", line 144, in __init__
    self._dbapi_connection = engine.raw_connection()
                             ~~~~~~~~~~~~~~~~~~~~~^^
  File "D:\Driver C\Desktop\fullstack-internship\backend\job-tracker-backend\.venv\Lib\site-packages\sqlalchemy\engine\base.py", line 3319, in raw_connection
    return self.pool.connect()
           ~~~~~~~~~~~~~~~~~^^
  File "D:\Driver C\Desktop\fullstack-internship\backend\job-tracker-backend\.venv\Lib\site-packages\sqlalchemy\pool\base.py", line 448, in connect
    return _ConnectionFairy._checkout(self)
           ~~~~~~~~~~~~~~~~~~~~~~~~~~^^^^^^
  File "D:\Driver C\Desktop\fullstack-internship\backend\job-tracker-backend\.venv\Lib\site-packages\sqlalchemy\pool\base.py", line 1272, in _checkout
    fairy = _ConnectionRecord.checkout(pool)
  File "D:\Driver C\Desktop\fullstack-internship\backend\job-tracker-backend\.venv\Lib\site-packages\sqlalchemy\pool\base.py", line 712, in checkout
    rec = pool._do_get()
  File "D:\Driver C\Desktop\fullstack-internship\backend\job-tracker-backend\.venv\Lib\site-packages\sqlalchemy\pool\impl.py", line 178, in _do_get
    with util.safe_reraise():
         ~~~~~~~~~~~~~~~~~^^
  File "D:\Driver C\Desktop\fullstack-internship\backend\job-tracker-backend\.venv\Lib\site-packages\sqlalchemy\util\langhelpers.py", line 122, in __exit__
    raise exc_value.with_traceback(exc_tb)
  File "D:\Driver C\Desktop\fullstack-internship\backend\job-tracker-backend\.venv\Lib\site-packages\sqlalchemy\pool\impl.py", line 176, in _do_get
    return self._create_connection()
           ~~~~~~~~~~~~~~~~~~~~~~~^^
  File "D:\Driver C\Desktop\fullstack-internship\backend\job-tracker-backend\.venv\Lib\site-packages\sqlalchemy\pool\base.py", line 389, in _create_connection
    return _ConnectionRecord(self)
  File "D:\Driver C\Desktop\fullstack-internship\backend\job-tracker-backend\.venv\Lib\site-packages\sqlalchemy\pool\base.py", line 674, in __init__
    self.__connect()
    ~~~~~~~~~~~~~~^^
  File "D:\Driver C\Desktop\fullstack-internship\backend\job-tracker-backend\.venv\Lib\site-packages\sqlalchemy\pool\base.py", line 900, in __connect
    with util.safe_reraise():
         ~~~~~~~~~~~~~~~~~^^
  File "D:\Driver C\Desktop\fullstack-internship\backend\job-tracker-backend\.venv\Lib\site-packages\sqlalchemy\util\langhelpers.py", line 122, in __exit__
    raise exc_value.with_traceback(exc_tb)
  File "D:\Driver C\Desktop\fullstack-internship\backend\job-tracker-backend\.venv\Lib\site-packages\sqlalchemy\pool\base.py", line 896, in __connect
    self.dbapi_connection = connection = pool._invoke_creator(self)
                                         ~~~~~~~~~~~~~~~~~~~~^^^^^^
  File "D:\Driver C\Desktop\fullstack-internship\backend\job-tracker-backend\.venv\Lib\site-packages\sqlalchemy\engine\create.py", line 667, in connect
    return dialect.connect(*cargs_tup, **cparams)
           ~~~~~~~~~~~~~~~^^^^^^^^^^^^^^^^^^^^^^^
  File "D:\Driver C\Desktop\fullstack-internship\backend\job-tracker-backend\.venv\Lib\site-packages\sqlalchemy\engine\default.py", line 630, in connect
    return self.loaded_dbapi.connect(*cargs, **cparams)  # type: ignore[no-any-return]  # NOQA: E501
           ~~~~~~~~~~~~~~~~~~~~~~~~~^^^^^^^^^^^^^^^^^^^
  File "D:\Driver C\Desktop\fullstack-internship\backend\job-tracker-backend\.venv\Lib\site-packages\psycopg2\__init__.py", line 135, in connect
    conn = _connect(dsn, connection_factory=connection_factory, **kwasync)
psycopg2.OperationalError: connection to server at "localhost" (::1), port 5432 failed: FATAL:  password authentication failed for user "postgres"


The above exception was the direct cause of the following exception:

Traceback (most recent call last):
  File "D:\Driver C\Desktop\fullstack-internship\backend\job-tracker-backend\.venv\Lib\site-packages\graphql\execution\execute.py", line 562, in execute_field
    result = resolve_fn(source, info, **args)
  File "D:\Driver C\Desktop\fullstack-internship\backend\job-tracker-backend\.venv\Lib\site-packages\strawberry\schema\schema_converter.py", line 1049, in _resolver
    return _get_result_with_extensions(
        _source,
        strawberry_info,
        **kwargs,
    )
  File "D:\Driver C\Desktop\fullstack-internship\backend\job-tracker-backend\.venv\Lib\site-packages\strawberry\schema\schema_converter.py", line 1035, in extension_resolver
    return reduce(
           ~~~~~~~
    ...<2 lines>...
        wrapped_get_result,
        ~~~~~~~~~~~~~~~~~~~
    )(_source, info, **field_kwargs)
    ~^^^^^^^^^^^^^^^^^^^^^^^^^^^^^^^
  File "D:\Driver C\Desktop\fullstack-internship\backend\job-tracker-backend\.venv\Lib\site-packages\strawberry\schema\schema_converter.py", line 1027, in wrapped_get_result
    return _get_result(
        _source,
    ...<2 lines>...
        field_kwargs=kwargs,
    )
  File "D:\Driver C\Desktop\fullstack-internship\backend\job-tracker-backend\.venv\Lib\site-packages\strawberry\schema\schema_converter.py", line 913, in _get_result
    return field.get_result(
           ~~~~~~~~~~~~~~~~^
        _source, info=info, args=field_args, kwargs=field_kwargs
        ^^^^^^^^^^^^^^^^^^^^^^^^^^^^^^^^^^^^^^^^^^^^^^^^^^^^^^^^
    )
    ^
  File "D:\Driver C\Desktop\fullstack-internship\backend\job-tracker-backend\.venv\Lib\site-packages\strawberry\types\field.py", line 232, in get_result
    return self.base_resolver(*args, **kwargs)
           ~~~~~~~~~~~~~~~~~~^^^^^^^^^^^^^^^^^
  File "D:\Driver C\Desktop\fullstack-internship\backend\job-tracker-backend\.venv\Lib\site-packages\strawberry\types\fields\resolver.py", line 238, in __call__
    return self.wrapped_func(*args, **kwargs)
           ~~~~~~~~~~~~~~~~~^^^^^^^^^^^^^^^^^
  File "D:\Driver C\Desktop\fullstack-internship\backend\job-tracker-backend\auth.py", line 10, in login_user
    user = db.query(models.User).filter(user_input.email == models.User.email).first()
  File "D:\Driver C\Desktop\fullstack-internship\backend\job-tracker-backend\.venv\Lib\site-packages\sqlalchemy\orm\query.py", line 2766, in first
    return self.limit(1)._iter().first()  # type: ignore
           ~~~~~~~~~~~~~~~~~~~^^
  File "D:\Driver C\Desktop\fullstack-internship\backend\job-tracker-backend\.venv\Lib\site-packages\sqlalchemy\orm\query.py", line 2864, in _iter
    result: Union[ScalarResult[_T], Result[_T]] = self.session.execute(
                                                  ~~~~~~~~~~~~~~~~~~~~^
        statement,
        ^^^^^^^^^^
        params,
        ^^^^^^^
        execution_options={"_sa_orm_load_options": self.load_options},
        ^^^^^^^^^^^^^^^^^^^^^^^^^^^^^^^^^^^^^^^^^^^^^^^^^^^^^^^^^^^^^^
    )
    ^
  File "D:\Driver C\Desktop\fullstack-internship\backend\job-tracker-backend\.venv\Lib\site-packages\sqlalchemy\orm\session.py", line 2373, in execute
    return self._execute_internal(
           ~~~~~~~~~~~~~~~~~~~~~~^
        statement,
        ^^^^^^^^^^
    ...<4 lines>...
        _add_event=_add_event,
        ^^^^^^^^^^^^^^^^^^^^^^
    )
    ^
  File "D:\Driver C\Desktop\fullstack-internship\backend\job-tracker-backend\.venv\Lib\site-packages\sqlalchemy\orm\session.py", line 2261, in _execute_internal
    conn = self._connection_for_bind(bind)
  File "D:\Driver C\Desktop\fullstack-internship\backend\job-tracker-backend\.venv\Lib\site-packages\sqlalchemy\orm\session.py", line 2113, in _connection_for_bind
    return trans._connection_for_bind(engine, execution_options)
           ~~~~~~~~~~~~~~~~~~~~~~~~~~^^^^^^^^^^^^^^^^^^^^^^^^^^^
  File "<string>", line 2, in _connection_for_bind
  File "D:\Driver C\Desktop\fullstack-internship\backend\job-tracker-backend\.venv\Lib\site-packages\sqlalchemy\orm\state_changes.py", line 137, in _go
    ret_value = fn(self, *arg, **kw)
  File "D:\Driver C\Desktop\fullstack-internship\backend\job-tracker-backend\.venv\Lib\site-packages\sqlalchemy\orm\session.py", line 1191, in _connection_for_bind
    conn = bind.connect()
  File "D:\Driver C\Desktop\fullstack-internship\backend\job-tracker-backend\.venv\Lib\site-packages\sqlalchemy\engine\base.py", line 3295, in connect
    return self._connection_cls(self)
           ~~~~~~~~~~~~~~~~~~~~^^^^^^
  File "D:\Driver C\Desktop\fullstack-internship\backend\job-tracker-backend\.venv\Lib\site-packages\sqlalchemy\engine\base.py", line 146, in __init__
    Connection._handle_dbapi_exception_noconnection(
    ~~~~~~~~~~~~~~~~~~~~~~~~~~~~~~~~~~~~~~~~~~~~~~~^
        err, dialect, engine
        ^^^^^^^^^^^^^^^^^^^^
    )
    ^
  File "D:\Driver C\Desktop\fullstack-internship\backend\job-tracker-backend\.venv\Lib\site-packages\sqlalchemy\engine\base.py", line 2450, in _handle_dbapi_exception_noconnection
    raise sqlalchemy_exception.with_traceback(exc_info[2]) from e
  File "D:\Driver C\Desktop\fullstack-internship\backend\job-tracker-backend\.venv\Lib\site-packages\sqlalchemy\engine\base.py", line 144, in __init__
    self._dbapi_connection = engine.raw_connection()
                             ~~~~~~~~~~~~~~~~~~~~~^^
  File "D:\Driver C\Desktop\fullstack-internship\backend\job-tracker-backend\.venv\Lib\site-packages\sqlalchemy\engine\base.py", line 3319, in raw_connection
    return self.pool.connect()
           ~~~~~~~~~~~~~~~~~^^
  File "D:\Driver C\Desktop\fullstack-internship\backend\job-tracker-backend\.venv\Lib\site-packages\sqlalchemy\pool\base.py", line 448, in connect
    return _ConnectionFairy._checkout(self)
           ~~~~~~~~~~~~~~~~~~~~~~~~~~^^^^^^
  File "D:\Driver C\Desktop\fullstack-internship\backend\job-tracker-backend\.venv\Lib\site-packages\sqlalchemy\pool\base.py", line 1272, in _checkout
    fairy = _ConnectionRecord.checkout(pool)
  File "D:\Driver C\Desktop\fullstack-internship\backend\job-tracker-backend\.venv\Lib\site-packages\sqlalchemy\pool\base.py", line 712, in checkout
    rec = pool._do_get()
  File "D:\Driver C\Desktop\fullstack-internship\backend\job-tracker-backend\.venv\Lib\site-packages\sqlalchemy\pool\impl.py", line 178, in _do_get
    with util.safe_reraise():
         ~~~~~~~~~~~~~~~~~^^
  File "D:\Driver C\Desktop\fullstack-internship\backend\job-tracker-backend\.venv\Lib\site-packages\sqlalchemy\util\langhelpers.py", line 122, in __exit__
    raise exc_value.with_traceback(exc_tb)
  File "D:\Driver C\Desktop\fullstack-internship\backend\job-tracker-backend\.venv\Lib\site-packages\sqlalchemy\pool\impl.py", line 176, in _do_get
    return self._create_connection()
           ~~~~~~~~~~~~~~~~~~~~~~~^^
  File "D:\Driver C\Desktop\fullstack-internship\backend\job-tracker-backend\.venv\Lib\site-packages\sqlalchemy\pool\base.py", line 389, in _create_connection
    return _ConnectionRecord(self)
  File "D:\Driver C\Desktop\fullstack-internship\backend\job-tracker-backend\.venv\Lib\site-packages\sqlalchemy\pool\base.py", line 674, in __init__
    self.__connect()
    ~~~~~~~~~~~~~~^^
  File "D:\Driver C\Desktop\fullstack-internship\backend\job-tracker-backend\.venv\Lib\site-packages\sqlalchemy\pool\base.py", line 900, in __connect
    with util.safe_reraise():
         ~~~~~~~~~~~~~~~~~^^
  File "D:\Driver C\Desktop\fullstack-internship\backend\job-tracker-backend\.venv\Lib\site-packages\sqlalchemy\util\langhelpers.py", line 122, in __exit__
    raise exc_value.with_traceback(exc_tb)
  File "D:\Driver C\Desktop\fullstack-internship\backend\job-tracker-backend\.venv\Lib\site-packages\sqlalchemy\pool\base.py", line 896, in __connect
    self.dbapi_connection = connection = pool._invoke_creator(self)
                                         ~~~~~~~~~~~~~~~~~~~~^^^^^^
  File "D:\Driver C\Desktop\fullstack-internship\backend\job-tracker-backend\.venv\Lib\site-packages\sqlalchemy\engine\create.py", line 667, in connect
    return dialect.connect(*cargs_tup, **cparams)
           ~~~~~~~~~~~~~~~^^^^^^^^^^^^^^^^^^^^^^^
  File "D:\Driver C\Desktop\fullstack-internship\backend\job-tracker-backend\.venv\Lib\site-packages\sqlalchemy\engine\default.py", line 630, in connect
    return self.loaded_dbapi.connect(*cargs, **cparams)  # type: ignore[no-any-return]  # NOQA: E501
           ~~~~~~~~~~~~~~~~~~~~~~~~~^^^^^^^^^^^^^^^^^^^
  File "D:\Driver C\Desktop\fullstack-internship\backend\job-tracker-backend\.venv\Lib\site-packages\psycopg2\__init__.py", line 135, in connect
    conn = _connect(dsn, connection_factory=connection_factory, **kwasync)
sqlalchemy.exc.OperationalError: (psycopg2.OperationalError) connection to server at "localhost" (::1), port 5432 failed: FATAL:  password authentication failed for user "postgres"

(Background on this error at: https://sqlalche.me/e/20/e3q8)
INFO:     127.0.0.1:57607 - "POST /graphql HTTP/1.1" 200 OK
(psycopg2.OperationalError) connection to server at "localhost" (::1), port 5432 failed: FATAL:  password authentication failed for user "postgres"

(Background on this error at: https://sqlalche.me/e/20/e3q8)

GraphQL request:2:5
1 | mutation{
2 |     loginUser(userInput:
  |     ^
3 |      {
Traceback (most recent call last):
  File "D:\Driver C\Desktop\fullstack-internship\backend\job-tracker-backend\.venv\Lib\site-packages\sqlalchemy\engine\base.py", line 144, in __init__
    self._dbapi_connection = engine.raw_connection()
                             ~~~~~~~~~~~~~~~~~~~~~^^
  File "D:\Driver C\Desktop\fullstack-internship\backend\job-tracker-backend\.venv\Lib\site-packages\sqlalchemy\engine\base.py", line 3319, in raw_connection
    return self.pool.connect()
           ~~~~~~~~~~~~~~~~~^^
  File "D:\Driver C\Desktop\fullstack-internship\backend\job-tracker-backend\.venv\Lib\site-packages\sqlalchemy\pool\base.py", line 448, in connect
    return _ConnectionFairy._checkout(self)
           ~~~~~~~~~~~~~~~~~~~~~~~~~~^^^^^^
  File "D:\Driver C\Desktop\fullstack-internship\backend\job-tracker-backend\.venv\Lib\site-packages\sqlalchemy\pool\base.py", line 1272, in _checkout
    fairy = _ConnectionRecord.checkout(pool)
  File "D:\Driver C\Desktop\fullstack-internship\backend\job-tracker-backend\.venv\Lib\site-packages\sqlalchemy\pool\base.py", line 712, in checkout
    rec = pool._do_get()
  File "D:\Driver C\Desktop\fullstack-internship\backend\job-tracker-backend\.venv\Lib\site-packages\sqlalchemy\pool\impl.py", line 178, in _do_get
    with util.safe_reraise():
         ~~~~~~~~~~~~~~~~~^^
  File "D:\Driver C\Desktop\fullstack-internship\backend\job-tracker-backend\.venv\Lib\site-packages\sqlalchemy\util\langhelpers.py", line 122, in __exit__
    raise exc_value.with_traceback(exc_tb)
  File "D:\Driver C\Desktop\fullstack-internship\backend\job-tracker-backend\.venv\Lib\site-packages\sqlalchemy\pool\impl.py", line 176, in _do_get
    return self._create_connection()
           ~~~~~~~~~~~~~~~~~~~~~~~^^
  File "D:\Driver C\Desktop\fullstack-internship\backend\job-tracker-backend\.venv\Lib\site-packages\sqlalchemy\pool\base.py", line 389, in _create_connection
    return _ConnectionRecord(self)
  File "D:\Driver C\Desktop\fullstack-internship\backend\job-tracker-backend\.venv\Lib\site-packages\sqlalchemy\pool\base.py", line 674, in __init__
    self.__connect()
    ~~~~~~~~~~~~~~^^
  File "D:\Driver C\Desktop\fullstack-internship\backend\job-tracker-backend\.venv\Lib\site-packages\sqlalchemy\pool\base.py", line 900, in __connect
    with util.safe_reraise():
         ~~~~~~~~~~~~~~~~~^^
  File "D:\Driver C\Desktop\fullstack-internship\backend\job-tracker-backend\.venv\Lib\site-packages\sqlalchemy\util\langhelpers.py", line 122, in __exit__
    raise exc_value.with_traceback(exc_tb)
  File "D:\Driver C\Desktop\fullstack-internship\backend\job-tracker-backend\.venv\Lib\site-packages\sqlalchemy\pool\base.py", line 896, in __connect
    self.dbapi_connection = connection = pool._invoke_creator(self)
                                         ~~~~~~~~~~~~~~~~~~~~^^^^^^
  File "D:\Driver C\Desktop\fullstack-internship\backend\job-tracker-backend\.venv\Lib\site-packages\sqlalchemy\engine\create.py", line 667, in connect
    return dialect.connect(*cargs_tup, **cparams)
           ~~~~~~~~~~~~~~~^^^^^^^^^^^^^^^^^^^^^^^
  File "D:\Driver C\Desktop\fullstack-internship\backend\job-tracker-backend\.venv\Lib\site-packages\sqlalchemy\engine\default.py", line 630, in connect
    return self.loaded_dbapi.connect(*cargs, **cparams)  # type: ignore[no-any-return]  # NOQA: E501
           ~~~~~~~~~~~~~~~~~~~~~~~~~^^^^^^^^^^^^^^^^^^^
  File "D:\Driver C\Desktop\fullstack-internship\backend\job-tracker-backend\.venv\Lib\site-packages\psycopg2\__init__.py", line 135, in connect
    conn = _connect(dsn, connection_factory=connection_factory, **kwasync)
psycopg2.OperationalError: connection to server at "localhost" (::1), port 5432 failed: FATAL:  password authentication failed for user "postgres"


The above exception was the direct cause of the following exception:

Traceback (most recent call last):
  File "D:\Driver C\Desktop\fullstack-internship\backend\job-tracker-backend\.venv\Lib\site-packages\graphql\execution\execute.py", line 562, in execute_field
    result = resolve_fn(source, info, **args)
  File "D:\Driver C\Desktop\fullstack-internship\backend\job-tracker-backend\.venv\Lib\site-packages\strawberry\schema\schema_converter.py", line 1049, in _resolver
    return _get_result_with_extensions(
        _source,
        strawberry_info,
        **kwargs,
    )
  File "D:\Driver C\Desktop\fullstack-internship\backend\job-tracker-backend\.venv\Lib\site-packages\strawberry\schema\schema_converter.py", line 1035, in extension_resolver
    return reduce(
           ~~~~~~~
    ...<2 lines>...
        wrapped_get_result,
        ~~~~~~~~~~~~~~~~~~~
    )(_source, info, **field_kwargs)
    ~^^^^^^^^^^^^^^^^^^^^^^^^^^^^^^^
  File "D:\Driver C\Desktop\fullstack-internship\backend\job-tracker-backend\.venv\Lib\site-packages\strawberry\schema\schema_converter.py", line 1027, in wrapped_get_result
    return _get_result(
        _source,
    ...<2 lines>...
        field_kwargs=kwargs,
    )
  File "D:\Driver C\Desktop\fullstack-internship\backend\job-tracker-backend\.venv\Lib\site-packages\strawberry\schema\schema_converter.py", line 913, in _get_result
    return field.get_result(
           ~~~~~~~~~~~~~~~~^
        _source, info=info, args=field_args, kwargs=field_kwargs
        ^^^^^^^^^^^^^^^^^^^^^^^^^^^^^^^^^^^^^^^^^^^^^^^^^^^^^^^^
    )
    ^
  File "D:\Driver C\Desktop\fullstack-internship\backend\job-tracker-backend\.venv\Lib\site-packages\strawberry\types\field.py", line 232, in get_result
    return self.base_resolver(*args, **kwargs)
           ~~~~~~~~~~~~~~~~~~^^^^^^^^^^^^^^^^^
  File "D:\Driver C\Desktop\fullstack-internship\backend\job-tracker-backend\.venv\Lib\site-packages\strawberry\types\fields\resolver.py", line 238, in __call__
    return self.wrapped_func(*args, **kwargs)
           ~~~~~~~~~~~~~~~~~^^^^^^^^^^^^^^^^^
  File "D:\Driver C\Desktop\fullstack-internship\backend\job-tracker-backend\auth.py", line 10, in login_user
    user = db.query(models.User).filter(user_input.email == models.User.email).first()
  File "D:\Driver C\Desktop\fullstack-internship\backend\job-tracker-backend\.venv\Lib\site-packages\sqlalchemy\orm\query.py", line 2766, in first
    return self.limit(1)._iter().first()  # type: ignore
           ~~~~~~~~~~~~~~~~~~~^^
  File "D:\Driver C\Desktop\fullstack-internship\backend\job-tracker-backend\.venv\Lib\site-packages\sqlalchemy\orm\query.py", line 2864, in _iter
    result: Union[ScalarResult[_T], Result[_T]] = self.session.execute(
                                                  ~~~~~~~~~~~~~~~~~~~~^
        statement,
        ^^^^^^^^^^
        params,
        ^^^^^^^
        execution_options={"_sa_orm_load_options": self.load_options},
        ^^^^^^^^^^^^^^^^^^^^^^^^^^^^^^^^^^^^^^^^^^^^^^^^^^^^^^^^^^^^^^
    )
    ^
  File "D:\Driver C\Desktop\fullstack-internship\backend\job-tracker-backend\.venv\Lib\site-packages\sqlalchemy\orm\session.py", line 2373, in execute
    return self._execute_internal(
           ~~~~~~~~~~~~~~~~~~~~~~^
        statement,
        ^^^^^^^^^^
    ...<4 lines>...
        _add_event=_add_event,
        ^^^^^^^^^^^^^^^^^^^^^^
    )
    ^
  File "D:\Driver C\Desktop\fullstack-internship\backend\job-tracker-backend\.venv\Lib\site-packages\sqlalchemy\orm\session.py", line 2261, in _execute_internal
    conn = self._connection_for_bind(bind)
  File "D:\Driver C\Desktop\fullstack-internship\backend\job-tracker-backend\.venv\Lib\site-packages\sqlalchemy\orm\session.py", line 2113, in _connection_for_bind
    return trans._connection_for_bind(engine, execution_options)
           ~~~~~~~~~~~~~~~~~~~~~~~~~~^^^^^^^^^^^^^^^^^^^^^^^^^^^
  File "<string>", line 2, in _connection_for_bind
  File "D:\Driver C\Desktop\fullstack-internship\backend\job-tracker-backend\.venv\Lib\site-packages\sqlalchemy\orm\state_changes.py", line 137, in _go
    ret_value = fn(self, *arg, **kw)
  File "D:\Driver C\Desktop\fullstack-internship\backend\job-tracker-backend\.venv\Lib\site-packages\sqlalchemy\orm\session.py", line 1191, in _connection_for_bind
    conn = bind.connect()
  File "D:\Driver C\Desktop\fullstack-internship\backend\job-tracker-backend\.venv\Lib\site-packages\sqlalchemy\engine\base.py", line 3295, in connect
    return self._connection_cls(self)
           ~~~~~~~~~~~~~~~~~~~~^^^^^^
  File "D:\Driver C\Desktop\fullstack-internship\backend\job-tracker-backend\.venv\Lib\site-packages\sqlalchemy\engine\base.py", line 146, in __init__
    Connection._handle_dbapi_exception_noconnection(
    ~~~~~~~~~~~~~~~~~~~~~~~~~~~~~~~~~~~~~~~~~~~~~~~^
        err, dialect, engine
        ^^^^^^^^^^^^^^^^^^^^
    )
    ^
  File "D:\Driver C\Desktop\fullstack-internship\backend\job-tracker-backend\.venv\Lib\site-packages\sqlalchemy\engine\base.py", line 2450, in _handle_dbapi_exception_noconnection
    raise sqlalchemy_exception.with_traceback(exc_info[2]) from e
  File "D:\Driver C\Desktop\fullstack-internship\backend\job-tracker-backend\.venv\Lib\site-packages\sqlalchemy\engine\base.py", line 144, in __init__
    self._dbapi_connection = engine.raw_connection()
                             ~~~~~~~~~~~~~~~~~~~~~^^
  File "D:\Driver C\Desktop\fullstack-internship\backend\job-tracker-backend\.venv\Lib\site-packages\sqlalchemy\engine\base.py", line 3319, in raw_connection
    return self.pool.connect()
           ~~~~~~~~~~~~~~~~~^^
  File "D:\Driver C\Desktop\fullstack-internship\backend\job-tracker-backend\.venv\Lib\site-packages\sqlalchemy\pool\base.py", line 448, in connect
    return _ConnectionFairy._checkout(self)
           ~~~~~~~~~~~~~~~~~~~~~~~~~~^^^^^^
  File "D:\Driver C\Desktop\fullstack-internship\backend\job-tracker-backend\.venv\Lib\site-packages\sqlalchemy\pool\base.py", line 1272, in _checkout
    fairy = _ConnectionRecord.checkout(pool)
  File "D:\Driver C\Desktop\fullstack-internship\backend\job-tracker-backend\.venv\Lib\site-packages\sqlalchemy\pool\base.py", line 712, in checkout
    rec = pool._do_get()
  File "D:\Driver C\Desktop\fullstack-internship\backend\job-tracker-backend\.venv\Lib\site-packages\sqlalchemy\pool\impl.py", line 178, in _do_get
    with util.safe_reraise():
         ~~~~~~~~~~~~~~~~~^^
  File "D:\Driver C\Desktop\fullstack-internship\backend\job-tracker-backend\.venv\Lib\site-packages\sqlalchemy\util\langhelpers.py", line 122, in __exit__
    raise exc_value.with_traceback(exc_tb)
  File "D:\Driver C\Desktop\fullstack-internship\backend\job-tracker-backend\.venv\Lib\site-packages\sqlalchemy\pool\impl.py", line 176, in _do_get
    return self._create_connection()
           ~~~~~~~~~~~~~~~~~~~~~~~^^
  File "D:\Driver C\Desktop\fullstack-internship\backend\job-tracker-backend\.venv\Lib\site-packages\sqlalchemy\pool\base.py", line 389, in _create_connection
    return _ConnectionRecord(self)
  File "D:\Driver C\Desktop\fullstack-internship\backend\job-tracker-backend\.venv\Lib\site-packages\sqlalchemy\pool\base.py", line 674, in __init__
    self.__connect()
    ~~~~~~~~~~~~~~^^
  File "D:\Driver C\Desktop\fullstack-internship\backend\job-tracker-backend\.venv\Lib\site-packages\sqlalchemy\pool\base.py", line 900, in __connect
    with util.safe_reraise():
         ~~~~~~~~~~~~~~~~~^^
  File "D:\Driver C\Desktop\fullstack-internship\backend\job-tracker-backend\.venv\Lib\site-packages\sqlalchemy\util\langhelpers.py", line 122, in __exit__
    raise exc_value.with_traceback(exc_tb)
  File "D:\Driver C\Desktop\fullstack-internship\backend\job-tracker-backend\.venv\Lib\site-packages\sqlalchemy\pool\base.py", line 896, in __connect
    self.dbapi_connection = connection = pool._invoke_creator(self)
                                         ~~~~~~~~~~~~~~~~~~~~^^^^^^
  File "D:\Driver C\Desktop\fullstack-internship\backend\job-tracker-backend\.venv\Lib\site-packages\sqlalchemy\engine\create.py", line 667, in connect
    return dialect.connect(*cargs_tup, **cparams)
           ~~~~~~~~~~~~~~~^^^^^^^^^^^^^^^^^^^^^^^
  File "D:\Driver C\Desktop\fullstack-internship\backend\job-tracker-backend\.venv\Lib\site-packages\sqlalchemy\engine\default.py", line 630, in connect
    return self.loaded_dbapi.connect(*cargs, **cparams)  # type: ignore[no-any-return]  # NOQA: E501
           ~~~~~~~~~~~~~~~~~~~~~~~~~^^^^^^^^^^^^^^^^^^^
  File "D:\Driver C\Desktop\fullstack-internship\backend\job-tracker-backend\.venv\Lib\site-packages\psycopg2\__init__.py", line 135, in connect
    conn = _connect(dsn, connection_factory=connection_factory, **kwasync)
sqlalchemy.exc.OperationalError: (psycopg2.OperationalError) connection to server at "localhost" (::1), port 5432 failed: FATAL:  password authentication failed for user "postgres"

(Background on this error at: https://sqlalche.me/e/20/e3q8)
INFO:     127.0.0.1:57842 - "POST /graphql HTTP/1.1" 200 OK
(psycopg2.OperationalError) connection to server at "localhost" (::1), port 5432 failed: FATAL:  password authentication failed for user "postgres"

(Background on this error at: https://sqlalche.me/e/20/e3q8)

GraphQL request:2:5
1 | mutation{
2 |     loginUser(userInput:
  |     ^
3 |      {
Traceback (most recent call last):
  File "D:\Driver C\Desktop\fullstack-internship\backend\job-tracker-backend\.venv\Lib\site-packages\sqlalchemy\engine\base.py", line 144, in __init__
    self._dbapi_connection = engine.raw_connection()
                             ~~~~~~~~~~~~~~~~~~~~~^^
  File "D:\Driver C\Desktop\fullstack-internship\backend\job-tracker-backend\.venv\Lib\site-packages\sqlalchemy\engine\base.py", line 3319, in raw_connection
    return self.pool.connect()
           ~~~~~~~~~~~~~~~~~^^
  File "D:\Driver C\Desktop\fullstack-internship\backend\job-tracker-backend\.venv\Lib\site-packages\sqlalchemy\pool\base.py", line 448, in connect
    return _ConnectionFairy._checkout(self)
           ~~~~~~~~~~~~~~~~~~~~~~~~~~^^^^^^
  File "D:\Driver C\Desktop\fullstack-internship\backend\job-tracker-backend\.venv\Lib\site-packages\sqlalchemy\pool\base.py", line 1272, in _checkout
    fairy = _ConnectionRecord.checkout(pool)
  File "D:\Driver C\Desktop\fullstack-internship\backend\job-tracker-backend\.venv\Lib\site-packages\sqlalchemy\pool\base.py", line 712, in checkout
    rec = pool._do_get()
  File "D:\Driver C\Desktop\fullstack-internship\backend\job-tracker-backend\.venv\Lib\site-packages\sqlalchemy\pool\impl.py", line 178, in _do_get
    with util.safe_reraise():
         ~~~~~~~~~~~~~~~~~^^
  File "D:\Driver C\Desktop\fullstack-internship\backend\job-tracker-backend\.venv\Lib\site-packages\sqlalchemy\util\langhelpers.py", line 122, in __exit__
    raise exc_value.with_traceback(exc_tb)
  File "D:\Driver C\Desktop\fullstack-internship\backend\job-tracker-backend\.venv\Lib\site-packages\sqlalchemy\pool\impl.py", line 176, in _do_get
    return self._create_connection()
           ~~~~~~~~~~~~~~~~~~~~~~~^^
  File "D:\Driver C\Desktop\fullstack-internship\backend\job-tracker-backend\.venv\Lib\site-packages\sqlalchemy\pool\base.py", line 389, in _create_connection
    return _ConnectionRecord(self)
  File "D:\Driver C\Desktop\fullstack-internship\backend\job-tracker-backend\.venv\Lib\site-packages\sqlalchemy\pool\base.py", line 674, in __init__
    self.__connect()
    ~~~~~~~~~~~~~~^^
  File "D:\Driver C\Desktop\fullstack-internship\backend\job-tracker-backend\.venv\Lib\site-packages\sqlalchemy\pool\base.py", line 900, in __connect
    with util.safe_reraise():
         ~~~~~~~~~~~~~~~~~^^
  File "D:\Driver C\Desktop\fullstack-internship\backend\job-tracker-backend\.venv\Lib\site-packages\sqlalchemy\util\langhelpers.py", line 122, in __exit__
    raise exc_value.with_traceback(exc_tb)
  File "D:\Driver C\Desktop\fullstack-internship\backend\job-tracker-backend\.venv\Lib\site-packages\sqlalchemy\pool\base.py", line 896, in __connect
    self.dbapi_connection = connection = pool._invoke_creator(self)
                                         ~~~~~~~~~~~~~~~~~~~~^^^^^^
  File "D:\Driver C\Desktop\fullstack-internship\backend\job-tracker-backend\.venv\Lib\site-packages\sqlalchemy\engine\create.py", line 667, in connect
    return dialect.connect(*cargs_tup, **cparams)
           ~~~~~~~~~~~~~~~^^^^^^^^^^^^^^^^^^^^^^^
  File "D:\Driver C\Desktop\fullstack-internship\backend\job-tracker-backend\.venv\Lib\site-packages\sqlalchemy\engine\default.py", line 630, in connect
    return self.loaded_dbapi.connect(*cargs, **cparams)  # type: ignore[no-any-return]  # NOQA: E501
           ~~~~~~~~~~~~~~~~~~~~~~~~~^^^^^^^^^^^^^^^^^^^
  File "D:\Driver C\Desktop\fullstack-internship\backend\job-tracker-backend\.venv\Lib\site-packages\psycopg2\__init__.py", line 135, in connect
    conn = _connect(dsn, connection_factory=connection_factory, **kwasync)
psycopg2.OperationalError: connection to server at "localhost" (::1), port 5432 failed: FATAL:  password authentication failed for user "postgres"


The above exception was the direct cause of the following exception:

Traceback (most recent call last):
  File "D:\Driver C\Desktop\fullstack-internship\backend\job-tracker-backend\.venv\Lib\site-packages\graphql\execution\execute.py", line 562, in execute_field
    result = resolve_fn(source, info, **args)
  File "D:\Driver C\Desktop\fullstack-internship\backend\job-tracker-backend\.venv\Lib\site-packages\strawberry\schema\schema_converter.py", line 1049, in _resolver
    return _get_result_with_extensions(
        _source,
        strawberry_info,
        **kwargs,
    )
  File "D:\Driver C\Desktop\fullstack-internship\backend\job-tracker-backend\.venv\Lib\site-packages\strawberry\schema\schema_converter.py", line 1035, in extension_resolver
    return reduce(
           ~~~~~~~
    ...<2 lines>...
        wrapped_get_result,
        ~~~~~~~~~~~~~~~~~~~
    )(_source, info, **field_kwargs)
    ~^^^^^^^^^^^^^^^^^^^^^^^^^^^^^^^
  File "D:\Driver C\Desktop\fullstack-internship\backend\job-tracker-backend\.venv\Lib\site-packages\strawberry\schema\schema_converter.py", line 1027, in wrapped_get_result
    return _get_result(
        _source,
    ...<2 lines>...
        field_kwargs=kwargs,
    )
  File "D:\Driver C\Desktop\fullstack-internship\backend\job-tracker-backend\.venv\Lib\site-packages\strawberry\schema\schema_converter.py", line 913, in _get_result
    return field.get_result(
           ~~~~~~~~~~~~~~~~^
        _source, info=info, args=field_args, kwargs=field_kwargs
        ^^^^^^^^^^^^^^^^^^^^^^^^^^^^^^^^^^^^^^^^^^^^^^^^^^^^^^^^
    )
    ^
  File "D:\Driver C\Desktop\fullstack-internship\backend\job-tracker-backend\.venv\Lib\site-packages\strawberry\types\field.py", line 232, in get_result
    return self.base_resolver(*args, **kwargs)
           ~~~~~~~~~~~~~~~~~~^^^^^^^^^^^^^^^^^
  File "D:\Driver C\Desktop\fullstack-internship\backend\job-tracker-backend\.venv\Lib\site-packages\strawberry\types\fields\resolver.py", line 238, in __call__
    return self.wrapped_func(*args, **kwargs)
           ~~~~~~~~~~~~~~~~~^^^^^^^^^^^^^^^^^
  File "D:\Driver C\Desktop\fullstack-internship\backend\job-tracker-backend\auth.py", line 10, in login_user
    user = db.query(models.User).filter(user_input.email == models.User.email).first()
  File "D:\Driver C\Desktop\fullstack-internship\backend\job-tracker-backend\.venv\Lib\site-packages\sqlalchemy\orm\query.py", line 2766, in first
    return self.limit(1)._iter().first()  # type: ignore
           ~~~~~~~~~~~~~~~~~~~^^
  File "D:\Driver C\Desktop\fullstack-internship\backend\job-tracker-backend\.venv\Lib\site-packages\sqlalchemy\orm\query.py", line 2864, in _iter
    result: Union[ScalarResult[_T], Result[_T]] = self.session.execute(
                                                  ~~~~~~~~~~~~~~~~~~~~^
        statement,
        ^^^^^^^^^^
        params,
        ^^^^^^^
        execution_options={"_sa_orm_load_options": self.load_options},
        ^^^^^^^^^^^^^^^^^^^^^^^^^^^^^^^^^^^^^^^^^^^^^^^^^^^^^^^^^^^^^^
    )
    ^
  File "D:\Driver C\Desktop\fullstack-internship\backend\job-tracker-backend\.venv\Lib\site-packages\sqlalchemy\orm\session.py", line 2373, in execute
    return self._execute_internal(
           ~~~~~~~~~~~~~~~~~~~~~~^
        statement,
        ^^^^^^^^^^
    ...<4 lines>...
        _add_event=_add_event,
        ^^^^^^^^^^^^^^^^^^^^^^
    )
    ^
  File "D:\Driver C\Desktop\fullstack-internship\backend\job-tracker-backend\.venv\Lib\site-packages\sqlalchemy\orm\session.py", line 2261, in _execute_internal
    conn = self._connection_for_bind(bind)
  File "D:\Driver C\Desktop\fullstack-internship\backend\job-tracker-backend\.venv\Lib\site-packages\sqlalchemy\orm\session.py", line 2113, in _connection_for_bind
    return trans._connection_for_bind(engine, execution_options)
           ~~~~~~~~~~~~~~~~~~~~~~~~~~^^^^^^^^^^^^^^^^^^^^^^^^^^^
  File "<string>", line 2, in _connection_for_bind
  File "D:\Driver C\Desktop\fullstack-internship\backend\job-tracker-backend\.venv\Lib\site-packages\sqlalchemy\orm\state_changes.py", line 137, in _go
    ret_value = fn(self, *arg, **kw)
  File "D:\Driver C\Desktop\fullstack-internship\backend\job-tracker-backend\.venv\Lib\site-packages\sqlalchemy\orm\session.py", line 1191, in _connection_for_bind
    conn = bind.connect()
  File "D:\Driver C\Desktop\fullstack-internship\backend\job-tracker-backend\.venv\Lib\site-packages\sqlalchemy\engine\base.py", line 3295, in connect
    return self._connection_cls(self)
           ~~~~~~~~~~~~~~~~~~~~^^^^^^
  File "D:\Driver C\Desktop\fullstack-internship\backend\job-tracker-backend\.venv\Lib\site-packages\sqlalchemy\engine\base.py", line 146, in __init__
    Connection._handle_dbapi_exception_noconnection(
    ~~~~~~~~~~~~~~~~~~~~~~~~~~~~~~~~~~~~~~~~~~~~~~~^
        err, dialect, engine
        ^^^^^^^^^^^^^^^^^^^^
    )
    ^
  File "D:\Driver C\Desktop\fullstack-internship\backend\job-tracker-backend\.venv\Lib\site-packages\sqlalchemy\engine\base.py", line 2450, in _handle_dbapi_exception_noconnection
    raise sqlalchemy_exception.with_traceback(exc_info[2]) from e
  File "D:\Driver C\Desktop\fullstack-internship\backend\job-tracker-backend\.venv\Lib\site-packages\sqlalchemy\engine\base.py", line 144, in __init__
    self._dbapi_connection = engine.raw_connection()
                             ~~~~~~~~~~~~~~~~~~~~~^^
  File "D:\Driver C\Desktop\fullstack-internship\backend\job-tracker-backend\.venv\Lib\site-packages\sqlalchemy\engine\base.py", line 3319, in raw_connection
    return self.pool.connect()
           ~~~~~~~~~~~~~~~~~^^
  File "D:\Driver C\Desktop\fullstack-internship\backend\job-tracker-backend\.venv\Lib\site-packages\sqlalchemy\pool\base.py", line 448, in connect
    return _ConnectionFairy._checkout(self)
           ~~~~~~~~~~~~~~~~~~~~~~~~~~^^^^^^
  File "D:\Driver C\Desktop\fullstack-internship\backend\job-tracker-backend\.venv\Lib\site-packages\sqlalchemy\pool\base.py", line 1272, in _checkout
    fairy = _ConnectionRecord.checkout(pool)
  File "D:\Driver C\Desktop\fullstack-internship\backend\job-tracker-backend\.venv\Lib\site-packages\sqlalchemy\pool\base.py", line 712, in checkout
    rec = pool._do_get()
  File "D:\Driver C\Desktop\fullstack-internship\backend\job-tracker-backend\.venv\Lib\site-packages\sqlalchemy\pool\impl.py", line 178, in _do_get
    with util.safe_reraise():
         ~~~~~~~~~~~~~~~~~^^
  File "D:\Driver C\Desktop\fullstack-internship\backend\job-tracker-backend\.venv\Lib\site-packages\sqlalchemy\util\langhelpers.py", line 122, in __exit__
    raise exc_value.with_traceback(exc_tb)
  File "D:\Driver C\Desktop\fullstack-internship\backend\job-tracker-backend\.venv\Lib\site-packages\sqlalchemy\pool\impl.py", line 176, in _do_get
    return self._create_connection()
           ~~~~~~~~~~~~~~~~~~~~~~~^^
  File "D:\Driver C\Desktop\fullstack-internship\backend\job-tracker-backend\.venv\Lib\site-packages\sqlalchemy\pool\base.py", line 389, in _create_connection
    return _ConnectionRecord(self)
  File "D:\Driver C\Desktop\fullstack-internship\backend\job-tracker-backend\.venv\Lib\site-packages\sqlalchemy\pool\base.py", line 674, in __init__
    self.__connect()
    ~~~~~~~~~~~~~~^^
  File "D:\Driver C\Desktop\fullstack-internship\backend\job-tracker-backend\.venv\Lib\site-packages\sqlalchemy\pool\base.py", line 900, in __connect
    with util.safe_reraise():
         ~~~~~~~~~~~~~~~~~^^
  File "D:\Driver C\Desktop\fullstack-internship\backend\job-tracker-backend\.venv\Lib\site-packages\sqlalchemy\util\langhelpers.py", line 122, in __exit__
    raise exc_value.with_traceback(exc_tb)
  File "D:\Driver C\Desktop\fullstack-internship\backend\job-tracker-backend\.venv\Lib\site-packages\sqlalchemy\pool\base.py", line 896, in __connect
    self.dbapi_connection = connection = pool._invoke_creator(self)
                                         ~~~~~~~~~~~~~~~~~~~~^^^^^^
  File "D:\Driver C\Desktop\fullstack-internship\backend\job-tracker-backend\.venv\Lib\site-packages\sqlalchemy\engine\create.py", line 667, in connect
    return dialect.connect(*cargs_tup, **cparams)
           ~~~~~~~~~~~~~~~^^^^^^^^^^^^^^^^^^^^^^^
  File "D:\Driver C\Desktop\fullstack-internship\backend\job-tracker-backend\.venv\Lib\site-packages\sqlalchemy\engine\default.py", line 630, in connect
    return self.loaded_dbapi.connect(*cargs, **cparams)  # type: ignore[no-any-return]  # NOQA: E501
           ~~~~~~~~~~~~~~~~~~~~~~~~~^^^^^^^^^^^^^^^^^^^
  File "D:\Driver C\Desktop\fullstack-internship\backend\job-tracker-backend\.venv\Lib\site-packages\psycopg2\__init__.py", line 135, in connect
    conn = _connect(dsn, connection_factory=connection_factory, **kwasync)
sqlalchemy.exc.OperationalError: (psycopg2.OperationalError) connection to server at "localhost" (::1), port 5432 failed: FATAL:  password authentication failed for user "postgres"

(Background on this error at: https://sqlalche.me/e/20/e3q8)
INFO:     127.0.0.1:57868 - "POST /graphql HTTP/1.1" 200 OK
(psycopg2.OperationalError) connection to server at "localhost" (::1), port 5432 failed: FATAL:  password authentication failed for user "postgres"

(Background on this error at: https://sqlalche.me/e/20/e3q8)

GraphQL request:2:5
1 | mutation{
2 |     loginUser(userInput:
  |     ^
3 |      {
Traceback (most recent call last):
  File "D:\Driver C\Desktop\fullstack-internship\backend\job-tracker-backend\.venv\Lib\site-packages\sqlalchemy\engine\base.py", line 144, in __init__
    self._dbapi_connection = engine.raw_connection()
                             ~~~~~~~~~~~~~~~~~~~~~^^
  File "D:\Driver C\Desktop\fullstack-internship\backend\job-tracker-backend\.venv\Lib\site-packages\sqlalchemy\engine\base.py", line 3319, in raw_connection
    return self.pool.connect()
           ~~~~~~~~~~~~~~~~~^^
  File "D:\Driver C\Desktop\fullstack-internship\backend\job-tracker-backend\.venv\Lib\site-packages\sqlalchemy\pool\base.py", line 448, in connect
    return _ConnectionFairy._checkout(self)
           ~~~~~~~~~~~~~~~~~~~~~~~~~~^^^^^^
  File "D:\Driver C\Desktop\fullstack-internship\backend\job-tracker-backend\.venv\Lib\site-packages\sqlalchemy\pool\base.py", line 1272, in _checkout
    fairy = _ConnectionRecord.checkout(pool)
  File "D:\Driver C\Desktop\fullstack-internship\backend\job-tracker-backend\.venv\Lib\site-packages\sqlalchemy\pool\base.py", line 712, in checkout
    rec = pool._do_get()
  File "D:\Driver C\Desktop\fullstack-internship\backend\job-tracker-backend\.venv\Lib\site-packages\sqlalchemy\pool\impl.py", line 178, in _do_get
    with util.safe_reraise():
         ~~~~~~~~~~~~~~~~~^^
  File "D:\Driver C\Desktop\fullstack-internship\backend\job-tracker-backend\.venv\Lib\site-packages\sqlalchemy\util\langhelpers.py", line 122, in __exit__
    raise exc_value.with_traceback(exc_tb)
  File "D:\Driver C\Desktop\fullstack-internship\backend\job-tracker-backend\.venv\Lib\site-packages\sqlalchemy\pool\impl.py", line 176, in _do_get
    return self._create_connection()
           ~~~~~~~~~~~~~~~~~~~~~~~^^
  File "D:\Driver C\Desktop\fullstack-internship\backend\job-tracker-backend\.venv\Lib\site-packages\sqlalchemy\pool\base.py", line 389, in _create_connection
    return _ConnectionRecord(self)
  File "D:\Driver C\Desktop\fullstack-internship\backend\job-tracker-backend\.venv\Lib\site-packages\sqlalchemy\pool\base.py", line 674, in __init__
    self.__connect()
    ~~~~~~~~~~~~~~^^
  File "D:\Driver C\Desktop\fullstack-internship\backend\job-tracker-backend\.venv\Lib\site-packages\sqlalchemy\pool\base.py", line 900, in __connect
    with util.safe_reraise():
         ~~~~~~~~~~~~~~~~~^^
  File "D:\Driver C\Desktop\fullstack-internship\backend\job-tracker-backend\.venv\Lib\site-packages\sqlalchemy\util\langhelpers.py", line 122, in __exit__
    raise exc_value.with_traceback(exc_tb)
  File "D:\Driver C\Desktop\fullstack-internship\backend\job-tracker-backend\.venv\Lib\site-packages\sqlalchemy\pool\base.py", line 896, in __connect
    self.dbapi_connection = connection = pool._invoke_creator(self)
                                         ~~~~~~~~~~~~~~~~~~~~^^^^^^
  File "D:\Driver C\Desktop\fullstack-internship\backend\job-tracker-backend\.venv\Lib\site-packages\sqlalchemy\engine\create.py", line 667, in connect
    return dialect.connect(*cargs_tup, **cparams)
           ~~~~~~~~~~~~~~~^^^^^^^^^^^^^^^^^^^^^^^
  File "D:\Driver C\Desktop\fullstack-internship\backend\job-tracker-backend\.venv\Lib\site-packages\sqlalchemy\engine\default.py", line 630, in connect
    return self.loaded_dbapi.connect(*cargs, **cparams)  # type: ignore[no-any-return]  # NOQA: E501
           ~~~~~~~~~~~~~~~~~~~~~~~~~^^^^^^^^^^^^^^^^^^^
  File "D:\Driver C\Desktop\fullstack-internship\backend\job-tracker-backend\.venv\Lib\site-packages\psycopg2\__init__.py", line 135, in connect
    conn = _connect(dsn, connection_factory=connection_factory, **kwasync)
psycopg2.OperationalError: connection to server at "localhost" (::1), port 5432 failed: FATAL:  password authentication failed for user "postgres"


The above exception was the direct cause of the following exception:

Traceback (most recent call last):
  File "D:\Driver C\Desktop\fullstack-internship\backend\job-tracker-backend\.venv\Lib\site-packages\graphql\execution\execute.py", line 562, in execute_field
    result = resolve_fn(source, info, **args)
  File "D:\Driver C\Desktop\fullstack-internship\backend\job-tracker-backend\.venv\Lib\site-packages\strawberry\schema\schema_converter.py", line 1049, in _resolver
    return _get_result_with_extensions(
        _source,
        strawberry_info,
        **kwargs,
    )
  File "D:\Driver C\Desktop\fullstack-internship\backend\job-tracker-backend\.venv\Lib\site-packages\strawberry\schema\schema_converter.py", line 1035, in extension_resolver
    return reduce(
           ~~~~~~~
    ...<2 lines>...
        wrapped_get_result,
        ~~~~~~~~~~~~~~~~~~~
    )(_source, info, **field_kwargs)
    ~^^^^^^^^^^^^^^^^^^^^^^^^^^^^^^^
  File "D:\Driver C\Desktop\fullstack-internship\backend\job-tracker-backend\.venv\Lib\site-packages\strawberry\schema\schema_converter.py", line 1027, in wrapped_get_result
    return _get_result(
        _source,
    ...<2 lines>...
        field_kwargs=kwargs,
    )
  File "D:\Driver C\Desktop\fullstack-internship\backend\job-tracker-backend\.venv\Lib\site-packages\strawberry\schema\schema_converter.py", line 913, in _get_result
    return field.get_result(
           ~~~~~~~~~~~~~~~~^
        _source, info=info, args=field_args, kwargs=field_kwargs
        ^^^^^^^^^^^^^^^^^^^^^^^^^^^^^^^^^^^^^^^^^^^^^^^^^^^^^^^^
    )
    ^
  File "D:\Driver C\Desktop\fullstack-internship\backend\job-tracker-backend\.venv\Lib\site-packages\strawberry\types\field.py", line 232, in get_result
    return self.base_resolver(*args, **kwargs)
           ~~~~~~~~~~~~~~~~~~^^^^^^^^^^^^^^^^^
  File "D:\Driver C\Desktop\fullstack-internship\backend\job-tracker-backend\.venv\Lib\site-packages\strawberry\types\fields\resolver.py", line 238, in __call__
    return self.wrapped_func(*args, **kwargs)
           ~~~~~~~~~~~~~~~~~^^^^^^^^^^^^^^^^^
  File "D:\Driver C\Desktop\fullstack-internship\backend\job-tracker-backend\auth.py", line 10, in login_user
    user = db.query(models.User).filter(user_input.email == models.User.email).first()
  File "D:\Driver C\Desktop\fullstack-internship\backend\job-tracker-backend\.venv\Lib\site-packages\sqlalchemy\orm\query.py", line 2766, in first
    return self.limit(1)._iter().first()  # type: ignore
           ~~~~~~~~~~~~~~~~~~~^^
  File "D:\Driver C\Desktop\fullstack-internship\backend\job-tracker-backend\.venv\Lib\site-packages\sqlalchemy\orm\query.py", line 2864, in _iter
    result: Union[ScalarResult[_T], Result[_T]] = self.session.execute(
                                                  ~~~~~~~~~~~~~~~~~~~~^
        statement,
        ^^^^^^^^^^
        params,
        ^^^^^^^
        execution_options={"_sa_orm_load_options": self.load_options},
        ^^^^^^^^^^^^^^^^^^^^^^^^^^^^^^^^^^^^^^^^^^^^^^^^^^^^^^^^^^^^^^
    )
    ^
  File "D:\Driver C\Desktop\fullstack-internship\backend\job-tracker-backend\.venv\Lib\site-packages\sqlalchemy\orm\session.py", line 2373, in execute
    return self._execute_internal(
           ~~~~~~~~~~~~~~~~~~~~~~^
        statement,
        ^^^^^^^^^^
    ...<4 lines>...
        _add_event=_add_event,
        ^^^^^^^^^^^^^^^^^^^^^^
    )
    ^
  File "D:\Driver C\Desktop\fullstack-internship\backend\job-tracker-backend\.venv\Lib\site-packages\sqlalchemy\orm\session.py", line 2261, in _execute_internal
    conn = self._connection_for_bind(bind)
  File "D:\Driver C\Desktop\fullstack-internship\backend\job-tracker-backend\.venv\Lib\site-packages\sqlalchemy\orm\session.py", line 2113, in _connection_for_bind
    return trans._connection_for_bind(engine, execution_options)
           ~~~~~~~~~~~~~~~~~~~~~~~~~~^^^^^^^^^^^^^^^^^^^^^^^^^^^
  File "<string>", line 2, in _connection_for_bind
  File "D:\Driver C\Desktop\fullstack-internship\backend\job-tracker-backend\.venv\Lib\site-packages\sqlalchemy\orm\state_changes.py", line 137, in _go
    ret_value = fn(self, *arg, **kw)
  File "D:\Driver C\Desktop\fullstack-internship\backend\job-tracker-backend\.venv\Lib\site-packages\sqlalchemy\orm\session.py", line 1191, in _connection_for_bind
    conn = bind.connect()
  File "D:\Driver C\Desktop\fullstack-internship\backend\job-tracker-backend\.venv\Lib\site-packages\sqlalchemy\engine\base.py", line 3295, in connect
    return self._connection_cls(self)
           ~~~~~~~~~~~~~~~~~~~~^^^^^^
  File "D:\Driver C\Desktop\fullstack-internship\backend\job-tracker-backend\.venv\Lib\site-packages\sqlalchemy\engine\base.py", line 146, in __init__
    Connection._handle_dbapi_exception_noconnection(
    ~~~~~~~~~~~~~~~~~~~~~~~~~~~~~~~~~~~~~~~~~~~~~~~^
        err, dialect, engine
        ^^^^^^^^^^^^^^^^^^^^
    )
    ^
  File "D:\Driver C\Desktop\fullstack-internship\backend\job-tracker-backend\.venv\Lib\site-packages\sqlalchemy\engine\base.py", line 2450, in _handle_dbapi_exception_noconnection
    raise sqlalchemy_exception.with_traceback(exc_info[2]) from e
  File "D:\Driver C\Desktop\fullstack-internship\backend\job-tracker-backend\.venv\Lib\site-packages\sqlalchemy\engine\base.py", line 144, in __init__
    self._dbapi_connection = engine.raw_connection()
                             ~~~~~~~~~~~~~~~~~~~~~^^
  File "D:\Driver C\Desktop\fullstack-internship\backend\job-tracker-backend\.venv\Lib\site-packages\sqlalchemy\engine\base.py", line 3319, in raw_connection
    return self.pool.connect()
           ~~~~~~~~~~~~~~~~~^^
  File "D:\Driver C\Desktop\fullstack-internship\backend\job-tracker-backend\.venv\Lib\site-packages\sqlalchemy\pool\base.py", line 448, in connect
    return _ConnectionFairy._checkout(self)
           ~~~~~~~~~~~~~~~~~~~~~~~~~~^^^^^^
  File "D:\Driver C\Desktop\fullstack-internship\backend\job-tracker-backend\.venv\Lib\site-packages\sqlalchemy\pool\base.py", line 1272, in _checkout
    fairy = _ConnectionRecord.checkout(pool)
  File "D:\Driver C\Desktop\fullstack-internship\backend\job-tracker-backend\.venv\Lib\site-packages\sqlalchemy\pool\base.py", line 712, in checkout
    rec = pool._do_get()
  File "D:\Driver C\Desktop\fullstack-internship\backend\job-tracker-backend\.venv\Lib\site-packages\sqlalchemy\pool\impl.py", line 178, in _do_get
    with util.safe_reraise():
         ~~~~~~~~~~~~~~~~~^^
  File "D:\Driver C\Desktop\fullstack-internship\backend\job-tracker-backend\.venv\Lib\site-packages\sqlalchemy\util\langhelpers.py", line 122, in __exit__
    raise exc_value.with_traceback(exc_tb)
  File "D:\Driver C\Desktop\fullstack-internship\backend\job-tracker-backend\.venv\Lib\site-packages\sqlalchemy\pool\impl.py", line 176, in _do_get
    return self._create_connection()
           ~~~~~~~~~~~~~~~~~~~~~~~^^
  File "D:\Driver C\Desktop\fullstack-internship\backend\job-tracker-backend\.venv\Lib\site-packages\sqlalchemy\pool\base.py", line 389, in _create_connection
    return _ConnectionRecord(self)
  File "D:\Driver C\Desktop\fullstack-internship\backend\job-tracker-backend\.venv\Lib\site-packages\sqlalchemy\pool\base.py", line 674, in __init__
    self.__connect()
    ~~~~~~~~~~~~~~^^
  File "D:\Driver C\Desktop\fullstack-internship\backend\job-tracker-backend\.venv\Lib\site-packages\sqlalchemy\pool\base.py", line 900, in __connect
    with util.safe_reraise():
         ~~~~~~~~~~~~~~~~~^^
  File "D:\Driver C\Desktop\fullstack-internship\backend\job-tracker-backend\.venv\Lib\site-packages\sqlalchemy\util\langhelpers.py", line 122, in __exit__
    raise exc_value.with_traceback(exc_tb)
  File "D:\Driver C\Desktop\fullstack-internship\backend\job-tracker-backend\.venv\Lib\site-packages\sqlalchemy\pool\base.py", line 896, in __connect
    self.dbapi_connection = connection = pool._invoke_creator(self)
                                         ~~~~~~~~~~~~~~~~~~~~^^^^^^
  File "D:\Driver C\Desktop\fullstack-internship\backend\job-tracker-backend\.venv\Lib\site-packages\sqlalchemy\engine\create.py", line 667, in connect
    return dialect.connect(*cargs_tup, **cparams)
           ~~~~~~~~~~~~~~~^^^^^^^^^^^^^^^^^^^^^^^
  File "D:\Driver C\Desktop\fullstack-internship\backend\job-tracker-backend\.venv\Lib\site-packages\sqlalchemy\engine\default.py", line 630, in connect
    return self.loaded_dbapi.connect(*cargs, **cparams)  # type: ignore[no-any-return]  # NOQA: E501
           ~~~~~~~~~~~~~~~~~~~~~~~~~^^^^^^^^^^^^^^^^^^^
  File "D:\Driver C\Desktop\fullstack-internship\backend\job-tracker-backend\.venv\Lib\site-packages\psycopg2\__init__.py", line 135, in connect
    conn = _connect(dsn, connection_factory=connection_factory, **kwasync)
sqlalchemy.exc.OperationalError: (psycopg2.OperationalError) connection to server at "localhost" (::1), port 5432 failed: FATAL:  password authentication failed for user "postgres"

(Background on this error at: https://sqlalche.me/e/20/e3q8)
INFO:     127.0.0.1:57985 - "POST /graphql HTTP/1.1" 200 OK
INFO:     127.0.0.1:58107 - "OPTIONS /graphql HTTP/1.1" 200 OK
(psycopg2.OperationalError) connection to server at "localhost" (::1), port 5432 failed: FATAL:  password authentication failed for user "postgres"

(Background on this error at: https://sqlalche.me/e/20/e3q8)

GraphQL request:2:3
1 | mutation LoginUser($userInput: UserLogin!) {
2 |   loginUser(userInput: $userInput) {
  |   ^
3 |     accessToken
Traceback (most recent call last):
  File "D:\Driver C\Desktop\fullstack-internship\backend\job-tracker-backend\.venv\Lib\site-packages\sqlalchemy\engine\base.py", line 144, in __init__
    self._dbapi_connection = engine.raw_connection()
                             ~~~~~~~~~~~~~~~~~~~~~^^
  File "D:\Driver C\Desktop\fullstack-internship\backend\job-tracker-backend\.venv\Lib\site-packages\sqlalchemy\engine\base.py", line 3319, in raw_connection
    return self.pool.connect()
           ~~~~~~~~~~~~~~~~~^^
  File "D:\Driver C\Desktop\fullstack-internship\backend\job-tracker-backend\.venv\Lib\site-packages\sqlalchemy\pool\base.py", line 448, in connect
    return _ConnectionFairy._checkout(self)
           ~~~~~~~~~~~~~~~~~~~~~~~~~~^^^^^^
  File "D:\Driver C\Desktop\fullstack-internship\backend\job-tracker-backend\.venv\Lib\site-packages\sqlalchemy\pool\base.py", line 1272, in _checkout
    fairy = _ConnectionRecord.checkout(pool)
  File "D:\Driver C\Desktop\fullstack-internship\backend\job-tracker-backend\.venv\Lib\site-packages\sqlalchemy\pool\base.py", line 712, in checkout
    rec = pool._do_get()
  File "D:\Driver C\Desktop\fullstack-internship\backend\job-tracker-backend\.venv\Lib\site-packages\sqlalchemy\pool\impl.py", line 178, in _do_get
    with util.safe_reraise():
         ~~~~~~~~~~~~~~~~~^^
  File "D:\Driver C\Desktop\fullstack-internship\backend\job-tracker-backend\.venv\Lib\site-packages\sqlalchemy\util\langhelpers.py", line 122, in __exit__
    raise exc_value.with_traceback(exc_tb)
  File "D:\Driver C\Desktop\fullstack-internship\backend\job-tracker-backend\.venv\Lib\site-packages\sqlalchemy\pool\impl.py", line 176, in _do_get
    return self._create_connection()
           ~~~~~~~~~~~~~~~~~~~~~~~^^
  File "D:\Driver C\Desktop\fullstack-internship\backend\job-tracker-backend\.venv\Lib\site-packages\sqlalchemy\pool\base.py", line 389, in _create_connection
    return _ConnectionRecord(self)
  File "D:\Driver C\Desktop\fullstack-internship\backend\job-tracker-backend\.venv\Lib\site-packages\sqlalchemy\pool\base.py", line 674, in __init__
    self.__connect()
    ~~~~~~~~~~~~~~^^
  File "D:\Driver C\Desktop\fullstack-internship\backend\job-tracker-backend\.venv\Lib\site-packages\sqlalchemy\pool\base.py", line 900, in __connect
    with util.safe_reraise():
         ~~~~~~~~~~~~~~~~~^^
  File "D:\Driver C\Desktop\fullstack-internship\backend\job-tracker-backend\.venv\Lib\site-packages\sqlalchemy\util\langhelpers.py", line 122, in __exit__
    raise exc_value.with_traceback(exc_tb)
  File "D:\Driver C\Desktop\fullstack-internship\backend\job-tracker-backend\.venv\Lib\site-packages\sqlalchemy\pool\base.py", line 896, in __connect
    self.dbapi_connection = connection = pool._invoke_creator(self)
                                         ~~~~~~~~~~~~~~~~~~~~^^^^^^
  File "D:\Driver C\Desktop\fullstack-internship\backend\job-tracker-backend\.venv\Lib\site-packages\sqlalchemy\engine\create.py", line 667, in connect
    return dialect.connect(*cargs_tup, **cparams)
           ~~~~~~~~~~~~~~~^^^^^^^^^^^^^^^^^^^^^^^
  File "D:\Driver C\Desktop\fullstack-internship\backend\job-tracker-backend\.venv\Lib\site-packages\sqlalchemy\engine\default.py", line 630, in connect
    return self.loaded_dbapi.connect(*cargs, **cparams)  # type: ignore[no-any-return]  # NOQA: E501
           ~~~~~~~~~~~~~~~~~~~~~~~~~^^^^^^^^^^^^^^^^^^^
  File "D:\Driver C\Desktop\fullstack-internship\backend\job-tracker-backend\.venv\Lib\site-packages\psycopg2\__init__.py", line 135, in connect
    conn = _connect(dsn, connection_factory=connection_factory, **kwasync)
psycopg2.OperationalError: connection to server at "localhost" (::1), port 5432 failed: FATAL:  password authentication failed for user "postgres"


The above exception was the direct cause of the following exception:

Traceback (most recent call last):
  File "D:\Driver C\Desktop\fullstack-internship\backend\job-tracker-backend\.venv\Lib\site-packages\graphql\execution\execute.py", line 562, in execute_field
    result = resolve_fn(source, info, **args)
  File "D:\Driver C\Desktop\fullstack-internship\backend\job-tracker-backend\.venv\Lib\site-packages\strawberry\schema\schema_converter.py", line 1049, in _resolver
    return _get_result_with_extensions(
        _source,
        strawberry_info,
        **kwargs,
    )
  File "D:\Driver C\Desktop\fullstack-internship\backend\job-tracker-backend\.venv\Lib\site-packages\strawberry\schema\schema_converter.py", line 1035, in extension_resolver
    return reduce(
           ~~~~~~~
    ...<2 lines>...
        wrapped_get_result,
        ~~~~~~~~~~~~~~~~~~~
    )(_source, info, **field_kwargs)
    ~^^^^^^^^^^^^^^^^^^^^^^^^^^^^^^^
  File "D:\Driver C\Desktop\fullstack-internship\backend\job-tracker-backend\.venv\Lib\site-packages\strawberry\schema\schema_converter.py", line 1027, in wrapped_get_result
    return _get_result(
        _source,
    ...<2 lines>...
        field_kwargs=kwargs,
    )
  File "D:\Driver C\Desktop\fullstack-internship\backend\job-tracker-backend\.venv\Lib\site-packages\strawberry\schema\schema_converter.py", line 913, in _get_result
    return field.get_result(
           ~~~~~~~~~~~~~~~~^
        _source, info=info, args=field_args, kwargs=field_kwargs
        ^^^^^^^^^^^^^^^^^^^^^^^^^^^^^^^^^^^^^^^^^^^^^^^^^^^^^^^^
    )
    ^
  File "D:\Driver C\Desktop\fullstack-internship\backend\job-tracker-backend\.venv\Lib\site-packages\strawberry\types\field.py", line 232, in get_result
    return self.base_resolver(*args, **kwargs)
           ~~~~~~~~~~~~~~~~~~^^^^^^^^^^^^^^^^^
  File "D:\Driver C\Desktop\fullstack-internship\backend\job-tracker-backend\.venv\Lib\site-packages\strawberry\types\fields\resolver.py", line 238, in __call__
    return self.wrapped_func(*args, **kwargs)
           ~~~~~~~~~~~~~~~~~^^^^^^^^^^^^^^^^^
  File "D:\Driver C\Desktop\fullstack-internship\backend\job-tracker-backend\auth.py", line 10, in login_user
    user = db.query(models.User).filter(user_input.email == models.User.email).first()
  File "D:\Driver C\Desktop\fullstack-internship\backend\job-tracker-backend\.venv\Lib\site-packages\sqlalchemy\orm\query.py", line 2766, in first
    return self.limit(1)._iter().first()  # type: ignore
           ~~~~~~~~~~~~~~~~~~~^^
  File "D:\Driver C\Desktop\fullstack-internship\backend\job-tracker-backend\.venv\Lib\site-packages\sqlalchemy\orm\query.py", line 2864, in _iter
    result: Union[ScalarResult[_T], Result[_T]] = self.session.execute(
                                                  ~~~~~~~~~~~~~~~~~~~~^
        statement,
        ^^^^^^^^^^
        params,
        ^^^^^^^
        execution_options={"_sa_orm_load_options": self.load_options},
        ^^^^^^^^^^^^^^^^^^^^^^^^^^^^^^^^^^^^^^^^^^^^^^^^^^^^^^^^^^^^^^
    )
    ^
  File "D:\Driver C\Desktop\fullstack-internship\backend\job-tracker-backend\.venv\Lib\site-packages\sqlalchemy\orm\session.py", line 2373, in execute
    return self._execute_internal(
           ~~~~~~~~~~~~~~~~~~~~~~^
        statement,
        ^^^^^^^^^^
    ...<4 lines>...
        _add_event=_add_event,
        ^^^^^^^^^^^^^^^^^^^^^^
    )
    ^
  File "D:\Driver C\Desktop\fullstack-internship\backend\job-tracker-backend\.venv\Lib\site-packages\sqlalchemy\orm\session.py", line 2261, in _execute_internal
    conn = self._connection_for_bind(bind)
  File "D:\Driver C\Desktop\fullstack-internship\backend\job-tracker-backend\.venv\Lib\site-packages\sqlalchemy\orm\session.py", line 2113, in _connection_for_bind
    return trans._connection_for_bind(engine, execution_options)
           ~~~~~~~~~~~~~~~~~~~~~~~~~~^^^^^^^^^^^^^^^^^^^^^^^^^^^
  File "<string>", line 2, in _connection_for_bind
  File "D:\Driver C\Desktop\fullstack-internship\backend\job-tracker-backend\.venv\Lib\site-packages\sqlalchemy\orm\state_changes.py", line 137, in _go
    ret_value = fn(self, *arg, **kw)
  File "D:\Driver C\Desktop\fullstack-internship\backend\job-tracker-backend\.venv\Lib\site-packages\sqlalchemy\orm\session.py", line 1191, in _connection_for_bind
    conn = bind.connect()
  File "D:\Driver C\Desktop\fullstack-internship\backend\job-tracker-backend\.venv\Lib\site-packages\sqlalchemy\engine\base.py", line 3295, in connect
    return self._connection_cls(self)
           ~~~~~~~~~~~~~~~~~~~~^^^^^^
  File "D:\Driver C\Desktop\fullstack-internship\backend\job-tracker-backend\.venv\Lib\site-packages\sqlalchemy\engine\base.py", line 146, in __init__
    Connection._handle_dbapi_exception_noconnection(
    ~~~~~~~~~~~~~~~~~~~~~~~~~~~~~~~~~~~~~~~~~~~~~~~^
        err, dialect, engine
        ^^^^^^^^^^^^^^^^^^^^
    )
    ^
  File "D:\Driver C\Desktop\fullstack-internship\backend\job-tracker-backend\.venv\Lib\site-packages\sqlalchemy\engine\base.py", line 2450, in _handle_dbapi_exception_noconnection
    raise sqlalchemy_exception.with_traceback(exc_info[2]) from e
  File "D:\Driver C\Desktop\fullstack-internship\backend\job-tracker-backend\.venv\Lib\site-packages\sqlalchemy\engine\base.py", line 144, in __init__
    self._dbapi_connection = engine.raw_connection()
                             ~~~~~~~~~~~~~~~~~~~~~^^
  File "D:\Driver C\Desktop\fullstack-internship\backend\job-tracker-backend\.venv\Lib\site-packages\sqlalchemy\engine\base.py", line 3319, in raw_connection
    return self.pool.connect()
           ~~~~~~~~~~~~~~~~~^^
  File "D:\Driver C\Desktop\fullstack-internship\backend\job-tracker-backend\.venv\Lib\site-packages\sqlalchemy\pool\base.py", line 448, in connect
    return _ConnectionFairy._checkout(self)
           ~~~~~~~~~~~~~~~~~~~~~~~~~~^^^^^^
  File "D:\Driver C\Desktop\fullstack-internship\backend\job-tracker-backend\.venv\Lib\site-packages\sqlalchemy\pool\base.py", line 1272, in _checkout
    fairy = _ConnectionRecord.checkout(pool)
  File "D:\Driver C\Desktop\fullstack-internship\backend\job-tracker-backend\.venv\Lib\site-packages\sqlalchemy\pool\base.py", line 712, in checkout
    rec = pool._do_get()
  File "D:\Driver C\Desktop\fullstack-internship\backend\job-tracker-backend\.venv\Lib\site-packages\sqlalchemy\pool\impl.py", line 178, in _do_get
    with util.safe_reraise():
         ~~~~~~~~~~~~~~~~~^^
  File "D:\Driver C\Desktop\fullstack-internship\backend\job-tracker-backend\.venv\Lib\site-packages\sqlalchemy\util\langhelpers.py", line 122, in __exit__
    raise exc_value.with_traceback(exc_tb)
  File "D:\Driver C\Desktop\fullstack-internship\backend\job-tracker-backend\.venv\Lib\site-packages\sqlalchemy\pool\impl.py", line 176, in _do_get
    return self._create_connection()
           ~~~~~~~~~~~~~~~~~~~~~~~^^
  File "D:\Driver C\Desktop\fullstack-internship\backend\job-tracker-backend\.venv\Lib\site-packages\sqlalchemy\pool\base.py", line 389, in _create_connection
    return _ConnectionRecord(self)
  File "D:\Driver C\Desktop\fullstack-internship\backend\job-tracker-backend\.venv\Lib\site-packages\sqlalchemy\pool\base.py", line 674, in __init__
    self.__connect()
    ~~~~~~~~~~~~~~^^
  File "D:\Driver C\Desktop\fullstack-internship\backend\job-tracker-backend\.venv\Lib\site-packages\sqlalchemy\pool\base.py", line 900, in __connect
    with util.safe_reraise():
         ~~~~~~~~~~~~~~~~~^^
  File "D:\Driver C\Desktop\fullstack-internship\backend\job-tracker-backend\.venv\Lib\site-packages\sqlalchemy\util\langhelpers.py", line 122, in __exit__
    raise exc_value.with_traceback(exc_tb)
  File "D:\Driver C\Desktop\fullstack-internship\backend\job-tracker-backend\.venv\Lib\site-packages\sqlalchemy\pool\base.py", line 896, in __connect
    self.dbapi_connection = connection = pool._invoke_creator(self)
                                         ~~~~~~~~~~~~~~~~~~~~^^^^^^
  File "D:\Driver C\Desktop\fullstack-internship\backend\job-tracker-backend\.venv\Lib\site-packages\sqlalchemy\engine\create.py", line 667, in connect
    return dialect.connect(*cargs_tup, **cparams)
           ~~~~~~~~~~~~~~~^^^^^^^^^^^^^^^^^^^^^^^
  File "D:\Driver C\Desktop\fullstack-internship\backend\job-tracker-backend\.venv\Lib\site-packages\sqlalchemy\engine\default.py", line 630, in connect
    return self.loaded_dbapi.connect(*cargs, **cparams)  # type: ignore[no-any-return]  # NOQA: E501
           ~~~~~~~~~~~~~~~~~~~~~~~~~^^^^^^^^^^^^^^^^^^^
  File "D:\Driver C\Desktop\fullstack-internship\backend\job-tracker-backend\.venv\Lib\site-packages\psycopg2\__init__.py", line 135, in connect
    conn = _connect(dsn, connection_factory=connection_factory, **kwasync)
sqlalchemy.exc.OperationalError: (psycopg2.OperationalError) connection to server at "localhost" (::1), port 5432 failed: FATAL:  password authentication failed for user "postgres"

(Background on this error at: https://sqlalche.me/e/20/e3q8)
INFO:     127.0.0.1:58107 - "POST /graphql HTTP/1.1" 200 OK
INFO:     127.0.0.1:58110 - "OPTIONS /graphql HTTP/1.1" 200 OK
(psycopg2.OperationalError) connection to server at "localhost" (::1), port 5432 failed: FATAL:  password authentication failed for user "postgres"

(Background on this error at: https://sqlalche.me/e/20/e3q8)

GraphQL request:2:3
1 | mutation LoginUser($userInput: UserLogin!) {
2 |   loginUser(userInput: $userInput) {
  |   ^
3 |     accessToken
Traceback (most recent call last):
  File "D:\Driver C\Desktop\fullstack-internship\backend\job-tracker-backend\.venv\Lib\site-packages\sqlalchemy\engine\base.py", line 144, in __init__
    self._dbapi_connection = engine.raw_connection()
                             ~~~~~~~~~~~~~~~~~~~~~^^
  File "D:\Driver C\Desktop\fullstack-internship\backend\job-tracker-backend\.venv\Lib\site-packages\sqlalchemy\engine\base.py", line 3319, in raw_connection
    return self.pool.connect()
           ~~~~~~~~~~~~~~~~~^^
  File "D:\Driver C\Desktop\fullstack-internship\backend\job-tracker-backend\.venv\Lib\site-packages\sqlalchemy\pool\base.py", line 448, in connect
    return _ConnectionFairy._checkout(self)
           ~~~~~~~~~~~~~~~~~~~~~~~~~~^^^^^^
  File "D:\Driver C\Desktop\fullstack-internship\backend\job-tracker-backend\.venv\Lib\site-packages\sqlalchemy\pool\base.py", line 1272, in _checkout
    fairy = _ConnectionRecord.checkout(pool)
  File "D:\Driver C\Desktop\fullstack-internship\backend\job-tracker-backend\.venv\Lib\site-packages\sqlalchemy\pool\base.py", line 712, in checkout
    rec = pool._do_get()
  File "D:\Driver C\Desktop\fullstack-internship\backend\job-tracker-backend\.venv\Lib\site-packages\sqlalchemy\pool\impl.py", line 178, in _do_get
    with util.safe_reraise():
         ~~~~~~~~~~~~~~~~~^^
  File "D:\Driver C\Desktop\fullstack-internship\backend\job-tracker-backend\.venv\Lib\site-packages\sqlalchemy\util\langhelpers.py", line 122, in __exit__
    raise exc_value.with_traceback(exc_tb)
  File "D:\Driver C\Desktop\fullstack-internship\backend\job-tracker-backend\.venv\Lib\site-packages\sqlalchemy\pool\impl.py", line 176, in _do_get
    return self._create_connection()
           ~~~~~~~~~~~~~~~~~~~~~~~^^
  File "D:\Driver C\Desktop\fullstack-internship\backend\job-tracker-backend\.venv\Lib\site-packages\sqlalchemy\pool\base.py", line 389, in _create_connection
    return _ConnectionRecord(self)
  File "D:\Driver C\Desktop\fullstack-internship\backend\job-tracker-backend\.venv\Lib\site-packages\sqlalchemy\pool\base.py", line 674, in __init__
    self.__connect()
    ~~~~~~~~~~~~~~^^
  File "D:\Driver C\Desktop\fullstack-internship\backend\job-tracker-backend\.venv\Lib\site-packages\sqlalchemy\pool\base.py", line 900, in __connect
    with util.safe_reraise():
         ~~~~~~~~~~~~~~~~~^^
  File "D:\Driver C\Desktop\fullstack-internship\backend\job-tracker-backend\.venv\Lib\site-packages\sqlalchemy\util\langhelpers.py", line 122, in __exit__
    raise exc_value.with_traceback(exc_tb)
  File "D:\Driver C\Desktop\fullstack-internship\backend\job-tracker-backend\.venv\Lib\site-packages\sqlalchemy\pool\base.py", line 896, in __connect
    self.dbapi_connection = connection = pool._invoke_creator(self)
                                         ~~~~~~~~~~~~~~~~~~~~^^^^^^
  File "D:\Driver C\Desktop\fullstack-internship\backend\job-tracker-backend\.venv\Lib\site-packages\sqlalchemy\engine\create.py", line 667, in connect
    return dialect.connect(*cargs_tup, **cparams)
           ~~~~~~~~~~~~~~~^^^^^^^^^^^^^^^^^^^^^^^
  File "D:\Driver C\Desktop\fullstack-internship\backend\job-tracker-backend\.venv\Lib\site-packages\sqlalchemy\engine\default.py", line 630, in connect
    return self.loaded_dbapi.connect(*cargs, **cparams)  # type: ignore[no-any-return]  # NOQA: E501
           ~~~~~~~~~~~~~~~~~~~~~~~~~^^^^^^^^^^^^^^^^^^^
  File "D:\Driver C\Desktop\fullstack-internship\backend\job-tracker-backend\.venv\Lib\site-packages\psycopg2\__init__.py", line 135, in connect
    conn = _connect(dsn, connection_factory=connection_factory, **kwasync)
psycopg2.OperationalError: connection to server at "localhost" (::1), port 5432 failed: FATAL:  password authentication failed for user "postgres"


The above exception was the direct cause of the following exception:

Traceback (most recent call last):
  File "D:\Driver C\Desktop\fullstack-internship\backend\job-tracker-backend\.venv\Lib\site-packages\graphql\execution\execute.py", line 562, in execute_field
    result = resolve_fn(source, info, **args)
  File "D:\Driver C\Desktop\fullstack-internship\backend\job-tracker-backend\.venv\Lib\site-packages\strawberry\schema\schema_converter.py", line 1049, in _resolver
    return _get_result_with_extensions(
        _source,
        strawberry_info,
        **kwargs,
    )
  File "D:\Driver C\Desktop\fullstack-internship\backend\job-tracker-backend\.venv\Lib\site-packages\strawberry\schema\schema_converter.py", line 1035, in extension_resolver
    return reduce(
           ~~~~~~~
    ...<2 lines>...
        wrapped_get_result,
        ~~~~~~~~~~~~~~~~~~~
    )(_source, info, **field_kwargs)
    ~^^^^^^^^^^^^^^^^^^^^^^^^^^^^^^^
  File "D:\Driver C\Desktop\fullstack-internship\backend\job-tracker-backend\.venv\Lib\site-packages\strawberry\schema\schema_converter.py", line 1027, in wrapped_get_result
    return _get_result(
        _source,
    ...<2 lines>...
        field_kwargs=kwargs,
    )
  File "D:\Driver C\Desktop\fullstack-internship\backend\job-tracker-backend\.venv\Lib\site-packages\strawberry\schema\schema_converter.py", line 913, in _get_result
    return field.get_result(
           ~~~~~~~~~~~~~~~~^
        _source, info=info, args=field_args, kwargs=field_kwargs
        ^^^^^^^^^^^^^^^^^^^^^^^^^^^^^^^^^^^^^^^^^^^^^^^^^^^^^^^^
    )
    ^
  File "D:\Driver C\Desktop\fullstack-internship\backend\job-tracker-backend\.venv\Lib\site-packages\strawberry\types\field.py", line 232, in get_result
    return self.base_resolver(*args, **kwargs)
           ~~~~~~~~~~~~~~~~~~^^^^^^^^^^^^^^^^^
  File "D:\Driver C\Desktop\fullstack-internship\backend\job-tracker-backend\.venv\Lib\site-packages\strawberry\types\fields\resolver.py", line 238, in __call__
    return self.wrapped_func(*args, **kwargs)
           ~~~~~~~~~~~~~~~~~^^^^^^^^^^^^^^^^^
  File "D:\Driver C\Desktop\fullstack-internship\backend\job-tracker-backend\auth.py", line 10, in login_user
    user = db.query(models.User).filter(user_input.email == models.User.email).first()
  File "D:\Driver C\Desktop\fullstack-internship\backend\job-tracker-backend\.venv\Lib\site-packages\sqlalchemy\orm\query.py", line 2766, in first
    return self.limit(1)._iter().first()  # type: ignore
           ~~~~~~~~~~~~~~~~~~~^^
  File "D:\Driver C\Desktop\fullstack-internship\backend\job-tracker-backend\.venv\Lib\site-packages\sqlalchemy\orm\query.py", line 2864, in _iter
    result: Union[ScalarResult[_T], Result[_T]] = self.session.execute(
                                                  ~~~~~~~~~~~~~~~~~~~~^
        statement,
        ^^^^^^^^^^
        params,
        ^^^^^^^
        execution_options={"_sa_orm_load_options": self.load_options},
        ^^^^^^^^^^^^^^^^^^^^^^^^^^^^^^^^^^^^^^^^^^^^^^^^^^^^^^^^^^^^^^
    )
    ^
  File "D:\Driver C\Desktop\fullstack-internship\backend\job-tracker-backend\.venv\Lib\site-packages\sqlalchemy\orm\session.py", line 2373, in execute
    return self._execute_internal(
           ~~~~~~~~~~~~~~~~~~~~~~^
        statement,
        ^^^^^^^^^^
    ...<4 lines>...
        _add_event=_add_event,
        ^^^^^^^^^^^^^^^^^^^^^^
    )
    ^
  File "D:\Driver C\Desktop\fullstack-internship\backend\job-tracker-backend\.venv\Lib\site-packages\sqlalchemy\orm\session.py", line 2261, in _execute_internal
    conn = self._connection_for_bind(bind)
  File "D:\Driver C\Desktop\fullstack-internship\backend\job-tracker-backend\.venv\Lib\site-packages\sqlalchemy\orm\session.py", line 2113, in _connection_for_bind
    return trans._connection_for_bind(engine, execution_options)
           ~~~~~~~~~~~~~~~~~~~~~~~~~~^^^^^^^^^^^^^^^^^^^^^^^^^^^
  File "<string>", line 2, in _connection_for_bind
  File "D:\Driver C\Desktop\fullstack-internship\backend\job-tracker-backend\.venv\Lib\site-packages\sqlalchemy\orm\state_changes.py", line 137, in _go
    ret_value = fn(self, *arg, **kw)
  File "D:\Driver C\Desktop\fullstack-internship\backend\job-tracker-backend\.venv\Lib\site-packages\sqlalchemy\orm\session.py", line 1191, in _connection_for_bind
    conn = bind.connect()
  File "D:\Driver C\Desktop\fullstack-internship\backend\job-tracker-backend\.venv\Lib\site-packages\sqlalchemy\engine\base.py", line 3295, in connect
    return self._connection_cls(self)
           ~~~~~~~~~~~~~~~~~~~~^^^^^^
  File "D:\Driver C\Desktop\fullstack-internship\backend\job-tracker-backend\.venv\Lib\site-packages\sqlalchemy\engine\base.py", line 146, in __init__
    Connection._handle_dbapi_exception_noconnection(
    ~~~~~~~~~~~~~~~~~~~~~~~~~~~~~~~~~~~~~~~~~~~~~~~^
        err, dialect, engine
        ^^^^^^^^^^^^^^^^^^^^
    )
    ^
  File "D:\Driver C\Desktop\fullstack-internship\backend\job-tracker-backend\.venv\Lib\site-packages\sqlalchemy\engine\base.py", line 2450, in _handle_dbapi_exception_noconnection
    raise sqlalchemy_exception.with_traceback(exc_info[2]) from e
  File "D:\Driver C\Desktop\fullstack-internship\backend\job-tracker-backend\.venv\Lib\site-packages\sqlalchemy\engine\base.py", line 144, in __init__
    self._dbapi_connection = engine.raw_connection()
                             ~~~~~~~~~~~~~~~~~~~~~^^
  File "D:\Driver C\Desktop\fullstack-internship\backend\job-tracker-backend\.venv\Lib\site-packages\sqlalchemy\engine\base.py", line 3319, in raw_connection
    return self.pool.connect()
           ~~~~~~~~~~~~~~~~~^^
  File "D:\Driver C\Desktop\fullstack-internship\backend\job-tracker-backend\.venv\Lib\site-packages\sqlalchemy\pool\base.py", line 448, in connect
    return _ConnectionFairy._checkout(self)
           ~~~~~~~~~~~~~~~~~~~~~~~~~~^^^^^^
  File "D:\Driver C\Desktop\fullstack-internship\backend\job-tracker-backend\.venv\Lib\site-packages\sqlalchemy\pool\base.py", line 1272, in _checkout
    fairy = _ConnectionRecord.checkout(pool)
  File "D:\Driver C\Desktop\fullstack-internship\backend\job-tracker-backend\.venv\Lib\site-packages\sqlalchemy\pool\base.py", line 712, in checkout
    rec = pool._do_get()
  File "D:\Driver C\Desktop\fullstack-internship\backend\job-tracker-backend\.venv\Lib\site-packages\sqlalchemy\pool\impl.py", line 178, in _do_get
    with util.safe_reraise():
         ~~~~~~~~~~~~~~~~~^^
  File "D:\Driver C\Desktop\fullstack-internship\backend\job-tracker-backend\.venv\Lib\site-packages\sqlalchemy\util\langhelpers.py", line 122, in __exit__
    raise exc_value.with_traceback(exc_tb)
  File "D:\Driver C\Desktop\fullstack-internship\backend\job-tracker-backend\.venv\Lib\site-packages\sqlalchemy\pool\impl.py", line 176, in _do_get
    return self._create_connection()
           ~~~~~~~~~~~~~~~~~~~~~~~^^
  File "D:\Driver C\Desktop\fullstack-internship\backend\job-tracker-backend\.venv\Lib\site-packages\sqlalchemy\pool\base.py", line 389, in _create_connection
    return _ConnectionRecord(self)
  File "D:\Driver C\Desktop\fullstack-internship\backend\job-tracker-backend\.venv\Lib\site-packages\sqlalchemy\pool\base.py", line 674, in __init__
    self.__connect()
    ~~~~~~~~~~~~~~^^
  File "D:\Driver C\Desktop\fullstack-internship\backend\job-tracker-backend\.venv\Lib\site-packages\sqlalchemy\pool\base.py", line 900, in __connect
    with util.safe_reraise():
         ~~~~~~~~~~~~~~~~~^^
  File "D:\Driver C\Desktop\fullstack-internship\backend\job-tracker-backend\.venv\Lib\site-packages\sqlalchemy\util\langhelpers.py", line 122, in __exit__
    raise exc_value.with_traceback(exc_tb)
  File "D:\Driver C\Desktop\fullstack-internship\backend\job-tracker-backend\.venv\Lib\site-packages\sqlalchemy\pool\base.py", line 896, in __connect
    self.dbapi_connection = connection = pool._invoke_creator(self)
                                         ~~~~~~~~~~~~~~~~~~~~^^^^^^
  File "D:\Driver C\Desktop\fullstack-internship\backend\job-tracker-backend\.venv\Lib\site-packages\sqlalchemy\engine\create.py", line 667, in connect
    return dialect.connect(*cargs_tup, **cparams)
           ~~~~~~~~~~~~~~~^^^^^^^^^^^^^^^^^^^^^^^
  File "D:\Driver C\Desktop\fullstack-internship\backend\job-tracker-backend\.venv\Lib\site-packages\sqlalchemy\engine\default.py", line 630, in connect
    return self.loaded_dbapi.connect(*cargs, **cparams)  # type: ignore[no-any-return]  # NOQA: E501
           ~~~~~~~~~~~~~~~~~~~~~~~~~^^^^^^^^^^^^^^^^^^^
  File "D:\Driver C\Desktop\fullstack-internship\backend\job-tracker-backend\.venv\Lib\site-packages\psycopg2\__init__.py", line 135, in connect
    conn = _connect(dsn, connection_factory=connection_factory, **kwasync)
sqlalchemy.exc.OperationalError: (psycopg2.OperationalError) connection to server at "localhost" (::1), port 5432 failed: FATAL:  password authentication failed for user "postgres"

(Background on this error at: https://sqlalche.me/e/20/e3q8)
INFO:     127.0.0.1:58111 - "POST /graphql HTTP/1.1" 200 OK
INFO:     127.0.0.1:58111 - "OPTIONS /graphql HTTP/1.1" 200 OK
(psycopg2.OperationalError) connection to server at "localhost" (::1), port 5432 failed: FATAL:  password authentication failed for user "postgres"

(Background on this error at: https://sqlalche.me/e/20/e3q8)

GraphQL request:2:3
1 | mutation LoginUser($userInput: UserLogin!) {
2 |   loginUser(userInput: $userInput) {
  |   ^
3 |     accessToken
Traceback (most recent call last):
  File "D:\Driver C\Desktop\fullstack-internship\backend\job-tracker-backend\.venv\Lib\site-packages\sqlalchemy\engine\base.py", line 144, in __init__
    self._dbapi_connection = engine.raw_connection()
                             ~~~~~~~~~~~~~~~~~~~~~^^
  File "D:\Driver C\Desktop\fullstack-internship\backend\job-tracker-backend\.venv\Lib\site-packages\sqlalchemy\engine\base.py", line 3319, in raw_connection
    return self.pool.connect()
           ~~~~~~~~~~~~~~~~~^^
  File "D:\Driver C\Desktop\fullstack-internship\backend\job-tracker-backend\.venv\Lib\site-packages\sqlalchemy\pool\base.py", line 448, in connect
    return _ConnectionFairy._checkout(self)
           ~~~~~~~~~~~~~~~~~~~~~~~~~~^^^^^^
  File "D:\Driver C\Desktop\fullstack-internship\backend\job-tracker-backend\.venv\Lib\site-packages\sqlalchemy\pool\base.py", line 1272, in _checkout
    fairy = _ConnectionRecord.checkout(pool)
  File "D:\Driver C\Desktop\fullstack-internship\backend\job-tracker-backend\.venv\Lib\site-packages\sqlalchemy\pool\base.py", line 712, in checkout
    rec = pool._do_get()
  File "D:\Driver C\Desktop\fullstack-internship\backend\job-tracker-backend\.venv\Lib\site-packages\sqlalchemy\pool\impl.py", line 178, in _do_get
    with util.safe_reraise():
         ~~~~~~~~~~~~~~~~~^^
  File "D:\Driver C\Desktop\fullstack-internship\backend\job-tracker-backend\.venv\Lib\site-packages\sqlalchemy\util\langhelpers.py", line 122, in __exit__
    raise exc_value.with_traceback(exc_tb)
  File "D:\Driver C\Desktop\fullstack-internship\backend\job-tracker-backend\.venv\Lib\site-packages\sqlalchemy\pool\impl.py", line 176, in _do_get
    return self._create_connection()
           ~~~~~~~~~~~~~~~~~~~~~~~^^
  File "D:\Driver C\Desktop\fullstack-internship\backend\job-tracker-backend\.venv\Lib\site-packages\sqlalchemy\pool\base.py", line 389, in _create_connection
    return _ConnectionRecord(self)
  File "D:\Driver C\Desktop\fullstack-internship\backend\job-tracker-backend\.venv\Lib\site-packages\sqlalchemy\pool\base.py", line 674, in __init__
    self.__connect()
    ~~~~~~~~~~~~~~^^
  File "D:\Driver C\Desktop\fullstack-internship\backend\job-tracker-backend\.venv\Lib\site-packages\sqlalchemy\pool\base.py", line 900, in __connect
    with util.safe_reraise():
         ~~~~~~~~~~~~~~~~~^^
  File "D:\Driver C\Desktop\fullstack-internship\backend\job-tracker-backend\.venv\Lib\site-packages\sqlalchemy\util\langhelpers.py", line 122, in __exit__
    raise exc_value.with_traceback(exc_tb)
  File "D:\Driver C\Desktop\fullstack-internship\backend\job-tracker-backend\.venv\Lib\site-packages\sqlalchemy\pool\base.py", line 896, in __connect
    self.dbapi_connection = connection = pool._invoke_creator(self)
                                         ~~~~~~~~~~~~~~~~~~~~^^^^^^
  File "D:\Driver C\Desktop\fullstack-internship\backend\job-tracker-backend\.venv\Lib\site-packages\sqlalchemy\engine\create.py", line 667, in connect
    return dialect.connect(*cargs_tup, **cparams)
           ~~~~~~~~~~~~~~~^^^^^^^^^^^^^^^^^^^^^^^
  File "D:\Driver C\Desktop\fullstack-internship\backend\job-tracker-backend\.venv\Lib\site-packages\sqlalchemy\engine\default.py", line 630, in connect
    return self.loaded_dbapi.connect(*cargs, **cparams)  # type: ignore[no-any-return]  # NOQA: E501
           ~~~~~~~~~~~~~~~~~~~~~~~~~^^^^^^^^^^^^^^^^^^^
  File "D:\Driver C\Desktop\fullstack-internship\backend\job-tracker-backend\.venv\Lib\site-packages\psycopg2\__init__.py", line 135, in connect
    conn = _connect(dsn, connection_factory=connection_factory, **kwasync)
psycopg2.OperationalError: connection to server at "localhost" (::1), port 5432 failed: FATAL:  password authentication failed for user "postgres"


The above exception was the direct cause of the following exception:

Traceback (most recent call last):
  File "D:\Driver C\Desktop\fullstack-internship\backend\job-tracker-backend\.venv\Lib\site-packages\graphql\execution\execute.py", line 562, in execute_field
    result = resolve_fn(source, info, **args)
  File "D:\Driver C\Desktop\fullstack-internship\backend\job-tracker-backend\.venv\Lib\site-packages\strawberry\schema\schema_converter.py", line 1049, in _resolver
    return _get_result_with_extensions(
        _source,
        strawberry_info,
        **kwargs,
    )
  File "D:\Driver C\Desktop\fullstack-internship\backend\job-tracker-backend\.venv\Lib\site-packages\strawberry\schema\schema_converter.py", line 1035, in extension_resolver
    return reduce(
           ~~~~~~~
    ...<2 lines>...
        wrapped_get_result,
        ~~~~~~~~~~~~~~~~~~~
    )(_source, info, **field_kwargs)
    ~^^^^^^^^^^^^^^^^^^^^^^^^^^^^^^^
  File "D:\Driver C\Desktop\fullstack-internship\backend\job-tracker-backend\.venv\Lib\site-packages\strawberry\schema\schema_converter.py", line 1027, in wrapped_get_result
    return _get_result(
        _source,
    ...<2 lines>...
        field_kwargs=kwargs,
    )
  File "D:\Driver C\Desktop\fullstack-internship\backend\job-tracker-backend\.venv\Lib\site-packages\strawberry\schema\schema_converter.py", line 913, in _get_result
    return field.get_result(
           ~~~~~~~~~~~~~~~~^
        _source, info=info, args=field_args, kwargs=field_kwargs
        ^^^^^^^^^^^^^^^^^^^^^^^^^^^^^^^^^^^^^^^^^^^^^^^^^^^^^^^^
    )
    ^
  File "D:\Driver C\Desktop\fullstack-internship\backend\job-tracker-backend\.venv\Lib\site-packages\strawberry\types\field.py", line 232, in get_result
    return self.base_resolver(*args, **kwargs)
           ~~~~~~~~~~~~~~~~~~^^^^^^^^^^^^^^^^^
  File "D:\Driver C\Desktop\fullstack-internship\backend\job-tracker-backend\.venv\Lib\site-packages\strawberry\types\fields\resolver.py", line 238, in __call__
    return self.wrapped_func(*args, **kwargs)
           ~~~~~~~~~~~~~~~~~^^^^^^^^^^^^^^^^^
  File "D:\Driver C\Desktop\fullstack-internship\backend\job-tracker-backend\auth.py", line 10, in login_user
    user = db.query(models.User).filter(user_input.email == models.User.email).first()
  File "D:\Driver C\Desktop\fullstack-internship\backend\job-tracker-backend\.venv\Lib\site-packages\sqlalchemy\orm\query.py", line 2766, in first
    return self.limit(1)._iter().first()  # type: ignore
           ~~~~~~~~~~~~~~~~~~~^^
  File "D:\Driver C\Desktop\fullstack-internship\backend\job-tracker-backend\.venv\Lib\site-packages\sqlalchemy\orm\query.py", line 2864, in _iter
    result: Union[ScalarResult[_T], Result[_T]] = self.session.execute(
                                                  ~~~~~~~~~~~~~~~~~~~~^
        statement,
        ^^^^^^^^^^
        params,
        ^^^^^^^
        execution_options={"_sa_orm_load_options": self.load_options},
        ^^^^^^^^^^^^^^^^^^^^^^^^^^^^^^^^^^^^^^^^^^^^^^^^^^^^^^^^^^^^^^
    )
    ^
  File "D:\Driver C\Desktop\fullstack-internship\backend\job-tracker-backend\.venv\Lib\site-packages\sqlalchemy\orm\session.py", line 2373, in execute
    return self._execute_internal(
           ~~~~~~~~~~~~~~~~~~~~~~^
        statement,
        ^^^^^^^^^^
    ...<4 lines>...
        _add_event=_add_event,
        ^^^^^^^^^^^^^^^^^^^^^^
    )
    ^
  File "D:\Driver C\Desktop\fullstack-internship\backend\job-tracker-backend\.venv\Lib\site-packages\sqlalchemy\orm\session.py", line 2261, in _execute_internal
    conn = self._connection_for_bind(bind)
  File "D:\Driver C\Desktop\fullstack-internship\backend\job-tracker-backend\.venv\Lib\site-packages\sqlalchemy\orm\session.py", line 2113, in _connection_for_bind
    return trans._connection_for_bind(engine, execution_options)
           ~~~~~~~~~~~~~~~~~~~~~~~~~~^^^^^^^^^^^^^^^^^^^^^^^^^^^
  File "<string>", line 2, in _connection_for_bind
  File "D:\Driver C\Desktop\fullstack-internship\backend\job-tracker-backend\.venv\Lib\site-packages\sqlalchemy\orm\state_changes.py", line 137, in _go
    ret_value = fn(self, *arg, **kw)
  File "D:\Driver C\Desktop\fullstack-internship\backend\job-tracker-backend\.venv\Lib\site-packages\sqlalchemy\orm\session.py", line 1191, in _connection_for_bind
    conn = bind.connect()
  File "D:\Driver C\Desktop\fullstack-internship\backend\job-tracker-backend\.venv\Lib\site-packages\sqlalchemy\engine\base.py", line 3295, in connect
    return self._connection_cls(self)
           ~~~~~~~~~~~~~~~~~~~~^^^^^^
  File "D:\Driver C\Desktop\fullstack-internship\backend\job-tracker-backend\.venv\Lib\site-packages\sqlalchemy\engine\base.py", line 146, in __init__
    Connection._handle_dbapi_exception_noconnection(
    ~~~~~~~~~~~~~~~~~~~~~~~~~~~~~~~~~~~~~~~~~~~~~~~^
        err, dialect, engine
        ^^^^^^^^^^^^^^^^^^^^
    )
    ^
  File "D:\Driver C\Desktop\fullstack-internship\backend\job-tracker-backend\.venv\Lib\site-packages\sqlalchemy\engine\base.py", line 2450, in _handle_dbapi_exception_noconnection
    raise sqlalchemy_exception.with_traceback(exc_info[2]) from e
  File "D:\Driver C\Desktop\fullstack-internship\backend\job-tracker-backend\.venv\Lib\site-packages\sqlalchemy\engine\base.py", line 144, in __init__
    self._dbapi_connection = engine.raw_connection()
                             ~~~~~~~~~~~~~~~~~~~~~^^
  File "D:\Driver C\Desktop\fullstack-internship\backend\job-tracker-backend\.venv\Lib\site-packages\sqlalchemy\engine\base.py", line 3319, in raw_connection
    return self.pool.connect()
           ~~~~~~~~~~~~~~~~~^^
  File "D:\Driver C\Desktop\fullstack-internship\backend\job-tracker-backend\.venv\Lib\site-packages\sqlalchemy\pool\base.py", line 448, in connect
    return _ConnectionFairy._checkout(self)
           ~~~~~~~~~~~~~~~~~~~~~~~~~~^^^^^^
  File "D:\Driver C\Desktop\fullstack-internship\backend\job-tracker-backend\.venv\Lib\site-packages\sqlalchemy\pool\base.py", line 1272, in _checkout
    fairy = _ConnectionRecord.checkout(pool)
  File "D:\Driver C\Desktop\fullstack-internship\backend\job-tracker-backend\.venv\Lib\site-packages\sqlalchemy\pool\base.py", line 712, in checkout
    rec = pool._do_get()
  File "D:\Driver C\Desktop\fullstack-internship\backend\job-tracker-backend\.venv\Lib\site-packages\sqlalchemy\pool\impl.py", line 178, in _do_get
    with util.safe_reraise():
         ~~~~~~~~~~~~~~~~~^^
  File "D:\Driver C\Desktop\fullstack-internship\backend\job-tracker-backend\.venv\Lib\site-packages\sqlalchemy\util\langhelpers.py", line 122, in __exit__
    raise exc_value.with_traceback(exc_tb)
  File "D:\Driver C\Desktop\fullstack-internship\backend\job-tracker-backend\.venv\Lib\site-packages\sqlalchemy\pool\impl.py", line 176, in _do_get
    return self._create_connection()
           ~~~~~~~~~~~~~~~~~~~~~~~^^
  File "D:\Driver C\Desktop\fullstack-internship\backend\job-tracker-backend\.venv\Lib\site-packages\sqlalchemy\pool\base.py", line 389, in _create_connection
    return _ConnectionRecord(self)
  File "D:\Driver C\Desktop\fullstack-internship\backend\job-tracker-backend\.venv\Lib\site-packages\sqlalchemy\pool\base.py", line 674, in __init__
    self.__connect()
    ~~~~~~~~~~~~~~^^
  File "D:\Driver C\Desktop\fullstack-internship\backend\job-tracker-backend\.venv\Lib\site-packages\sqlalchemy\pool\base.py", line 900, in __connect
    with util.safe_reraise():
         ~~~~~~~~~~~~~~~~~^^
  File "D:\Driver C\Desktop\fullstack-internship\backend\job-tracker-backend\.venv\Lib\site-packages\sqlalchemy\util\langhelpers.py", line 122, in __exit__
    raise exc_value.with_traceback(exc_tb)
  File "D:\Driver C\Desktop\fullstack-internship\backend\job-tracker-backend\.venv\Lib\site-packages\sqlalchemy\pool\base.py", line 896, in __connect
    self.dbapi_connection = connection = pool._invoke_creator(self)
                                         ~~~~~~~~~~~~~~~~~~~~^^^^^^
  File "D:\Driver C\Desktop\fullstack-internship\backend\job-tracker-backend\.venv\Lib\site-packages\sqlalchemy\engine\create.py", line 667, in connect
    return dialect.connect(*cargs_tup, **cparams)
           ~~~~~~~~~~~~~~~^^^^^^^^^^^^^^^^^^^^^^^
  File "D:\Driver C\Desktop\fullstack-internship\backend\job-tracker-backend\.venv\Lib\site-packages\sqlalchemy\engine\default.py", line 630, in connect
    return self.loaded_dbapi.connect(*cargs, **cparams)  # type: ignore[no-any-return]  # NOQA: E501
           ~~~~~~~~~~~~~~~~~~~~~~~~~^^^^^^^^^^^^^^^^^^^
  File "D:\Driver C\Desktop\fullstack-internship\backend\job-tracker-backend\.venv\Lib\site-packages\psycopg2\__init__.py", line 135, in connect
    conn = _connect(dsn, connection_factory=connection_factory, **kwasync)
sqlalchemy.exc.OperationalError: (psycopg2.OperationalError) connection to server at "localhost" (::1), port 5432 failed: FATAL:  password authentication failed for user "postgres"

(Background on this error at: https://sqlalche.me/e/20/e3q8)
INFO:     127.0.0.1:58110 - "POST /graphql HTTP/1.1" 200 OK
INFO:     127.0.0.1:58111 - "OPTIONS /graphql HTTP/1.1" 200 OK
(psycopg2.OperationalError) connection to server at "localhost" (::1), port 5432 failed: FATAL:  password authentication failed for user "postgres"

(Background on this error at: https://sqlalche.me/e/20/e3q8)

GraphQL request:2:3
1 | mutation LoginUser($userInput: UserLogin!) {
2 |   loginUser(userInput: $userInput) {
  |   ^
3 |     accessToken
Traceback (most recent call last):
  File "D:\Driver C\Desktop\fullstack-internship\backend\job-tracker-backend\.venv\Lib\site-packages\sqlalchemy\engine\base.py", line 144, in __init__
    self._dbapi_connection = engine.raw_connection()
                             ~~~~~~~~~~~~~~~~~~~~~^^
  File "D:\Driver C\Desktop\fullstack-internship\backend\job-tracker-backend\.venv\Lib\site-packages\sqlalchemy\engine\base.py", line 3319, in raw_connection
    return self.pool.connect()
           ~~~~~~~~~~~~~~~~~^^
  File "D:\Driver C\Desktop\fullstack-internship\backend\job-tracker-backend\.venv\Lib\site-packages\sqlalchemy\pool\base.py", line 448, in connect
    return _ConnectionFairy._checkout(self)
           ~~~~~~~~~~~~~~~~~~~~~~~~~~^^^^^^
  File "D:\Driver C\Desktop\fullstack-internship\backend\job-tracker-backend\.venv\Lib\site-packages\sqlalchemy\pool\base.py", line 1272, in _checkout
    fairy = _ConnectionRecord.checkout(pool)
  File "D:\Driver C\Desktop\fullstack-internship\backend\job-tracker-backend\.venv\Lib\site-packages\sqlalchemy\pool\base.py", line 712, in checkout
    rec = pool._do_get()
  File "D:\Driver C\Desktop\fullstack-internship\backend\job-tracker-backend\.venv\Lib\site-packages\sqlalchemy\pool\impl.py", line 178, in _do_get
    with util.safe_reraise():
         ~~~~~~~~~~~~~~~~~^^
  File "D:\Driver C\Desktop\fullstack-internship\backend\job-tracker-backend\.venv\Lib\site-packages\sqlalchemy\util\langhelpers.py", line 122, in __exit__
    raise exc_value.with_traceback(exc_tb)
  File "D:\Driver C\Desktop\fullstack-internship\backend\job-tracker-backend\.venv\Lib\site-packages\sqlalchemy\pool\impl.py", line 176, in _do_get
    return self._create_connection()
           ~~~~~~~~~~~~~~~~~~~~~~~^^
  File "D:\Driver C\Desktop\fullstack-internship\backend\job-tracker-backend\.venv\Lib\site-packages\sqlalchemy\pool\base.py", line 389, in _create_connection
    return _ConnectionRecord(self)
  File "D:\Driver C\Desktop\fullstack-internship\backend\job-tracker-backend\.venv\Lib\site-packages\sqlalchemy\pool\base.py", line 674, in __init__
    self.__connect()
    ~~~~~~~~~~~~~~^^
  File "D:\Driver C\Desktop\fullstack-internship\backend\job-tracker-backend\.venv\Lib\site-packages\sqlalchemy\pool\base.py", line 900, in __connect
    with util.safe_reraise():
         ~~~~~~~~~~~~~~~~~^^
  File "D:\Driver C\Desktop\fullstack-internship\backend\job-tracker-backend\.venv\Lib\site-packages\sqlalchemy\util\langhelpers.py", line 122, in __exit__
    raise exc_value.with_traceback(exc_tb)
  File "D:\Driver C\Desktop\fullstack-internship\backend\job-tracker-backend\.venv\Lib\site-packages\sqlalchemy\pool\base.py", line 896, in __connect
    self.dbapi_connection = connection = pool._invoke_creator(self)
                                         ~~~~~~~~~~~~~~~~~~~~^^^^^^
  File "D:\Driver C\Desktop\fullstack-internship\backend\job-tracker-backend\.venv\Lib\site-packages\sqlalchemy\engine\create.py", line 667, in connect
    return dialect.connect(*cargs_tup, **cparams)
           ~~~~~~~~~~~~~~~^^^^^^^^^^^^^^^^^^^^^^^
  File "D:\Driver C\Desktop\fullstack-internship\backend\job-tracker-backend\.venv\Lib\site-packages\sqlalchemy\engine\default.py", line 630, in connect
    return self.loaded_dbapi.connect(*cargs, **cparams)  # type: ignore[no-any-return]  # NOQA: E501
           ~~~~~~~~~~~~~~~~~~~~~~~~~^^^^^^^^^^^^^^^^^^^
  File "D:\Driver C\Desktop\fullstack-internship\backend\job-tracker-backend\.venv\Lib\site-packages\psycopg2\__init__.py", line 135, in connect
    conn = _connect(dsn, connection_factory=connection_factory, **kwasync)
psycopg2.OperationalError: connection to server at "localhost" (::1), port 5432 failed: FATAL:  password authentication failed for user "postgres"


The above exception was the direct cause of the following exception:

Traceback (most recent call last):
  File "D:\Driver C\Desktop\fullstack-internship\backend\job-tracker-backend\.venv\Lib\site-packages\graphql\execution\execute.py", line 562, in execute_field
    result = resolve_fn(source, info, **args)
  File "D:\Driver C\Desktop\fullstack-internship\backend\job-tracker-backend\.venv\Lib\site-packages\strawberry\schema\schema_converter.py", line 1049, in _resolver
    return _get_result_with_extensions(
        _source,
        strawberry_info,
        **kwargs,
    )
  File "D:\Driver C\Desktop\fullstack-internship\backend\job-tracker-backend\.venv\Lib\site-packages\strawberry\schema\schema_converter.py", line 1035, in extension_resolver
    return reduce(
           ~~~~~~~
    ...<2 lines>...
        wrapped_get_result,
        ~~~~~~~~~~~~~~~~~~~
    )(_source, info, **field_kwargs)
    ~^^^^^^^^^^^^^^^^^^^^^^^^^^^^^^^
  File "D:\Driver C\Desktop\fullstack-internship\backend\job-tracker-backend\.venv\Lib\site-packages\strawberry\schema\schema_converter.py", line 1027, in wrapped_get_result
    return _get_result(
        _source,
    ...<2 lines>...
        field_kwargs=kwargs,
    )
  File "D:\Driver C\Desktop\fullstack-internship\backend\job-tracker-backend\.venv\Lib\site-packages\strawberry\schema\schema_converter.py", line 913, in _get_result
    return field.get_result(
           ~~~~~~~~~~~~~~~~^
        _source, info=info, args=field_args, kwargs=field_kwargs
        ^^^^^^^^^^^^^^^^^^^^^^^^^^^^^^^^^^^^^^^^^^^^^^^^^^^^^^^^
    )
    ^
  File "D:\Driver C\Desktop\fullstack-internship\backend\job-tracker-backend\.venv\Lib\site-packages\strawberry\types\field.py", line 232, in get_result
    return self.base_resolver(*args, **kwargs)
           ~~~~~~~~~~~~~~~~~~^^^^^^^^^^^^^^^^^
  File "D:\Driver C\Desktop\fullstack-internship\backend\job-tracker-backend\.venv\Lib\site-packages\strawberry\types\fields\resolver.py", line 238, in __call__
    return self.wrapped_func(*args, **kwargs)
           ~~~~~~~~~~~~~~~~~^^^^^^^^^^^^^^^^^
  File "D:\Driver C\Desktop\fullstack-internship\backend\job-tracker-backend\auth.py", line 10, in login_user
    user = db.query(models.User).filter(user_input.email == models.User.email).first()
  File "D:\Driver C\Desktop\fullstack-internship\backend\job-tracker-backend\.venv\Lib\site-packages\sqlalchemy\orm\query.py", line 2766, in first
    return self.limit(1)._iter().first()  # type: ignore
           ~~~~~~~~~~~~~~~~~~~^^
  File "D:\Driver C\Desktop\fullstack-internship\backend\job-tracker-backend\.venv\Lib\site-packages\sqlalchemy\orm\query.py", line 2864, in _iter
    result: Union[ScalarResult[_T], Result[_T]] = self.session.execute(
                                                  ~~~~~~~~~~~~~~~~~~~~^
        statement,
        ^^^^^^^^^^
        params,
        ^^^^^^^
        execution_options={"_sa_orm_load_options": self.load_options},
        ^^^^^^^^^^^^^^^^^^^^^^^^^^^^^^^^^^^^^^^^^^^^^^^^^^^^^^^^^^^^^^
    )
    ^
  File "D:\Driver C\Desktop\fullstack-internship\backend\job-tracker-backend\.venv\Lib\site-packages\sqlalchemy\orm\session.py", line 2373, in execute
    return self._execute_internal(
           ~~~~~~~~~~~~~~~~~~~~~~^
        statement,
        ^^^^^^^^^^
    ...<4 lines>...
        _add_event=_add_event,
        ^^^^^^^^^^^^^^^^^^^^^^
    )
    ^
  File "D:\Driver C\Desktop\fullstack-internship\backend\job-tracker-backend\.venv\Lib\site-packages\sqlalchemy\orm\session.py", line 2261, in _execute_internal
    conn = self._connection_for_bind(bind)
  File "D:\Driver C\Desktop\fullstack-internship\backend\job-tracker-backend\.venv\Lib\site-packages\sqlalchemy\orm\session.py", line 2113, in _connection_for_bind
    return trans._connection_for_bind(engine, execution_options)
           ~~~~~~~~~~~~~~~~~~~~~~~~~~^^^^^^^^^^^^^^^^^^^^^^^^^^^
  File "<string>", line 2, in _connection_for_bind
  File "D:\Driver C\Desktop\fullstack-internship\backend\job-tracker-backend\.venv\Lib\site-packages\sqlalchemy\orm\state_changes.py", line 137, in _go
    ret_value = fn(self, *arg, **kw)
  File "D:\Driver C\Desktop\fullstack-internship\backend\job-tracker-backend\.venv\Lib\site-packages\sqlalchemy\orm\session.py", line 1191, in _connection_for_bind
    conn = bind.connect()
  File "D:\Driver C\Desktop\fullstack-internship\backend\job-tracker-backend\.venv\Lib\site-packages\sqlalchemy\engine\base.py", line 3295, in connect
    return self._connection_cls(self)
           ~~~~~~~~~~~~~~~~~~~~^^^^^^
  File "D:\Driver C\Desktop\fullstack-internship\backend\job-tracker-backend\.venv\Lib\site-packages\sqlalchemy\engine\base.py", line 146, in __init__
    Connection._handle_dbapi_exception_noconnection(
    ~~~~~~~~~~~~~~~~~~~~~~~~~~~~~~~~~~~~~~~~~~~~~~~^
        err, dialect, engine
        ^^^^^^^^^^^^^^^^^^^^
    )
    ^
  File "D:\Driver C\Desktop\fullstack-internship\backend\job-tracker-backend\.venv\Lib\site-packages\sqlalchemy\engine\base.py", line 2450, in _handle_dbapi_exception_noconnection
    raise sqlalchemy_exception.with_traceback(exc_info[2]) from e
  File "D:\Driver C\Desktop\fullstack-internship\backend\job-tracker-backend\.venv\Lib\site-packages\sqlalchemy\engine\base.py", line 144, in __init__
    self._dbapi_connection = engine.raw_connection()
                             ~~~~~~~~~~~~~~~~~~~~~^^
  File "D:\Driver C\Desktop\fullstack-internship\backend\job-tracker-backend\.venv\Lib\site-packages\sqlalchemy\engine\base.py", line 3319, in raw_connection
    return self.pool.connect()
           ~~~~~~~~~~~~~~~~~^^
  File "D:\Driver C\Desktop\fullstack-internship\backend\job-tracker-backend\.venv\Lib\site-packages\sqlalchemy\pool\base.py", line 448, in connect
    return _ConnectionFairy._checkout(self)
           ~~~~~~~~~~~~~~~~~~~~~~~~~~^^^^^^
  File "D:\Driver C\Desktop\fullstack-internship\backend\job-tracker-backend\.venv\Lib\site-packages\sqlalchemy\pool\base.py", line 1272, in _checkout
    fairy = _ConnectionRecord.checkout(pool)
  File "D:\Driver C\Desktop\fullstack-internship\backend\job-tracker-backend\.venv\Lib\site-packages\sqlalchemy\pool\base.py", line 712, in checkout
    rec = pool._do_get()
  File "D:\Driver C\Desktop\fullstack-internship\backend\job-tracker-backend\.venv\Lib\site-packages\sqlalchemy\pool\impl.py", line 178, in _do_get
    with util.safe_reraise():
         ~~~~~~~~~~~~~~~~~^^
  File "D:\Driver C\Desktop\fullstack-internship\backend\job-tracker-backend\.venv\Lib\site-packages\sqlalchemy\util\langhelpers.py", line 122, in __exit__
    raise exc_value.with_traceback(exc_tb)
  File "D:\Driver C\Desktop\fullstack-internship\backend\job-tracker-backend\.venv\Lib\site-packages\sqlalchemy\pool\impl.py", line 176, in _do_get
    return self._create_connection()
           ~~~~~~~~~~~~~~~~~~~~~~~^^
  File "D:\Driver C\Desktop\fullstack-internship\backend\job-tracker-backend\.venv\Lib\site-packages\sqlalchemy\pool\base.py", line 389, in _create_connection
    return _ConnectionRecord(self)
  File "D:\Driver C\Desktop\fullstack-internship\backend\job-tracker-backend\.venv\Lib\site-packages\sqlalchemy\pool\base.py", line 674, in __init__
    self.__connect()
    ~~~~~~~~~~~~~~^^
  File "D:\Driver C\Desktop\fullstack-internship\backend\job-tracker-backend\.venv\Lib\site-packages\sqlalchemy\pool\base.py", line 900, in __connect
    with util.safe_reraise():
         ~~~~~~~~~~~~~~~~~^^
  File "D:\Driver C\Desktop\fullstack-internship\backend\job-tracker-backend\.venv\Lib\site-packages\sqlalchemy\util\langhelpers.py", line 122, in __exit__
    raise exc_value.with_traceback(exc_tb)
  File "D:\Driver C\Desktop\fullstack-internship\backend\job-tracker-backend\.venv\Lib\site-packages\sqlalchemy\pool\base.py", line 896, in __connect
    self.dbapi_connection = connection = pool._invoke_creator(self)
                                         ~~~~~~~~~~~~~~~~~~~~^^^^^^
  File "D:\Driver C\Desktop\fullstack-internship\backend\job-tracker-backend\.venv\Lib\site-packages\sqlalchemy\engine\create.py", line 667, in connect
    return dialect.connect(*cargs_tup, **cparams)
           ~~~~~~~~~~~~~~~^^^^^^^^^^^^^^^^^^^^^^^
  File "D:\Driver C\Desktop\fullstack-internship\backend\job-tracker-backend\.venv\Lib\site-packages\sqlalchemy\engine\default.py", line 630, in connect
    return self.loaded_dbapi.connect(*cargs, **cparams)  # type: ignore[no-any-return]  # NOQA: E501
           ~~~~~~~~~~~~~~~~~~~~~~~~~^^^^^^^^^^^^^^^^^^^
  File "D:\Driver C\Desktop\fullstack-internship\backend\job-tracker-backend\.venv\Lib\site-packages\psycopg2\__init__.py", line 135, in connect
    conn = _connect(dsn, connection_factory=connection_factory, **kwasync)
sqlalchemy.exc.OperationalError: (psycopg2.OperationalError) connection to server at "localhost" (::1), port 5432 failed: FATAL:  password authentication failed for user "postgres"

(Background on this error at: https://sqlalche.me/e/20/e3q8)
INFO:     127.0.0.1:58110 - "POST /graphql HTTP/1.1" 200 OK
(psycopg2.OperationalError) connection to server at "localhost" (::1), port 5432 failed: FATAL:  password authentication failed for user "postgres"

(Background on this error at: https://sqlalche.me/e/20/e3q8)

GraphQL request:2:5
1 | mutation{
2 |     loginUser(userInput:
  |     ^
3 |      {
Traceback (most recent call last):
  File "D:\Driver C\Desktop\fullstack-internship\backend\job-tracker-backend\.venv\Lib\site-packages\sqlalchemy\engine\base.py", line 144, in __init__
    self._dbapi_connection = engine.raw_connection()
                             ~~~~~~~~~~~~~~~~~~~~~^^
  File "D:\Driver C\Desktop\fullstack-internship\backend\job-tracker-backend\.venv\Lib\site-packages\sqlalchemy\engine\base.py", line 3319, in raw_connection
    return self.pool.connect()
           ~~~~~~~~~~~~~~~~~^^
  File "D:\Driver C\Desktop\fullstack-internship\backend\job-tracker-backend\.venv\Lib\site-packages\sqlalchemy\pool\base.py", line 448, in connect
    return _ConnectionFairy._checkout(self)
           ~~~~~~~~~~~~~~~~~~~~~~~~~~^^^^^^
  File "D:\Driver C\Desktop\fullstack-internship\backend\job-tracker-backend\.venv\Lib\site-packages\sqlalchemy\pool\base.py", line 1272, in _checkout
    fairy = _ConnectionRecord.checkout(pool)
  File "D:\Driver C\Desktop\fullstack-internship\backend\job-tracker-backend\.venv\Lib\site-packages\sqlalchemy\pool\base.py", line 712, in checkout
    rec = pool._do_get()
  File "D:\Driver C\Desktop\fullstack-internship\backend\job-tracker-backend\.venv\Lib\site-packages\sqlalchemy\pool\impl.py", line 178, in _do_get
    with util.safe_reraise():
         ~~~~~~~~~~~~~~~~~^^
  File "D:\Driver C\Desktop\fullstack-internship\backend\job-tracker-backend\.venv\Lib\site-packages\sqlalchemy\util\langhelpers.py", line 122, in __exit__
    raise exc_value.with_traceback(exc_tb)
  File "D:\Driver C\Desktop\fullstack-internship\backend\job-tracker-backend\.venv\Lib\site-packages\sqlalchemy\pool\impl.py", line 176, in _do_get
    return self._create_connection()
           ~~~~~~~~~~~~~~~~~~~~~~~^^
  File "D:\Driver C\Desktop\fullstack-internship\backend\job-tracker-backend\.venv\Lib\site-packages\sqlalchemy\pool\base.py", line 389, in _create_connection
    return _ConnectionRecord(self)
  File "D:\Driver C\Desktop\fullstack-internship\backend\job-tracker-backend\.venv\Lib\site-packages\sqlalchemy\pool\base.py", line 674, in __init__
    self.__connect()
    ~~~~~~~~~~~~~~^^
  File "D:\Driver C\Desktop\fullstack-internship\backend\job-tracker-backend\.venv\Lib\site-packages\sqlalchemy\pool\base.py", line 900, in __connect
    with util.safe_reraise():
         ~~~~~~~~~~~~~~~~~^^
  File "D:\Driver C\Desktop\fullstack-internship\backend\job-tracker-backend\.venv\Lib\site-packages\sqlalchemy\util\langhelpers.py", line 122, in __exit__
    raise exc_value.with_traceback(exc_tb)
  File "D:\Driver C\Desktop\fullstack-internship\backend\job-tracker-backend\.venv\Lib\site-packages\sqlalchemy\pool\base.py", line 896, in __connect
    self.dbapi_connection = connection = pool._invoke_creator(self)
                                         ~~~~~~~~~~~~~~~~~~~~^^^^^^
  File "D:\Driver C\Desktop\fullstack-internship\backend\job-tracker-backend\.venv\Lib\site-packages\sqlalchemy\engine\create.py", line 667, in connect
    return dialect.connect(*cargs_tup, **cparams)
           ~~~~~~~~~~~~~~~^^^^^^^^^^^^^^^^^^^^^^^
  File "D:\Driver C\Desktop\fullstack-internship\backend\job-tracker-backend\.venv\Lib\site-packages\sqlalchemy\engine\default.py", line 630, in connect
    return self.loaded_dbapi.connect(*cargs, **cparams)  # type: ignore[no-any-return]  # NOQA: E501
           ~~~~~~~~~~~~~~~~~~~~~~~~~^^^^^^^^^^^^^^^^^^^
  File "D:\Driver C\Desktop\fullstack-internship\backend\job-tracker-backend\.venv\Lib\site-packages\psycopg2\__init__.py", line 135, in connect
    conn = _connect(dsn, connection_factory=connection_factory, **kwasync)
psycopg2.OperationalError: connection to server at "localhost" (::1), port 5432 failed: FATAL:  password authentication failed for user "postgres"


The above exception was the direct cause of the following exception:

Traceback (most recent call last):
  File "D:\Driver C\Desktop\fullstack-internship\backend\job-tracker-backend\.venv\Lib\site-packages\graphql\execution\execute.py", line 562, in execute_field
    result = resolve_fn(source, info, **args)
  File "D:\Driver C\Desktop\fullstack-internship\backend\job-tracker-backend\.venv\Lib\site-packages\strawberry\schema\schema_converter.py", line 1049, in _resolver
    return _get_result_with_extensions(
        _source,
        strawberry_info,
        **kwargs,
    )
  File "D:\Driver C\Desktop\fullstack-internship\backend\job-tracker-backend\.venv\Lib\site-packages\strawberry\schema\schema_converter.py", line 1035, in extension_resolver
    return reduce(
           ~~~~~~~
    ...<2 lines>...
        wrapped_get_result,
        ~~~~~~~~~~~~~~~~~~~
    )(_source, info, **field_kwargs)
    ~^^^^^^^^^^^^^^^^^^^^^^^^^^^^^^^
  File "D:\Driver C\Desktop\fullstack-internship\backend\job-tracker-backend\.venv\Lib\site-packages\strawberry\schema\schema_converter.py", line 1027, in wrapped_get_result
    return _get_result(
        _source,
    ...<2 lines>...
        field_kwargs=kwargs,
    )
  File "D:\Driver C\Desktop\fullstack-internship\backend\job-tracker-backend\.venv\Lib\site-packages\strawberry\schema\schema_converter.py", line 913, in _get_result
    return field.get_result(
           ~~~~~~~~~~~~~~~~^
        _source, info=info, args=field_args, kwargs=field_kwargs
        ^^^^^^^^^^^^^^^^^^^^^^^^^^^^^^^^^^^^^^^^^^^^^^^^^^^^^^^^
    )
    ^
  File "D:\Driver C\Desktop\fullstack-internship\backend\job-tracker-backend\.venv\Lib\site-packages\strawberry\types\field.py", line 232, in get_result
    return self.base_resolver(*args, **kwargs)
           ~~~~~~~~~~~~~~~~~~^^^^^^^^^^^^^^^^^
  File "D:\Driver C\Desktop\fullstack-internship\backend\job-tracker-backend\.venv\Lib\site-packages\strawberry\types\fields\resolver.py", line 238, in __call__
    return self.wrapped_func(*args, **kwargs)
           ~~~~~~~~~~~~~~~~~^^^^^^^^^^^^^^^^^
  File "D:\Driver C\Desktop\fullstack-internship\backend\job-tracker-backend\auth.py", line 10, in login_user
    user = db.query(models.User).filter(user_input.email == models.User.email).first()
  File "D:\Driver C\Desktop\fullstack-internship\backend\job-tracker-backend\.venv\Lib\site-packages\sqlalchemy\orm\query.py", line 2766, in first
    return self.limit(1)._iter().first()  # type: ignore
           ~~~~~~~~~~~~~~~~~~~^^
  File "D:\Driver C\Desktop\fullstack-internship\backend\job-tracker-backend\.venv\Lib\site-packages\sqlalchemy\orm\query.py", line 2864, in _iter
    result: Union[ScalarResult[_T], Result[_T]] = self.session.execute(
                                                  ~~~~~~~~~~~~~~~~~~~~^
        statement,
        ^^^^^^^^^^
        params,
        ^^^^^^^
        execution_options={"_sa_orm_load_options": self.load_options},
        ^^^^^^^^^^^^^^^^^^^^^^^^^^^^^^^^^^^^^^^^^^^^^^^^^^^^^^^^^^^^^^
    )
    ^
  File "D:\Driver C\Desktop\fullstack-internship\backend\job-tracker-backend\.venv\Lib\site-packages\sqlalchemy\orm\session.py", line 2373, in execute
    return self._execute_internal(
           ~~~~~~~~~~~~~~~~~~~~~~^
        statement,
        ^^^^^^^^^^
    ...<4 lines>...
        _add_event=_add_event,
        ^^^^^^^^^^^^^^^^^^^^^^
    )
    ^
  File "D:\Driver C\Desktop\fullstack-internship\backend\job-tracker-backend\.venv\Lib\site-packages\sqlalchemy\orm\session.py", line 2261, in _execute_internal
    conn = self._connection_for_bind(bind)
  File "D:\Driver C\Desktop\fullstack-internship\backend\job-tracker-backend\.venv\Lib\site-packages\sqlalchemy\orm\session.py", line 2113, in _connection_for_bind
    return trans._connection_for_bind(engine, execution_options)
           ~~~~~~~~~~~~~~~~~~~~~~~~~~^^^^^^^^^^^^^^^^^^^^^^^^^^^
  File "<string>", line 2, in _connection_for_bind
  File "D:\Driver C\Desktop\fullstack-internship\backend\job-tracker-backend\.venv\Lib\site-packages\sqlalchemy\orm\state_changes.py", line 137, in _go
    ret_value = fn(self, *arg, **kw)
  File "D:\Driver C\Desktop\fullstack-internship\backend\job-tracker-backend\.venv\Lib\site-packages\sqlalchemy\orm\session.py", line 1191, in _connection_for_bind
    conn = bind.connect()
  File "D:\Driver C\Desktop\fullstack-internship\backend\job-tracker-backend\.venv\Lib\site-packages\sqlalchemy\engine\base.py", line 3295, in connect
    return self._connection_cls(self)
           ~~~~~~~~~~~~~~~~~~~~^^^^^^
  File "D:\Driver C\Desktop\fullstack-internship\backend\job-tracker-backend\.venv\Lib\site-packages\sqlalchemy\engine\base.py", line 146, in __init__
    Connection._handle_dbapi_exception_noconnection(
    ~~~~~~~~~~~~~~~~~~~~~~~~~~~~~~~~~~~~~~~~~~~~~~~^
        err, dialect, engine
        ^^^^^^^^^^^^^^^^^^^^
    )
    ^
  File "D:\Driver C\Desktop\fullstack-internship\backend\job-tracker-backend\.venv\Lib\site-packages\sqlalchemy\engine\base.py", line 2450, in _handle_dbapi_exception_noconnection
    raise sqlalchemy_exception.with_traceback(exc_info[2]) from e
  File "D:\Driver C\Desktop\fullstack-internship\backend\job-tracker-backend\.venv\Lib\site-packages\sqlalchemy\engine\base.py", line 144, in __init__
    self._dbapi_connection = engine.raw_connection()
                             ~~~~~~~~~~~~~~~~~~~~~^^
  File "D:\Driver C\Desktop\fullstack-internship\backend\job-tracker-backend\.venv\Lib\site-packages\sqlalchemy\engine\base.py", line 3319, in raw_connection
    return self.pool.connect()
           ~~~~~~~~~~~~~~~~~^^
  File "D:\Driver C\Desktop\fullstack-internship\backend\job-tracker-backend\.venv\Lib\site-packages\sqlalchemy\pool\base.py", line 448, in connect
    return _ConnectionFairy._checkout(self)
           ~~~~~~~~~~~~~~~~~~~~~~~~~~^^^^^^
  File "D:\Driver C\Desktop\fullstack-internship\backend\job-tracker-backend\.venv\Lib\site-packages\sqlalchemy\pool\base.py", line 1272, in _checkout
    fairy = _ConnectionRecord.checkout(pool)
  File "D:\Driver C\Desktop\fullstack-internship\backend\job-tracker-backend\.venv\Lib\site-packages\sqlalchemy\pool\base.py", line 712, in checkout
    rec = pool._do_get()
  File "D:\Driver C\Desktop\fullstack-internship\backend\job-tracker-backend\.venv\Lib\site-packages\sqlalchemy\pool\impl.py", line 178, in _do_get
    with util.safe_reraise():
         ~~~~~~~~~~~~~~~~~^^
  File "D:\Driver C\Desktop\fullstack-internship\backend\job-tracker-backend\.venv\Lib\site-packages\sqlalchemy\util\langhelpers.py", line 122, in __exit__
    raise exc_value.with_traceback(exc_tb)
  File "D:\Driver C\Desktop\fullstack-internship\backend\job-tracker-backend\.venv\Lib\site-packages\sqlalchemy\pool\impl.py", line 176, in _do_get
    return self._create_connection()
           ~~~~~~~~~~~~~~~~~~~~~~~^^
  File "D:\Driver C\Desktop\fullstack-internship\backend\job-tracker-backend\.venv\Lib\site-packages\sqlalchemy\pool\base.py", line 389, in _create_connection
    return _ConnectionRecord(self)
  File "D:\Driver C\Desktop\fullstack-internship\backend\job-tracker-backend\.venv\Lib\site-packages\sqlalchemy\pool\base.py", line 674, in __init__
    self.__connect()
    ~~~~~~~~~~~~~~^^
  File "D:\Driver C\Desktop\fullstack-internship\backend\job-tracker-backend\.venv\Lib\site-packages\sqlalchemy\pool\base.py", line 900, in __connect
    with util.safe_reraise():
         ~~~~~~~~~~~~~~~~~^^
  File "D:\Driver C\Desktop\fullstack-internship\backend\job-tracker-backend\.venv\Lib\site-packages\sqlalchemy\util\langhelpers.py", line 122, in __exit__
    raise exc_value.with_traceback(exc_tb)
  File "D:\Driver C\Desktop\fullstack-internship\backend\job-tracker-backend\.venv\Lib\site-packages\sqlalchemy\pool\base.py", line 896, in __connect
    self.dbapi_connection = connection = pool._invoke_creator(self)
                                         ~~~~~~~~~~~~~~~~~~~~^^^^^^
  File "D:\Driver C\Desktop\fullstack-internship\backend\job-tracker-backend\.venv\Lib\site-packages\sqlalchemy\engine\create.py", line 667, in connect
    return dialect.connect(*cargs_tup, **cparams)
           ~~~~~~~~~~~~~~~^^^^^^^^^^^^^^^^^^^^^^^
  File "D:\Driver C\Desktop\fullstack-internship\backend\job-tracker-backend\.venv\Lib\site-packages\sqlalchemy\engine\default.py", line 630, in connect
    return self.loaded_dbapi.connect(*cargs, **cparams)  # type: ignore[no-any-return]  # NOQA: E501
           ~~~~~~~~~~~~~~~~~~~~~~~~~^^^^^^^^^^^^^^^^^^^
  File "D:\Driver C\Desktop\fullstack-internship\backend\job-tracker-backend\.venv\Lib\site-packages\psycopg2\__init__.py", line 135, in connect
    conn = _connect(dsn, connection_factory=connection_factory, **kwasync)
sqlalchemy.exc.OperationalError: (psycopg2.OperationalError) connection to server at "localhost" (::1), port 5432 failed: FATAL:  password authentication failed for user "postgres"

(Background on this error at: https://sqlalche.me/e/20/e3q8)
INFO:     127.0.0.1:58153 - "POST /graphql HTTP/1.1" 200 OK
(psycopg2.OperationalError) connection to server at "localhost" (::1), port 5432 failed: FATAL:  password authentication failed for user "postgres"

(Background on this error at: https://sqlalche.me/e/20/e3q8)

GraphQL request:2:3
1 | mutation {
2 |   createUser(
  |   ^
3 |     userInput: {
Traceback (most recent call last):
  File "D:\Driver C\Desktop\fullstack-internship\backend\job-tracker-backend\.venv\Lib\site-packages\sqlalchemy\engine\base.py", line 144, in __init__
    self._dbapi_connection = engine.raw_connection()
                             ~~~~~~~~~~~~~~~~~~~~~^^
  File "D:\Driver C\Desktop\fullstack-internship\backend\job-tracker-backend\.venv\Lib\site-packages\sqlalchemy\engine\base.py", line 3319, in raw_connection
    return self.pool.connect()
           ~~~~~~~~~~~~~~~~~^^
  File "D:\Driver C\Desktop\fullstack-internship\backend\job-tracker-backend\.venv\Lib\site-packages\sqlalchemy\pool\base.py", line 448, in connect
    return _ConnectionFairy._checkout(self)
           ~~~~~~~~~~~~~~~~~~~~~~~~~~^^^^^^
  File "D:\Driver C\Desktop\fullstack-internship\backend\job-tracker-backend\.venv\Lib\site-packages\sqlalchemy\pool\base.py", line 1272, in _checkout
    fairy = _ConnectionRecord.checkout(pool)
  File "D:\Driver C\Desktop\fullstack-internship\backend\job-tracker-backend\.venv\Lib\site-packages\sqlalchemy\pool\base.py", line 712, in checkout
    rec = pool._do_get()
  File "D:\Driver C\Desktop\fullstack-internship\backend\job-tracker-backend\.venv\Lib\site-packages\sqlalchemy\pool\impl.py", line 178, in _do_get
    with util.safe_reraise():
         ~~~~~~~~~~~~~~~~~^^
  File "D:\Driver C\Desktop\fullstack-internship\backend\job-tracker-backend\.venv\Lib\site-packages\sqlalchemy\util\langhelpers.py", line 122, in __exit__
    raise exc_value.with_traceback(exc_tb)
  File "D:\Driver C\Desktop\fullstack-internship\backend\job-tracker-backend\.venv\Lib\site-packages\sqlalchemy\pool\impl.py", line 176, in _do_get
    return self._create_connection()
           ~~~~~~~~~~~~~~~~~~~~~~~^^
  File "D:\Driver C\Desktop\fullstack-internship\backend\job-tracker-backend\.venv\Lib\site-packages\sqlalchemy\pool\base.py", line 389, in _create_connection
    return _ConnectionRecord(self)
  File "D:\Driver C\Desktop\fullstack-internship\backend\job-tracker-backend\.venv\Lib\site-packages\sqlalchemy\pool\base.py", line 674, in __init__
    self.__connect()
    ~~~~~~~~~~~~~~^^
  File "D:\Driver C\Desktop\fullstack-internship\backend\job-tracker-backend\.venv\Lib\site-packages\sqlalchemy\pool\base.py", line 900, in __connect
    with util.safe_reraise():
         ~~~~~~~~~~~~~~~~~^^
  File "D:\Driver C\Desktop\fullstack-internship\backend\job-tracker-backend\.venv\Lib\site-packages\sqlalchemy\util\langhelpers.py", line 122, in __exit__
    raise exc_value.with_traceback(exc_tb)
  File "D:\Driver C\Desktop\fullstack-internship\backend\job-tracker-backend\.venv\Lib\site-packages\sqlalchemy\pool\base.py", line 896, in __connect
    self.dbapi_connection = connection = pool._invoke_creator(self)
                                         ~~~~~~~~~~~~~~~~~~~~^^^^^^
  File "D:\Driver C\Desktop\fullstack-internship\backend\job-tracker-backend\.venv\Lib\site-packages\sqlalchemy\engine\create.py", line 667, in connect
    return dialect.connect(*cargs_tup, **cparams)
           ~~~~~~~~~~~~~~~^^^^^^^^^^^^^^^^^^^^^^^
  File "D:\Driver C\Desktop\fullstack-internship\backend\job-tracker-backend\.venv\Lib\site-packages\sqlalchemy\engine\default.py", line 630, in connect
    return self.loaded_dbapi.connect(*cargs, **cparams)  # type: ignore[no-any-return]  # NOQA: E501
           ~~~~~~~~~~~~~~~~~~~~~~~~~^^^^^^^^^^^^^^^^^^^
  File "D:\Driver C\Desktop\fullstack-internship\backend\job-tracker-backend\.venv\Lib\site-packages\psycopg2\__init__.py", line 135, in connect
    conn = _connect(dsn, connection_factory=connection_factory, **kwasync)
psycopg2.OperationalError: connection to server at "localhost" (::1), port 5432 failed: FATAL:  password authentication failed for user "postgres"


The above exception was the direct cause of the following exception:

Traceback (most recent call last):
  File "D:\Driver C\Desktop\fullstack-internship\backend\job-tracker-backend\.venv\Lib\site-packages\graphql\execution\execute.py", line 562, in execute_field
    result = resolve_fn(source, info, **args)
  File "D:\Driver C\Desktop\fullstack-internship\backend\job-tracker-backend\.venv\Lib\site-packages\strawberry\schema\schema_converter.py", line 1049, in _resolver
    return _get_result_with_extensions(
        _source,
        strawberry_info,
        **kwargs,
    )
  File "D:\Driver C\Desktop\fullstack-internship\backend\job-tracker-backend\.venv\Lib\site-packages\strawberry\schema\schema_converter.py", line 1035, in extension_resolver
    return reduce(
           ~~~~~~~
    ...<2 lines>...
        wrapped_get_result,
        ~~~~~~~~~~~~~~~~~~~
    )(_source, info, **field_kwargs)
    ~^^^^^^^^^^^^^^^^^^^^^^^^^^^^^^^
  File "D:\Driver C\Desktop\fullstack-internship\backend\job-tracker-backend\.venv\Lib\site-packages\strawberry\schema\schema_converter.py", line 1027, in wrapped_get_result
    return _get_result(
        _source,
    ...<2 lines>...
        field_kwargs=kwargs,
    )
  File "D:\Driver C\Desktop\fullstack-internship\backend\job-tracker-backend\.venv\Lib\site-packages\strawberry\schema\schema_converter.py", line 913, in _get_result
    return field.get_result(
           ~~~~~~~~~~~~~~~~^
        _source, info=info, args=field_args, kwargs=field_kwargs
        ^^^^^^^^^^^^^^^^^^^^^^^^^^^^^^^^^^^^^^^^^^^^^^^^^^^^^^^^
    )
    ^
  File "D:\Driver C\Desktop\fullstack-internship\backend\job-tracker-backend\.venv\Lib\site-packages\strawberry\types\field.py", line 232, in get_result
    return self.base_resolver(*args, **kwargs)
           ~~~~~~~~~~~~~~~~~~^^^^^^^^^^^^^^^^^
  File "D:\Driver C\Desktop\fullstack-internship\backend\job-tracker-backend\.venv\Lib\site-packages\strawberry\types\fields\resolver.py", line 238, in __call__
    return self.wrapped_func(*args, **kwargs)
           ~~~~~~~~~~~~~~~~~^^^^^^^^^^^^^^^^^
  File "D:\Driver C\Desktop\fullstack-internship\backend\job-tracker-backend\mutations.py", line 110, in create_user
    db.commit()
    ~~~~~~~~~^^
  File "D:\Driver C\Desktop\fullstack-internship\backend\job-tracker-backend\.venv\Lib\site-packages\sqlalchemy\orm\session.py", line 2035, in commit
    trans.commit(_to_root=True)
    ~~~~~~~~~~~~^^^^^^^^^^^^^^^
  File "<string>", line 2, in commit
  File "D:\Driver C\Desktop\fullstack-internship\backend\job-tracker-backend\.venv\Lib\site-packages\sqlalchemy\orm\state_changes.py", line 137, in _go
    ret_value = fn(self, *arg, **kw)
  File "D:\Driver C\Desktop\fullstack-internship\backend\job-tracker-backend\.venv\Lib\site-packages\sqlalchemy\orm\session.py", line 1316, in commit
    self._prepare_impl()
    ~~~~~~~~~~~~~~~~~~^^
  File "<string>", line 2, in _prepare_impl
  File "D:\Driver C\Desktop\fullstack-internship\backend\job-tracker-backend\.venv\Lib\site-packages\sqlalchemy\orm\state_changes.py", line 137, in _go
    ret_value = fn(self, *arg, **kw)
  File "D:\Driver C\Desktop\fullstack-internship\backend\job-tracker-backend\.venv\Lib\site-packages\sqlalchemy\orm\session.py", line 1290, in _prepare_impl
    self.session.flush()
    ~~~~~~~~~~~~~~~~~~^^
  File "D:\Driver C\Desktop\fullstack-internship\backend\job-tracker-backend\.venv\Lib\site-packages\sqlalchemy\orm\session.py", line 4353, in flush
    self._flush(objects)
    ~~~~~~~~~~~^^^^^^^^^
  File "D:\Driver C\Desktop\fullstack-internship\backend\job-tracker-backend\.venv\Lib\site-packages\sqlalchemy\orm\session.py", line 4488, in _flush
    with util.safe_reraise():
         ~~~~~~~~~~~~~~~~~^^
  File "D:\Driver C\Desktop\fullstack-internship\backend\job-tracker-backend\.venv\Lib\site-packages\sqlalchemy\util\langhelpers.py", line 122, in __exit__
    raise exc_value.with_traceback(exc_tb)
  File "D:\Driver C\Desktop\fullstack-internship\backend\job-tracker-backend\.venv\Lib\site-packages\sqlalchemy\orm\session.py", line 4449, in _flush
    flush_context.execute()
    ~~~~~~~~~~~~~~~~~~~~~^^
  File "D:\Driver C\Desktop\fullstack-internship\backend\job-tracker-backend\.venv\Lib\site-packages\sqlalchemy\orm\unitofwork.py", line 465, in execute
    rec.execute(self)
    ~~~~~~~~~~~^^^^^^
  File "D:\Driver C\Desktop\fullstack-internship\backend\job-tracker-backend\.venv\Lib\site-packages\sqlalchemy\orm\unitofwork.py", line 641, in execute
    util.preloaded.orm_persistence.save_obj(
    ~~~~~~~~~~~~~~~~~~~~~~~~~~~~~~~~~~~~~~~^
        self.mapper,
        ^^^^^^^^^^^^
        uow.states_for_mapper_hierarchy(self.mapper, False, False),
        ^^^^^^^^^^^^^^^^^^^^^^^^^^^^^^^^^^^^^^^^^^^^^^^^^^^^^^^^^^^
        uow,
        ^^^^
    )
    ^
  File "D:\Driver C\Desktop\fullstack-internship\backend\job-tracker-backend\.venv\Lib\site-packages\sqlalchemy\orm\persistence.py", line 69, in save_obj
    ) in _organize_states_for_save(base_mapper, states, uowtransaction):
         ~~~~~~~~~~~~~~~~~~~~~~~~~^^^^^^^^^^^^^^^^^^^^^^^^^^^^^^^^^^^^^
  File "D:\Driver C\Desktop\fullstack-internship\backend\job-tracker-backend\.venv\Lib\site-packages\sqlalchemy\orm\persistence.py", line 224, in _organize_states_for_save
    for state, dict_, mapper, connection in _connections_for_states(
                                            ~~~~~~~~~~~~~~~~~~~~~~~^
        base_mapper, uowtransaction, states
        ^^^^^^^^^^^^^^^^^^^^^^^^^^^^^^^^^^^
    ):
    ^
  File "D:\Driver C\Desktop\fullstack-internship\backend\job-tracker-backend\.venv\Lib\site-packages\sqlalchemy\orm\persistence.py", line 1760, in _connections_for_states
    connection = uowtransaction.transaction.connection(base_mapper)
  File "<string>", line 2, in connection
  File "D:\Driver C\Desktop\fullstack-internship\backend\job-tracker-backend\.venv\Lib\site-packages\sqlalchemy\orm\state_changes.py", line 137, in _go
    ret_value = fn(self, *arg, **kw)
  File "D:\Driver C\Desktop\fullstack-internship\backend\job-tracker-backend\.venv\Lib\site-packages\sqlalchemy\orm\session.py", line 1041, in connection
    return self._connection_for_bind(bind, execution_options)
           ~~~~~~~~~~~~~~~~~~~~~~~~~^^^^^^^^^^^^^^^^^^^^^^^^^
  File "<string>", line 2, in _connection_for_bind
  File "D:\Driver C\Desktop\fullstack-internship\backend\job-tracker-backend\.venv\Lib\site-packages\sqlalchemy\orm\state_changes.py", line 137, in _go
    ret_value = fn(self, *arg, **kw)
  File "D:\Driver C\Desktop\fullstack-internship\backend\job-tracker-backend\.venv\Lib\site-packages\sqlalchemy\orm\session.py", line 1177, in _connection_for_bind
    conn = self._parent._connection_for_bind(
        bind, execution_options
    )
  File "<string>", line 2, in _connection_for_bind
  File "D:\Driver C\Desktop\fullstack-internship\backend\job-tracker-backend\.venv\Lib\site-packages\sqlalchemy\orm\state_changes.py", line 137, in _go
    ret_value = fn(self, *arg, **kw)
  File "D:\Driver C\Desktop\fullstack-internship\backend\job-tracker-backend\.venv\Lib\site-packages\sqlalchemy\orm\session.py", line 1191, in _connection_for_bind
    conn = bind.connect()
  File "D:\Driver C\Desktop\fullstack-internship\backend\job-tracker-backend\.venv\Lib\site-packages\sqlalchemy\engine\base.py", line 3295, in connect
    return self._connection_cls(self)
           ~~~~~~~~~~~~~~~~~~~~^^^^^^
  File "D:\Driver C\Desktop\fullstack-internship\backend\job-tracker-backend\.venv\Lib\site-packages\sqlalchemy\engine\base.py", line 146, in __init__
    Connection._handle_dbapi_exception_noconnection(
    ~~~~~~~~~~~~~~~~~~~~~~~~~~~~~~~~~~~~~~~~~~~~~~~^
        err, dialect, engine
        ^^^^^^^^^^^^^^^^^^^^
    )
    ^
  File "D:\Driver C\Desktop\fullstack-internship\backend\job-tracker-backend\.venv\Lib\site-packages\sqlalchemy\engine\base.py", line 2450, in _handle_dbapi_exception_noconnection
    raise sqlalchemy_exception.with_traceback(exc_info[2]) from e
  File "D:\Driver C\Desktop\fullstack-internship\backend\job-tracker-backend\.venv\Lib\site-packages\sqlalchemy\engine\base.py", line 144, in __init__
    self._dbapi_connection = engine.raw_connection()
                             ~~~~~~~~~~~~~~~~~~~~~^^
  File "D:\Driver C\Desktop\fullstack-internship\backend\job-tracker-backend\.venv\Lib\site-packages\sqlalchemy\engine\base.py", line 3319, in raw_connection
    return self.pool.connect()
           ~~~~~~~~~~~~~~~~~^^
  File "D:\Driver C\Desktop\fullstack-internship\backend\job-tracker-backend\.venv\Lib\site-packages\sqlalchemy\pool\base.py", line 448, in connect
    return _ConnectionFairy._checkout(self)
           ~~~~~~~~~~~~~~~~~~~~~~~~~~^^^^^^
  File "D:\Driver C\Desktop\fullstack-internship\backend\job-tracker-backend\.venv\Lib\site-packages\sqlalchemy\pool\base.py", line 1272, in _checkout
    fairy = _ConnectionRecord.checkout(pool)
  File "D:\Driver C\Desktop\fullstack-internship\backend\job-tracker-backend\.venv\Lib\site-packages\sqlalchemy\pool\base.py", line 712, in checkout
    rec = pool._do_get()
  File "D:\Driver C\Desktop\fullstack-internship\backend\job-tracker-backend\.venv\Lib\site-packages\sqlalchemy\pool\impl.py", line 178, in _do_get
    with util.safe_reraise():
         ~~~~~~~~~~~~~~~~~^^
  File "D:\Driver C\Desktop\fullstack-internship\backend\job-tracker-backend\.venv\Lib\site-packages\sqlalchemy\util\langhelpers.py", line 122, in __exit__
    raise exc_value.with_traceback(exc_tb)
  File "D:\Driver C\Desktop\fullstack-internship\backend\job-tracker-backend\.venv\Lib\site-packages\sqlalchemy\pool\impl.py", line 176, in _do_get
    return self._create_connection()
           ~~~~~~~~~~~~~~~~~~~~~~~^^
  File "D:\Driver C\Desktop\fullstack-internship\backend\job-tracker-backend\.venv\Lib\site-packages\sqlalchemy\pool\base.py", line 389, in _create_connection
    return _ConnectionRecord(self)
  File "D:\Driver C\Desktop\fullstack-internship\backend\job-tracker-backend\.venv\Lib\site-packages\sqlalchemy\pool\base.py", line 674, in __init__
    self.__connect()
    ~~~~~~~~~~~~~~^^
  File "D:\Driver C\Desktop\fullstack-internship\backend\job-tracker-backend\.venv\Lib\site-packages\sqlalchemy\pool\base.py", line 900, in __connect
    with util.safe_reraise():
         ~~~~~~~~~~~~~~~~~^^
  File "D:\Driver C\Desktop\fullstack-internship\backend\job-tracker-backend\.venv\Lib\site-packages\sqlalchemy\util\langhelpers.py", line 122, in __exit__
    raise exc_value.with_traceback(exc_tb)
  File "D:\Driver C\Desktop\fullstack-internship\backend\job-tracker-backend\.venv\Lib\site-packages\sqlalchemy\pool\base.py", line 896, in __connect
    self.dbapi_connection = connection = pool._invoke_creator(self)
                                         ~~~~~~~~~~~~~~~~~~~~^^^^^^
  File "D:\Driver C\Desktop\fullstack-internship\backend\job-tracker-backend\.venv\Lib\site-packages\sqlalchemy\engine\create.py", line 667, in connect
    return dialect.connect(*cargs_tup, **cparams)
           ~~~~~~~~~~~~~~~^^^^^^^^^^^^^^^^^^^^^^^
  File "D:\Driver C\Desktop\fullstack-internship\backend\job-tracker-backend\.venv\Lib\site-packages\sqlalchemy\engine\default.py", line 630, in connect
    return self.loaded_dbapi.connect(*cargs, **cparams)  # type: ignore[no-any-return]  # NOQA: E501
           ~~~~~~~~~~~~~~~~~~~~~~~~~^^^^^^^^^^^^^^^^^^^
  File "D:\Driver C\Desktop\fullstack-internship\backend\job-tracker-backend\.venv\Lib\site-packages\psycopg2\__init__.py", line 135, in connect
    conn = _connect(dsn, connection_factory=connection_factory, **kwasync)
sqlalchemy.exc.OperationalError: (psycopg2.OperationalError) connection to server at "localhost" (::1), port 5432 failed: FATAL:  password authentication failed for user "postgres"

(Background on this error at: https://sqlalche.me/e/20/e3q8)
INFO:     127.0.0.1:58171 - "POST /graphql HTTP/1.1" 200 OK
INFO:     127.0.0.1:58295 - "GET / HTTP/1.1" 404 Not Found
INFO:     127.0.0.1:58298 - "GET /graphql HTTP/1.1" 200 OK
INFO:     127.0.0.1:58298 - "POST /graphql HTTP/1.1" 200 OK
INFO:     127.0.0.1:58307 - "GET / HTTP/1.1" 404 Not Found
INFO:     127.0.0.1:58311 - "GET /docs HTTP/1.1" 200 OK
INFO:     127.0.0.1:58311 - "GET /openapi.json HTTP/1.1" 200 OK
(psycopg2.OperationalError) connection to server at "localhost" (::1), port 5432 failed: FATAL:  password authentication failed for user "postgres"

(Background on this error at: https://sqlalche.me/e/20/e3q8)

GraphQL request:2:3
1 | mutation {
2 |   createUser(
  |   ^
3 |     userInput: {
Traceback (most recent call last):
  File "D:\Driver C\Desktop\fullstack-internship\backend\job-tracker-backend\.venv\Lib\site-packages\sqlalchemy\engine\base.py", line 144, in __init__
    self._dbapi_connection = engine.raw_connection()
                             ~~~~~~~~~~~~~~~~~~~~~^^
  File "D:\Driver C\Desktop\fullstack-internship\backend\job-tracker-backend\.venv\Lib\site-packages\sqlalchemy\engine\base.py", line 3319, in raw_connection
    return self.pool.connect()
           ~~~~~~~~~~~~~~~~~^^
  File "D:\Driver C\Desktop\fullstack-internship\backend\job-tracker-backend\.venv\Lib\site-packages\sqlalchemy\pool\base.py", line 448, in connect
    return _ConnectionFairy._checkout(self)
           ~~~~~~~~~~~~~~~~~~~~~~~~~~^^^^^^
  File "D:\Driver C\Desktop\fullstack-internship\backend\job-tracker-backend\.venv\Lib\site-packages\sqlalchemy\pool\base.py", line 1272, in _checkout
    fairy = _ConnectionRecord.checkout(pool)
  File "D:\Driver C\Desktop\fullstack-internship\backend\job-tracker-backend\.venv\Lib\site-packages\sqlalchemy\pool\base.py", line 712, in checkout
    rec = pool._do_get()
  File "D:\Driver C\Desktop\fullstack-internship\backend\job-tracker-backend\.venv\Lib\site-packages\sqlalchemy\pool\impl.py", line 178, in _do_get
    with util.safe_reraise():
         ~~~~~~~~~~~~~~~~~^^
  File "D:\Driver C\Desktop\fullstack-internship\backend\job-tracker-backend\.venv\Lib\site-packages\sqlalchemy\util\langhelpers.py", line 122, in __exit__
    raise exc_value.with_traceback(exc_tb)
  File "D:\Driver C\Desktop\fullstack-internship\backend\job-tracker-backend\.venv\Lib\site-packages\sqlalchemy\pool\impl.py", line 176, in _do_get
    return self._create_connection()
           ~~~~~~~~~~~~~~~~~~~~~~~^^
  File "D:\Driver C\Desktop\fullstack-internship\backend\job-tracker-backend\.venv\Lib\site-packages\sqlalchemy\pool\base.py", line 389, in _create_connection
    return _ConnectionRecord(self)
  File "D:\Driver C\Desktop\fullstack-internship\backend\job-tracker-backend\.venv\Lib\site-packages\sqlalchemy\pool\base.py", line 674, in __init__
    self.__connect()
    ~~~~~~~~~~~~~~^^
  File "D:\Driver C\Desktop\fullstack-internship\backend\job-tracker-backend\.venv\Lib\site-packages\sqlalchemy\pool\base.py", line 900, in __connect
    with util.safe_reraise():
         ~~~~~~~~~~~~~~~~~^^
  File "D:\Driver C\Desktop\fullstack-internship\backend\job-tracker-backend\.venv\Lib\site-packages\sqlalchemy\util\langhelpers.py", line 122, in __exit__
    raise exc_value.with_traceback(exc_tb)
  File "D:\Driver C\Desktop\fullstack-internship\backend\job-tracker-backend\.venv\Lib\site-packages\sqlalchemy\pool\base.py", line 896, in __connect
    self.dbapi_connection = connection = pool._invoke_creator(self)
                                         ~~~~~~~~~~~~~~~~~~~~^^^^^^
  File "D:\Driver C\Desktop\fullstack-internship\backend\job-tracker-backend\.venv\Lib\site-packages\sqlalchemy\engine\create.py", line 667, in connect
    return dialect.connect(*cargs_tup, **cparams)
           ~~~~~~~~~~~~~~~^^^^^^^^^^^^^^^^^^^^^^^
  File "D:\Driver C\Desktop\fullstack-internship\backend\job-tracker-backend\.venv\Lib\site-packages\sqlalchemy\engine\default.py", line 630, in connect
    return self.loaded_dbapi.connect(*cargs, **cparams)  # type: ignore[no-any-return]  # NOQA: E501
           ~~~~~~~~~~~~~~~~~~~~~~~~~^^^^^^^^^^^^^^^^^^^
  File "D:\Driver C\Desktop\fullstack-internship\backend\job-tracker-backend\.venv\Lib\site-packages\psycopg2\__init__.py", line 135, in connect
    conn = _connect(dsn, connection_factory=connection_factory, **kwasync)
psycopg2.OperationalError: connection to server at "localhost" (::1), port 5432 failed: FATAL:  password authentication failed for user "postgres"


The above exception was the direct cause of the following exception:

Traceback (most recent call last):
  File "D:\Driver C\Desktop\fullstack-internship\backend\job-tracker-backend\.venv\Lib\site-packages\graphql\execution\execute.py", line 562, in execute_field
    result = resolve_fn(source, info, **args)
  File "D:\Driver C\Desktop\fullstack-internship\backend\job-tracker-backend\.venv\Lib\site-packages\strawberry\schema\schema_converter.py", line 1049, in _resolver
    return _get_result_with_extensions(
        _source,
        strawberry_info,
        **kwargs,
    )
  File "D:\Driver C\Desktop\fullstack-internship\backend\job-tracker-backend\.venv\Lib\site-packages\strawberry\schema\schema_converter.py", line 1035, in extension_resolver
    return reduce(
           ~~~~~~~
    ...<2 lines>...
        wrapped_get_result,
        ~~~~~~~~~~~~~~~~~~~
    )(_source, info, **field_kwargs)
    ~^^^^^^^^^^^^^^^^^^^^^^^^^^^^^^^
  File "D:\Driver C\Desktop\fullstack-internship\backend\job-tracker-backend\.venv\Lib\site-packages\strawberry\schema\schema_converter.py", line 1027, in wrapped_get_result
    return _get_result(
        _source,
    ...<2 lines>...
        field_kwargs=kwargs,
    )
  File "D:\Driver C\Desktop\fullstack-internship\backend\job-tracker-backend\.venv\Lib\site-packages\strawberry\schema\schema_converter.py", line 913, in _get_result
    return field.get_result(
           ~~~~~~~~~~~~~~~~^
        _source, info=info, args=field_args, kwargs=field_kwargs
        ^^^^^^^^^^^^^^^^^^^^^^^^^^^^^^^^^^^^^^^^^^^^^^^^^^^^^^^^
    )
    ^
  File "D:\Driver C\Desktop\fullstack-internship\backend\job-tracker-backend\.venv\Lib\site-packages\strawberry\types\field.py", line 232, in get_result
    return self.base_resolver(*args, **kwargs)
           ~~~~~~~~~~~~~~~~~~^^^^^^^^^^^^^^^^^
  File "D:\Driver C\Desktop\fullstack-internship\backend\job-tracker-backend\.venv\Lib\site-packages\strawberry\types\fields\resolver.py", line 238, in __call__
    return self.wrapped_func(*args, **kwargs)
           ~~~~~~~~~~~~~~~~~^^^^^^^^^^^^^^^^^
  File "D:\Driver C\Desktop\fullstack-internship\backend\job-tracker-backend\mutations.py", line 110, in create_user
    db.commit()
    ~~~~~~~~~^^
  File "D:\Driver C\Desktop\fullstack-internship\backend\job-tracker-backend\.venv\Lib\site-packages\sqlalchemy\orm\session.py", line 2035, in commit
    trans.commit(_to_root=True)
    ~~~~~~~~~~~~^^^^^^^^^^^^^^^
  File "<string>", line 2, in commit
  File "D:\Driver C\Desktop\fullstack-internship\backend\job-tracker-backend\.venv\Lib\site-packages\sqlalchemy\orm\state_changes.py", line 137, in _go
    ret_value = fn(self, *arg, **kw)
  File "D:\Driver C\Desktop\fullstack-internship\backend\job-tracker-backend\.venv\Lib\site-packages\sqlalchemy\orm\session.py", line 1316, in commit
    self._prepare_impl()
    ~~~~~~~~~~~~~~~~~~^^
  File "<string>", line 2, in _prepare_impl
  File "D:\Driver C\Desktop\fullstack-internship\backend\job-tracker-backend\.venv\Lib\site-packages\sqlalchemy\orm\state_changes.py", line 137, in _go
    ret_value = fn(self, *arg, **kw)
  File "D:\Driver C\Desktop\fullstack-internship\backend\job-tracker-backend\.venv\Lib\site-packages\sqlalchemy\orm\session.py", line 1290, in _prepare_impl
    self.session.flush()
    ~~~~~~~~~~~~~~~~~~^^
  File "D:\Driver C\Desktop\fullstack-internship\backend\job-tracker-backend\.venv\Lib\site-packages\sqlalchemy\orm\session.py", line 4353, in flush
    self._flush(objects)
    ~~~~~~~~~~~^^^^^^^^^
  File "D:\Driver C\Desktop\fullstack-internship\backend\job-tracker-backend\.venv\Lib\site-packages\sqlalchemy\orm\session.py", line 4488, in _flush
    with util.safe_reraise():
         ~~~~~~~~~~~~~~~~~^^
  File "D:\Driver C\Desktop\fullstack-internship\backend\job-tracker-backend\.venv\Lib\site-packages\sqlalchemy\util\langhelpers.py", line 122, in __exit__
    raise exc_value.with_traceback(exc_tb)
  File "D:\Driver C\Desktop\fullstack-internship\backend\job-tracker-backend\.venv\Lib\site-packages\sqlalchemy\orm\session.py", line 4449, in _flush
    flush_context.execute()
    ~~~~~~~~~~~~~~~~~~~~~^^
  File "D:\Driver C\Desktop\fullstack-internship\backend\job-tracker-backend\.venv\Lib\site-packages\sqlalchemy\orm\unitofwork.py", line 465, in execute
    rec.execute(self)
    ~~~~~~~~~~~^^^^^^
  File "D:\Driver C\Desktop\fullstack-internship\backend\job-tracker-backend\.venv\Lib\site-packages\sqlalchemy\orm\unitofwork.py", line 641, in execute
    util.preloaded.orm_persistence.save_obj(
    ~~~~~~~~~~~~~~~~~~~~~~~~~~~~~~~~~~~~~~~^
        self.mapper,
        ^^^^^^^^^^^^
        uow.states_for_mapper_hierarchy(self.mapper, False, False),
        ^^^^^^^^^^^^^^^^^^^^^^^^^^^^^^^^^^^^^^^^^^^^^^^^^^^^^^^^^^^
        uow,
        ^^^^
    )
    ^
  File "D:\Driver C\Desktop\fullstack-internship\backend\job-tracker-backend\.venv\Lib\site-packages\sqlalchemy\orm\persistence.py", line 69, in save_obj
    ) in _organize_states_for_save(base_mapper, states, uowtransaction):
         ~~~~~~~~~~~~~~~~~~~~~~~~~^^^^^^^^^^^^^^^^^^^^^^^^^^^^^^^^^^^^^
  File "D:\Driver C\Desktop\fullstack-internship\backend\job-tracker-backend\.venv\Lib\site-packages\sqlalchemy\orm\persistence.py", line 224, in _organize_states_for_save
    for state, dict_, mapper, connection in _connections_for_states(
                                            ~~~~~~~~~~~~~~~~~~~~~~~^
        base_mapper, uowtransaction, states
        ^^^^^^^^^^^^^^^^^^^^^^^^^^^^^^^^^^^
    ):
    ^
  File "D:\Driver C\Desktop\fullstack-internship\backend\job-tracker-backend\.venv\Lib\site-packages\sqlalchemy\orm\persistence.py", line 1760, in _connections_for_states
    connection = uowtransaction.transaction.connection(base_mapper)
  File "<string>", line 2, in connection
  File "D:\Driver C\Desktop\fullstack-internship\backend\job-tracker-backend\.venv\Lib\site-packages\sqlalchemy\orm\state_changes.py", line 137, in _go
    ret_value = fn(self, *arg, **kw)
  File "D:\Driver C\Desktop\fullstack-internship\backend\job-tracker-backend\.venv\Lib\site-packages\sqlalchemy\orm\session.py", line 1041, in connection
    return self._connection_for_bind(bind, execution_options)
           ~~~~~~~~~~~~~~~~~~~~~~~~~^^^^^^^^^^^^^^^^^^^^^^^^^
  File "<string>", line 2, in _connection_for_bind
  File "D:\Driver C\Desktop\fullstack-internship\backend\job-tracker-backend\.venv\Lib\site-packages\sqlalchemy\orm\state_changes.py", line 137, in _go
    ret_value = fn(self, *arg, **kw)
  File "D:\Driver C\Desktop\fullstack-internship\backend\job-tracker-backend\.venv\Lib\site-packages\sqlalchemy\orm\session.py", line 1177, in _connection_for_bind
    conn = self._parent._connection_for_bind(
        bind, execution_options
    )
  File "<string>", line 2, in _connection_for_bind
  File "D:\Driver C\Desktop\fullstack-internship\backend\job-tracker-backend\.venv\Lib\site-packages\sqlalchemy\orm\state_changes.py", line 137, in _go
    ret_value = fn(self, *arg, **kw)
  File "D:\Driver C\Desktop\fullstack-internship\backend\job-tracker-backend\.venv\Lib\site-packages\sqlalchemy\orm\session.py", line 1191, in _connection_for_bind
    conn = bind.connect()
  File "D:\Driver C\Desktop\fullstack-internship\backend\job-tracker-backend\.venv\Lib\site-packages\sqlalchemy\engine\base.py", line 3295, in connect
    return self._connection_cls(self)
           ~~~~~~~~~~~~~~~~~~~~^^^^^^
  File "D:\Driver C\Desktop\fullstack-internship\backend\job-tracker-backend\.venv\Lib\site-packages\sqlalchemy\engine\base.py", line 146, in __init__
    Connection._handle_dbapi_exception_noconnection(
    ~~~~~~~~~~~~~~~~~~~~~~~~~~~~~~~~~~~~~~~~~~~~~~~^
        err, dialect, engine
        ^^^^^^^^^^^^^^^^^^^^
    )
    ^
  File "D:\Driver C\Desktop\fullstack-internship\backend\job-tracker-backend\.venv\Lib\site-packages\sqlalchemy\engine\base.py", line 2450, in _handle_dbapi_exception_noconnection
    raise sqlalchemy_exception.with_traceback(exc_info[2]) from e
  File "D:\Driver C\Desktop\fullstack-internship\backend\job-tracker-backend\.venv\Lib\site-packages\sqlalchemy\engine\base.py", line 144, in __init__
    self._dbapi_connection = engine.raw_connection()
                             ~~~~~~~~~~~~~~~~~~~~~^^
  File "D:\Driver C\Desktop\fullstack-internship\backend\job-tracker-backend\.venv\Lib\site-packages\sqlalchemy\engine\base.py", line 3319, in raw_connection
    return self.pool.connect()
           ~~~~~~~~~~~~~~~~~^^
  File "D:\Driver C\Desktop\fullstack-internship\backend\job-tracker-backend\.venv\Lib\site-packages\sqlalchemy\pool\base.py", line 448, in connect
    return _ConnectionFairy._checkout(self)
           ~~~~~~~~~~~~~~~~~~~~~~~~~~^^^^^^
  File "D:\Driver C\Desktop\fullstack-internship\backend\job-tracker-backend\.venv\Lib\site-packages\sqlalchemy\pool\base.py", line 1272, in _checkout
    fairy = _ConnectionRecord.checkout(pool)
  File "D:\Driver C\Desktop\fullstack-internship\backend\job-tracker-backend\.venv\Lib\site-packages\sqlalchemy\pool\base.py", line 712, in checkout
    rec = pool._do_get()
  File "D:\Driver C\Desktop\fullstack-internship\backend\job-tracker-backend\.venv\Lib\site-packages\sqlalchemy\pool\impl.py", line 178, in _do_get
    with util.safe_reraise():
         ~~~~~~~~~~~~~~~~~^^
  File "D:\Driver C\Desktop\fullstack-internship\backend\job-tracker-backend\.venv\Lib\site-packages\sqlalchemy\util\langhelpers.py", line 122, in __exit__
    raise exc_value.with_traceback(exc_tb)
  File "D:\Driver C\Desktop\fullstack-internship\backend\job-tracker-backend\.venv\Lib\site-packages\sqlalchemy\pool\impl.py", line 176, in _do_get
    return self._create_connection()
           ~~~~~~~~~~~~~~~~~~~~~~~^^
  File "D:\Driver C\Desktop\fullstack-internship\backend\job-tracker-backend\.venv\Lib\site-packages\sqlalchemy\pool\base.py", line 389, in _create_connection
    return _ConnectionRecord(self)
  File "D:\Driver C\Desktop\fullstack-internship\backend\job-tracker-backend\.venv\Lib\site-packages\sqlalchemy\pool\base.py", line 674, in __init__
    self.__connect()
    ~~~~~~~~~~~~~~^^
  File "D:\Driver C\Desktop\fullstack-internship\backend\job-tracker-backend\.venv\Lib\site-packages\sqlalchemy\pool\base.py", line 900, in __connect
    with util.safe_reraise():
         ~~~~~~~~~~~~~~~~~^^
  File "D:\Driver C\Desktop\fullstack-internship\backend\job-tracker-backend\.venv\Lib\site-packages\sqlalchemy\util\langhelpers.py", line 122, in __exit__
    raise exc_value.with_traceback(exc_tb)
  File "D:\Driver C\Desktop\fullstack-internship\backend\job-tracker-backend\.venv\Lib\site-packages\sqlalchemy\pool\base.py", line 896, in __connect
    self.dbapi_connection = connection = pool._invoke_creator(self)
                                         ~~~~~~~~~~~~~~~~~~~~^^^^^^
  File "D:\Driver C\Desktop\fullstack-internship\backend\job-tracker-backend\.venv\Lib\site-packages\sqlalchemy\engine\create.py", line 667, in connect
    return dialect.connect(*cargs_tup, **cparams)
           ~~~~~~~~~~~~~~~^^^^^^^^^^^^^^^^^^^^^^^
  File "D:\Driver C\Desktop\fullstack-internship\backend\job-tracker-backend\.venv\Lib\site-packages\sqlalchemy\engine\default.py", line 630, in connect
    return self.loaded_dbapi.connect(*cargs, **cparams)  # type: ignore[no-any-return]  # NOQA: E501
           ~~~~~~~~~~~~~~~~~~~~~~~~~^^^^^^^^^^^^^^^^^^^
  File "D:\Driver C\Desktop\fullstack-internship\backend\job-tracker-backend\.venv\Lib\site-packages\psycopg2\__init__.py", line 135, in connect
    conn = _connect(dsn, connection_factory=connection_factory, **kwasync)
sqlalchemy.exc.OperationalError: (psycopg2.OperationalError) connection to server at "localhost" (::1), port 5432 failed: FATAL:  password authentication failed for user "postgres"

(Background on this error at: https://sqlalche.me/e/20/e3q8)
INFO:     127.0.0.1:58479 - "POST /graphql HTTP/1.1" 200 OK
(psycopg2.OperationalError) connection to server at "localhost" (::1), port 5432 failed: FATAL:  password authentication failed for user "postgres"

(Background on this error at: https://sqlalche.me/e/20/e3q8)

GraphQL request:2:3
1 | mutation {
2 |   createUser(
  |   ^
3 |     userInput: {
Traceback (most recent call last):
  File "D:\Driver C\Desktop\fullstack-internship\backend\job-tracker-backend\.venv\Lib\site-packages\sqlalchemy\engine\base.py", line 144, in __init__
    self._dbapi_connection = engine.raw_connection()
                             ~~~~~~~~~~~~~~~~~~~~~^^
  File "D:\Driver C\Desktop\fullstack-internship\backend\job-tracker-backend\.venv\Lib\site-packages\sqlalchemy\engine\base.py", line 3319, in raw_connection
    return self.pool.connect()
           ~~~~~~~~~~~~~~~~~^^
  File "D:\Driver C\Desktop\fullstack-internship\backend\job-tracker-backend\.venv\Lib\site-packages\sqlalchemy\pool\base.py", line 448, in connect
    return _ConnectionFairy._checkout(self)
           ~~~~~~~~~~~~~~~~~~~~~~~~~~^^^^^^
  File "D:\Driver C\Desktop\fullstack-internship\backend\job-tracker-backend\.venv\Lib\site-packages\sqlalchemy\pool\base.py", line 1272, in _checkout
    fairy = _ConnectionRecord.checkout(pool)
  File "D:\Driver C\Desktop\fullstack-internship\backend\job-tracker-backend\.venv\Lib\site-packages\sqlalchemy\pool\base.py", line 712, in checkout
    rec = pool._do_get()
  File "D:\Driver C\Desktop\fullstack-internship\backend\job-tracker-backend\.venv\Lib\site-packages\sqlalchemy\pool\impl.py", line 178, in _do_get
    with util.safe_reraise():
         ~~~~~~~~~~~~~~~~~^^
  File "D:\Driver C\Desktop\fullstack-internship\backend\job-tracker-backend\.venv\Lib\site-packages\sqlalchemy\util\langhelpers.py", line 122, in __exit__
    raise exc_value.with_traceback(exc_tb)
  File "D:\Driver C\Desktop\fullstack-internship\backend\job-tracker-backend\.venv\Lib\site-packages\sqlalchemy\pool\impl.py", line 176, in _do_get
    return self._create_connection()
           ~~~~~~~~~~~~~~~~~~~~~~~^^
  File "D:\Driver C\Desktop\fullstack-internship\backend\job-tracker-backend\.venv\Lib\site-packages\sqlalchemy\pool\base.py", line 389, in _create_connection
    return _ConnectionRecord(self)
  File "D:\Driver C\Desktop\fullstack-internship\backend\job-tracker-backend\.venv\Lib\site-packages\sqlalchemy\pool\base.py", line 674, in __init__
    self.__connect()
    ~~~~~~~~~~~~~~^^
  File "D:\Driver C\Desktop\fullstack-internship\backend\job-tracker-backend\.venv\Lib\site-packages\sqlalchemy\pool\base.py", line 900, in __connect
    with util.safe_reraise():
         ~~~~~~~~~~~~~~~~~^^
  File "D:\Driver C\Desktop\fullstack-internship\backend\job-tracker-backend\.venv\Lib\site-packages\sqlalchemy\util\langhelpers.py", line 122, in __exit__
    raise exc_value.with_traceback(exc_tb)
  File "D:\Driver C\Desktop\fullstack-internship\backend\job-tracker-backend\.venv\Lib\site-packages\sqlalchemy\pool\base.py", line 896, in __connect
    self.dbapi_connection = connection = pool._invoke_creator(self)
                                         ~~~~~~~~~~~~~~~~~~~~^^^^^^
  File "D:\Driver C\Desktop\fullstack-internship\backend\job-tracker-backend\.venv\Lib\site-packages\sqlalchemy\engine\create.py", line 667, in connect
    return dialect.connect(*cargs_tup, **cparams)
           ~~~~~~~~~~~~~~~^^^^^^^^^^^^^^^^^^^^^^^
  File "D:\Driver C\Desktop\fullstack-internship\backend\job-tracker-backend\.venv\Lib\site-packages\sqlalchemy\engine\default.py", line 630, in connect
    return self.loaded_dbapi.connect(*cargs, **cparams)  # type: ignore[no-any-return]  # NOQA: E501
           ~~~~~~~~~~~~~~~~~~~~~~~~~^^^^^^^^^^^^^^^^^^^
  File "D:\Driver C\Desktop\fullstack-internship\backend\job-tracker-backend\.venv\Lib\site-packages\psycopg2\__init__.py", line 135, in connect
    conn = _connect(dsn, connection_factory=connection_factory, **kwasync)
psycopg2.OperationalError: connection to server at "localhost" (::1), port 5432 failed: FATAL:  password authentication failed for user "postgres"


The above exception was the direct cause of the following exception:

Traceback (most recent call last):
  File "D:\Driver C\Desktop\fullstack-internship\backend\job-tracker-backend\.venv\Lib\site-packages\graphql\execution\execute.py", line 562, in execute_field
    result = resolve_fn(source, info, **args)
  File "D:\Driver C\Desktop\fullstack-internship\backend\job-tracker-backend\.venv\Lib\site-packages\strawberry\schema\schema_converter.py", line 1049, in _resolver
    return _get_result_with_extensions(
        _source,
        strawberry_info,
        **kwargs,
    )
  File "D:\Driver C\Desktop\fullstack-internship\backend\job-tracker-backend\.venv\Lib\site-packages\strawberry\schema\schema_converter.py", line 1035, in extension_resolver
    return reduce(
           ~~~~~~~
    ...<2 lines>...
        wrapped_get_result,
        ~~~~~~~~~~~~~~~~~~~
    )(_source, info, **field_kwargs)
    ~^^^^^^^^^^^^^^^^^^^^^^^^^^^^^^^
  File "D:\Driver C\Desktop\fullstack-internship\backend\job-tracker-backend\.venv\Lib\site-packages\strawberry\schema\schema_converter.py", line 1027, in wrapped_get_result
    return _get_result(
        _source,
    ...<2 lines>...
        field_kwargs=kwargs,
    )
  File "D:\Driver C\Desktop\fullstack-internship\backend\job-tracker-backend\.venv\Lib\site-packages\strawberry\schema\schema_converter.py", line 913, in _get_result
    return field.get_result(
           ~~~~~~~~~~~~~~~~^
        _source, info=info, args=field_args, kwargs=field_kwargs
        ^^^^^^^^^^^^^^^^^^^^^^^^^^^^^^^^^^^^^^^^^^^^^^^^^^^^^^^^
    )
    ^
  File "D:\Driver C\Desktop\fullstack-internship\backend\job-tracker-backend\.venv\Lib\site-packages\strawberry\types\field.py", line 232, in get_result
    return self.base_resolver(*args, **kwargs)
           ~~~~~~~~~~~~~~~~~~^^^^^^^^^^^^^^^^^
  File "D:\Driver C\Desktop\fullstack-internship\backend\job-tracker-backend\.venv\Lib\site-packages\strawberry\types\fields\resolver.py", line 238, in __call__
    return self.wrapped_func(*args, **kwargs)
           ~~~~~~~~~~~~~~~~~^^^^^^^^^^^^^^^^^
  File "D:\Driver C\Desktop\fullstack-internship\backend\job-tracker-backend\mutations.py", line 110, in create_user
    db.commit()
    ~~~~~~~~~^^
  File "D:\Driver C\Desktop\fullstack-internship\backend\job-tracker-backend\.venv\Lib\site-packages\sqlalchemy\orm\session.py", line 2035, in commit
    trans.commit(_to_root=True)
    ~~~~~~~~~~~~^^^^^^^^^^^^^^^
  File "<string>", line 2, in commit
  File "D:\Driver C\Desktop\fullstack-internship\backend\job-tracker-backend\.venv\Lib\site-packages\sqlalchemy\orm\state_changes.py", line 137, in _go
    ret_value = fn(self, *arg, **kw)
  File "D:\Driver C\Desktop\fullstack-internship\backend\job-tracker-backend\.venv\Lib\site-packages\sqlalchemy\orm\session.py", line 1316, in commit
    self._prepare_impl()
    ~~~~~~~~~~~~~~~~~~^^
  File "<string>", line 2, in _prepare_impl
  File "D:\Driver C\Desktop\fullstack-internship\backend\job-tracker-backend\.venv\Lib\site-packages\sqlalchemy\orm\state_changes.py", line 137, in _go
    ret_value = fn(self, *arg, **kw)
  File "D:\Driver C\Desktop\fullstack-internship\backend\job-tracker-backend\.venv\Lib\site-packages\sqlalchemy\orm\session.py", line 1290, in _prepare_impl
    self.session.flush()
    ~~~~~~~~~~~~~~~~~~^^
  File "D:\Driver C\Desktop\fullstack-internship\backend\job-tracker-backend\.venv\Lib\site-packages\sqlalchemy\orm\session.py", line 4353, in flush
    self._flush(objects)
    ~~~~~~~~~~~^^^^^^^^^
  File "D:\Driver C\Desktop\fullstack-internship\backend\job-tracker-backend\.venv\Lib\site-packages\sqlalchemy\orm\session.py", line 4488, in _flush
    with util.safe_reraise():
         ~~~~~~~~~~~~~~~~~^^
  File "D:\Driver C\Desktop\fullstack-internship\backend\job-tracker-backend\.venv\Lib\site-packages\sqlalchemy\util\langhelpers.py", line 122, in __exit__
    raise exc_value.with_traceback(exc_tb)
  File "D:\Driver C\Desktop\fullstack-internship\backend\job-tracker-backend\.venv\Lib\site-packages\sqlalchemy\orm\session.py", line 4449, in _flush
    flush_context.execute()
    ~~~~~~~~~~~~~~~~~~~~~^^
  File "D:\Driver C\Desktop\fullstack-internship\backend\job-tracker-backend\.venv\Lib\site-packages\sqlalchemy\orm\unitofwork.py", line 465, in execute
    rec.execute(self)
    ~~~~~~~~~~~^^^^^^
  File "D:\Driver C\Desktop\fullstack-internship\backend\job-tracker-backend\.venv\Lib\site-packages\sqlalchemy\orm\unitofwork.py", line 641, in execute
    util.preloaded.orm_persistence.save_obj(
    ~~~~~~~~~~~~~~~~~~~~~~~~~~~~~~~~~~~~~~~^
        self.mapper,
        ^^^^^^^^^^^^
        uow.states_for_mapper_hierarchy(self.mapper, False, False),
        ^^^^^^^^^^^^^^^^^^^^^^^^^^^^^^^^^^^^^^^^^^^^^^^^^^^^^^^^^^^
        uow,
        ^^^^
    )
    ^
  File "D:\Driver C\Desktop\fullstack-internship\backend\job-tracker-backend\.venv\Lib\site-packages\sqlalchemy\orm\persistence.py", line 69, in save_obj
    ) in _organize_states_for_save(base_mapper, states, uowtransaction):
         ~~~~~~~~~~~~~~~~~~~~~~~~~^^^^^^^^^^^^^^^^^^^^^^^^^^^^^^^^^^^^^
  File "D:\Driver C\Desktop\fullstack-internship\backend\job-tracker-backend\.venv\Lib\site-packages\sqlalchemy\orm\persistence.py", line 224, in _organize_states_for_save
    for state, dict_, mapper, connection in _connections_for_states(
                                            ~~~~~~~~~~~~~~~~~~~~~~~^
        base_mapper, uowtransaction, states
        ^^^^^^^^^^^^^^^^^^^^^^^^^^^^^^^^^^^
    ):
    ^
  File "D:\Driver C\Desktop\fullstack-internship\backend\job-tracker-backend\.venv\Lib\site-packages\sqlalchemy\orm\persistence.py", line 1760, in _connections_for_states
    connection = uowtransaction.transaction.connection(base_mapper)
  File "<string>", line 2, in connection
  File "D:\Driver C\Desktop\fullstack-internship\backend\job-tracker-backend\.venv\Lib\site-packages\sqlalchemy\orm\state_changes.py", line 137, in _go
    ret_value = fn(self, *arg, **kw)
  File "D:\Driver C\Desktop\fullstack-internship\backend\job-tracker-backend\.venv\Lib\site-packages\sqlalchemy\orm\session.py", line 1041, in connection
    return self._connection_for_bind(bind, execution_options)
           ~~~~~~~~~~~~~~~~~~~~~~~~~^^^^^^^^^^^^^^^^^^^^^^^^^
  File "<string>", line 2, in _connection_for_bind
  File "D:\Driver C\Desktop\fullstack-internship\backend\job-tracker-backend\.venv\Lib\site-packages\sqlalchemy\orm\state_changes.py", line 137, in _go
    ret_value = fn(self, *arg, **kw)
  File "D:\Driver C\Desktop\fullstack-internship\backend\job-tracker-backend\.venv\Lib\site-packages\sqlalchemy\orm\session.py", line 1177, in _connection_for_bind
    conn = self._parent._connection_for_bind(
        bind, execution_options
    )
  File "<string>", line 2, in _connection_for_bind
  File "D:\Driver C\Desktop\fullstack-internship\backend\job-tracker-backend\.venv\Lib\site-packages\sqlalchemy\orm\state_changes.py", line 137, in _go
    ret_value = fn(self, *arg, **kw)
  File "D:\Driver C\Desktop\fullstack-internship\backend\job-tracker-backend\.venv\Lib\site-packages\sqlalchemy\orm\session.py", line 1191, in _connection_for_bind
    conn = bind.connect()
  File "D:\Driver C\Desktop\fullstack-internship\backend\job-tracker-backend\.venv\Lib\site-packages\sqlalchemy\engine\base.py", line 3295, in connect
    return self._connection_cls(self)
           ~~~~~~~~~~~~~~~~~~~~^^^^^^
  File "D:\Driver C\Desktop\fullstack-internship\backend\job-tracker-backend\.venv\Lib\site-packages\sqlalchemy\engine\base.py", line 146, in __init__
    Connection._handle_dbapi_exception_noconnection(
    ~~~~~~~~~~~~~~~~~~~~~~~~~~~~~~~~~~~~~~~~~~~~~~~^
        err, dialect, engine
        ^^^^^^^^^^^^^^^^^^^^
    )
    ^
  File "D:\Driver C\Desktop\fullstack-internship\backend\job-tracker-backend\.venv\Lib\site-packages\sqlalchemy\engine\base.py", line 2450, in _handle_dbapi_exception_noconnection
    raise sqlalchemy_exception.with_traceback(exc_info[2]) from e
  File "D:\Driver C\Desktop\fullstack-internship\backend\job-tracker-backend\.venv\Lib\site-packages\sqlalchemy\engine\base.py", line 144, in __init__
    self._dbapi_connection = engine.raw_connection()
                             ~~~~~~~~~~~~~~~~~~~~~^^
  File "D:\Driver C\Desktop\fullstack-internship\backend\job-tracker-backend\.venv\Lib\site-packages\sqlalchemy\engine\base.py", line 3319, in raw_connection
    return self.pool.connect()
           ~~~~~~~~~~~~~~~~~^^
  File "D:\Driver C\Desktop\fullstack-internship\backend\job-tracker-backend\.venv\Lib\site-packages\sqlalchemy\pool\base.py", line 448, in connect
    return _ConnectionFairy._checkout(self)
           ~~~~~~~~~~~~~~~~~~~~~~~~~~^^^^^^
  File "D:\Driver C\Desktop\fullstack-internship\backend\job-tracker-backend\.venv\Lib\site-packages\sqlalchemy\pool\base.py", line 1272, in _checkout
    fairy = _ConnectionRecord.checkout(pool)
  File "D:\Driver C\Desktop\fullstack-internship\backend\job-tracker-backend\.venv\Lib\site-packages\sqlalchemy\pool\base.py", line 712, in checkout
    rec = pool._do_get()
  File "D:\Driver C\Desktop\fullstack-internship\backend\job-tracker-backend\.venv\Lib\site-packages\sqlalchemy\pool\impl.py", line 178, in _do_get
    with util.safe_reraise():
         ~~~~~~~~~~~~~~~~~^^
  File "D:\Driver C\Desktop\fullstack-internship\backend\job-tracker-backend\.venv\Lib\site-packages\sqlalchemy\util\langhelpers.py", line 122, in __exit__
    raise exc_value.with_traceback(exc_tb)
  File "D:\Driver C\Desktop\fullstack-internship\backend\job-tracker-backend\.venv\Lib\site-packages\sqlalchemy\pool\impl.py", line 176, in _do_get
    return self._create_connection()
           ~~~~~~~~~~~~~~~~~~~~~~~^^
  File "D:\Driver C\Desktop\fullstack-internship\backend\job-tracker-backend\.venv\Lib\site-packages\sqlalchemy\pool\base.py", line 389, in _create_connection
    return _ConnectionRecord(self)
  File "D:\Driver C\Desktop\fullstack-internship\backend\job-tracker-backend\.venv\Lib\site-packages\sqlalchemy\pool\base.py", line 674, in __init__
    self.__connect()
    ~~~~~~~~~~~~~~^^
  File "D:\Driver C\Desktop\fullstack-internship\backend\job-tracker-backend\.venv\Lib\site-packages\sqlalchemy\pool\base.py", line 900, in __connect
    with util.safe_reraise():
         ~~~~~~~~~~~~~~~~~^^
  File "D:\Driver C\Desktop\fullstack-internship\backend\job-tracker-backend\.venv\Lib\site-packages\sqlalchemy\util\langhelpers.py", line 122, in __exit__
    raise exc_value.with_traceback(exc_tb)
  File "D:\Driver C\Desktop\fullstack-internship\backend\job-tracker-backend\.venv\Lib\site-packages\sqlalchemy\pool\base.py", line 896, in __connect
    self.dbapi_connection = connection = pool._invoke_creator(self)
                                         ~~~~~~~~~~~~~~~~~~~~^^^^^^
  File "D:\Driver C\Desktop\fullstack-internship\backend\job-tracker-backend\.venv\Lib\site-packages\sqlalchemy\engine\create.py", line 667, in connect
    return dialect.connect(*cargs_tup, **cparams)
           ~~~~~~~~~~~~~~~^^^^^^^^^^^^^^^^^^^^^^^
  File "D:\Driver C\Desktop\fullstack-internship\backend\job-tracker-backend\.venv\Lib\site-packages\sqlalchemy\engine\default.py", line 630, in connect
    return self.loaded_dbapi.connect(*cargs, **cparams)  # type: ignore[no-any-return]  # NOQA: E501
           ~~~~~~~~~~~~~~~~~~~~~~~~~^^^^^^^^^^^^^^^^^^^
  File "D:\Driver C\Desktop\fullstack-internship\backend\job-tracker-backend\.venv\Lib\site-packages\psycopg2\__init__.py", line 135, in connect
    conn = _connect(dsn, connection_factory=connection_factory, **kwasync)
sqlalchemy.exc.OperationalError: (psycopg2.OperationalError) connection to server at "localhost" (::1), port 5432 failed: FATAL:  password authentication failed for user "postgres"

(Background on this error at: https://sqlalche.me/e/20/e3q8)
INFO:     127.0.0.1:58486 - "POST /graphql HTTP/1.1" 200 OK
(psycopg2.OperationalError) connection to server at "localhost" (::1), port 5432 failed: FATAL:  password authentication failed for user "postgres"

(Background on this error at: https://sqlalche.me/e/20/e3q8)

GraphQL request:2:5
1 | mutation{
2 |     loginUser(userInput:
  |     ^
3 |      {
Traceback (most recent call last):
  File "D:\Driver C\Desktop\fullstack-internship\backend\job-tracker-backend\.venv\Lib\site-packages\sqlalchemy\engine\base.py", line 144, in __init__
    self._dbapi_connection = engine.raw_connection()
                             ~~~~~~~~~~~~~~~~~~~~~^^
  File "D:\Driver C\Desktop\fullstack-internship\backend\job-tracker-backend\.venv\Lib\site-packages\sqlalchemy\engine\base.py", line 3319, in raw_connection
    return self.pool.connect()
           ~~~~~~~~~~~~~~~~~^^
  File "D:\Driver C\Desktop\fullstack-internship\backend\job-tracker-backend\.venv\Lib\site-packages\sqlalchemy\pool\base.py", line 448, in connect
    return _ConnectionFairy._checkout(self)
           ~~~~~~~~~~~~~~~~~~~~~~~~~~^^^^^^
  File "D:\Driver C\Desktop\fullstack-internship\backend\job-tracker-backend\.venv\Lib\site-packages\sqlalchemy\pool\base.py", line 1272, in _checkout
    fairy = _ConnectionRecord.checkout(pool)
  File "D:\Driver C\Desktop\fullstack-internship\backend\job-tracker-backend\.venv\Lib\site-packages\sqlalchemy\pool\base.py", line 712, in checkout
    rec = pool._do_get()
  File "D:\Driver C\Desktop\fullstack-internship\backend\job-tracker-backend\.venv\Lib\site-packages\sqlalchemy\pool\impl.py", line 178, in _do_get
    with util.safe_reraise():
         ~~~~~~~~~~~~~~~~~^^
  File "D:\Driver C\Desktop\fullstack-internship\backend\job-tracker-backend\.venv\Lib\site-packages\sqlalchemy\util\langhelpers.py", line 122, in __exit__
    raise exc_value.with_traceback(exc_tb)
  File "D:\Driver C\Desktop\fullstack-internship\backend\job-tracker-backend\.venv\Lib\site-packages\sqlalchemy\pool\impl.py", line 176, in _do_get
    return self._create_connection()
           ~~~~~~~~~~~~~~~~~~~~~~~^^
  File "D:\Driver C\Desktop\fullstack-internship\backend\job-tracker-backend\.venv\Lib\site-packages\sqlalchemy\pool\base.py", line 389, in _create_connection
    return _ConnectionRecord(self)
  File "D:\Driver C\Desktop\fullstack-internship\backend\job-tracker-backend\.venv\Lib\site-packages\sqlalchemy\pool\base.py", line 674, in __init__
    self.__connect()
    ~~~~~~~~~~~~~~^^
  File "D:\Driver C\Desktop\fullstack-internship\backend\job-tracker-backend\.venv\Lib\site-packages\sqlalchemy\pool\base.py", line 900, in __connect
    with util.safe_reraise():
         ~~~~~~~~~~~~~~~~~^^
  File "D:\Driver C\Desktop\fullstack-internship\backend\job-tracker-backend\.venv\Lib\site-packages\sqlalchemy\util\langhelpers.py", line 122, in __exit__
    raise exc_value.with_traceback(exc_tb)
  File "D:\Driver C\Desktop\fullstack-internship\backend\job-tracker-backend\.venv\Lib\site-packages\sqlalchemy\pool\base.py", line 896, in __connect
    self.dbapi_connection = connection = pool._invoke_creator(self)
                                         ~~~~~~~~~~~~~~~~~~~~^^^^^^
  File "D:\Driver C\Desktop\fullstack-internship\backend\job-tracker-backend\.venv\Lib\site-packages\sqlalchemy\engine\create.py", line 667, in connect
    return dialect.connect(*cargs_tup, **cparams)
           ~~~~~~~~~~~~~~~^^^^^^^^^^^^^^^^^^^^^^^
  File "D:\Driver C\Desktop\fullstack-internship\backend\job-tracker-backend\.venv\Lib\site-packages\sqlalchemy\engine\default.py", line 630, in connect
    return self.loaded_dbapi.connect(*cargs, **cparams)  # type: ignore[no-any-return]  # NOQA: E501
           ~~~~~~~~~~~~~~~~~~~~~~~~~^^^^^^^^^^^^^^^^^^^
  File "D:\Driver C\Desktop\fullstack-internship\backend\job-tracker-backend\.venv\Lib\site-packages\psycopg2\__init__.py", line 135, in connect
    conn = _connect(dsn, connection_factory=connection_factory, **kwasync)
psycopg2.OperationalError: connection to server at "localhost" (::1), port 5432 failed: FATAL:  password authentication failed for user "postgres"


The above exception was the direct cause of the following exception:

Traceback (most recent call last):
  File "D:\Driver C\Desktop\fullstack-internship\backend\job-tracker-backend\.venv\Lib\site-packages\graphql\execution\execute.py", line 562, in execute_field
    result = resolve_fn(source, info, **args)
  File "D:\Driver C\Desktop\fullstack-internship\backend\job-tracker-backend\.venv\Lib\site-packages\strawberry\schema\schema_converter.py", line 1049, in _resolver
    return _get_result_with_extensions(
        _source,
        strawberry_info,
        **kwargs,
    )
  File "D:\Driver C\Desktop\fullstack-internship\backend\job-tracker-backend\.venv\Lib\site-packages\strawberry\schema\schema_converter.py", line 1035, in extension_resolver
    return reduce(
           ~~~~~~~
    ...<2 lines>...
        wrapped_get_result,
        ~~~~~~~~~~~~~~~~~~~
    )(_source, info, **field_kwargs)
    ~^^^^^^^^^^^^^^^^^^^^^^^^^^^^^^^
  File "D:\Driver C\Desktop\fullstack-internship\backend\job-tracker-backend\.venv\Lib\site-packages\strawberry\schema\schema_converter.py", line 1027, in wrapped_get_result
    return _get_result(
        _source,
    ...<2 lines>...
        field_kwargs=kwargs,
    )
  File "D:\Driver C\Desktop\fullstack-internship\backend\job-tracker-backend\.venv\Lib\site-packages\strawberry\schema\schema_converter.py", line 913, in _get_result
    return field.get_result(
           ~~~~~~~~~~~~~~~~^
        _source, info=info, args=field_args, kwargs=field_kwargs
        ^^^^^^^^^^^^^^^^^^^^^^^^^^^^^^^^^^^^^^^^^^^^^^^^^^^^^^^^
    )
    ^
  File "D:\Driver C\Desktop\fullstack-internship\backend\job-tracker-backend\.venv\Lib\site-packages\strawberry\types\field.py", line 232, in get_result
    return self.base_resolver(*args, **kwargs)
           ~~~~~~~~~~~~~~~~~~^^^^^^^^^^^^^^^^^
  File "D:\Driver C\Desktop\fullstack-internship\backend\job-tracker-backend\.venv\Lib\site-packages\strawberry\types\fields\resolver.py", line 238, in __call__
    return self.wrapped_func(*args, **kwargs)
           ~~~~~~~~~~~~~~~~~^^^^^^^^^^^^^^^^^
  File "D:\Driver C\Desktop\fullstack-internship\backend\job-tracker-backend\auth.py", line 10, in login_user
    user = db.query(models.User).filter(user_input.email == models.User.email).first()
  File "D:\Driver C\Desktop\fullstack-internship\backend\job-tracker-backend\.venv\Lib\site-packages\sqlalchemy\orm\query.py", line 2766, in first
    return self.limit(1)._iter().first()  # type: ignore
           ~~~~~~~~~~~~~~~~~~~^^
  File "D:\Driver C\Desktop\fullstack-internship\backend\job-tracker-backend\.venv\Lib\site-packages\sqlalchemy\orm\query.py", line 2864, in _iter
    result: Union[ScalarResult[_T], Result[_T]] = self.session.execute(
                                                  ~~~~~~~~~~~~~~~~~~~~^
        statement,
        ^^^^^^^^^^
        params,
        ^^^^^^^
        execution_options={"_sa_orm_load_options": self.load_options},
        ^^^^^^^^^^^^^^^^^^^^^^^^^^^^^^^^^^^^^^^^^^^^^^^^^^^^^^^^^^^^^^
    )
    ^
  File "D:\Driver C\Desktop\fullstack-internship\backend\job-tracker-backend\.venv\Lib\site-packages\sqlalchemy\orm\session.py", line 2373, in execute
    return self._execute_internal(
           ~~~~~~~~~~~~~~~~~~~~~~^
        statement,
        ^^^^^^^^^^
    ...<4 lines>...
        _add_event=_add_event,
        ^^^^^^^^^^^^^^^^^^^^^^
    )
    ^
  File "D:\Driver C\Desktop\fullstack-internship\backend\job-tracker-backend\.venv\Lib\site-packages\sqlalchemy\orm\session.py", line 2261, in _execute_internal
    conn = self._connection_for_bind(bind)
  File "D:\Driver C\Desktop\fullstack-internship\backend\job-tracker-backend\.venv\Lib\site-packages\sqlalchemy\orm\session.py", line 2113, in _connection_for_bind
    return trans._connection_for_bind(engine, execution_options)
           ~~~~~~~~~~~~~~~~~~~~~~~~~~^^^^^^^^^^^^^^^^^^^^^^^^^^^
  File "<string>", line 2, in _connection_for_bind
  File "D:\Driver C\Desktop\fullstack-internship\backend\job-tracker-backend\.venv\Lib\site-packages\sqlalchemy\orm\state_changes.py", line 137, in _go
    ret_value = fn(self, *arg, **kw)
  File "D:\Driver C\Desktop\fullstack-internship\backend\job-tracker-backend\.venv\Lib\site-packages\sqlalchemy\orm\session.py", line 1191, in _connection_for_bind
    conn = bind.connect()
  File "D:\Driver C\Desktop\fullstack-internship\backend\job-tracker-backend\.venv\Lib\site-packages\sqlalchemy\engine\base.py", line 3295, in connect
    return self._connection_cls(self)
           ~~~~~~~~~~~~~~~~~~~~^^^^^^
  File "D:\Driver C\Desktop\fullstack-internship\backend\job-tracker-backend\.venv\Lib\site-packages\sqlalchemy\engine\base.py", line 146, in __init__
    Connection._handle_dbapi_exception_noconnection(
    ~~~~~~~~~~~~~~~~~~~~~~~~~~~~~~~~~~~~~~~~~~~~~~~^
        err, dialect, engine
        ^^^^^^^^^^^^^^^^^^^^
    )
    ^
  File "D:\Driver C\Desktop\fullstack-internship\backend\job-tracker-backend\.venv\Lib\site-packages\sqlalchemy\engine\base.py", line 2450, in _handle_dbapi_exception_noconnection
    raise sqlalchemy_exception.with_traceback(exc_info[2]) from e
  File "D:\Driver C\Desktop\fullstack-internship\backend\job-tracker-backend\.venv\Lib\site-packages\sqlalchemy\engine\base.py", line 144, in __init__
    self._dbapi_connection = engine.raw_connection()
                             ~~~~~~~~~~~~~~~~~~~~~^^
  File "D:\Driver C\Desktop\fullstack-internship\backend\job-tracker-backend\.venv\Lib\site-packages\sqlalchemy\engine\base.py", line 3319, in raw_connection
    return self.pool.connect()
           ~~~~~~~~~~~~~~~~~^^
  File "D:\Driver C\Desktop\fullstack-internship\backend\job-tracker-backend\.venv\Lib\site-packages\sqlalchemy\pool\base.py", line 448, in connect
    return _ConnectionFairy._checkout(self)
           ~~~~~~~~~~~~~~~~~~~~~~~~~~^^^^^^
  File "D:\Driver C\Desktop\fullstack-internship\backend\job-tracker-backend\.venv\Lib\site-packages\sqlalchemy\pool\base.py", line 1272, in _checkout
    fairy = _ConnectionRecord.checkout(pool)
  File "D:\Driver C\Desktop\fullstack-internship\backend\job-tracker-backend\.venv\Lib\site-packages\sqlalchemy\pool\base.py", line 712, in checkout
    rec = pool._do_get()
  File "D:\Driver C\Desktop\fullstack-internship\backend\job-tracker-backend\.venv\Lib\site-packages\sqlalchemy\pool\impl.py", line 178, in _do_get
    with util.safe_reraise():
         ~~~~~~~~~~~~~~~~~^^
  File "D:\Driver C\Desktop\fullstack-internship\backend\job-tracker-backend\.venv\Lib\site-packages\sqlalchemy\util\langhelpers.py", line 122, in __exit__
    raise exc_value.with_traceback(exc_tb)
  File "D:\Driver C\Desktop\fullstack-internship\backend\job-tracker-backend\.venv\Lib\site-packages\sqlalchemy\pool\impl.py", line 176, in _do_get
    return self._create_connection()
           ~~~~~~~~~~~~~~~~~~~~~~~^^
  File "D:\Driver C\Desktop\fullstack-internship\backend\job-tracker-backend\.venv\Lib\site-packages\sqlalchemy\pool\base.py", line 389, in _create_connection
    return _ConnectionRecord(self)
  File "D:\Driver C\Desktop\fullstack-internship\backend\job-tracker-backend\.venv\Lib\site-packages\sqlalchemy\pool\base.py", line 674, in __init__
    self.__connect()
    ~~~~~~~~~~~~~~^^
  File "D:\Driver C\Desktop\fullstack-internship\backend\job-tracker-backend\.venv\Lib\site-packages\sqlalchemy\pool\base.py", line 900, in __connect
    with util.safe_reraise():
         ~~~~~~~~~~~~~~~~~^^
  File "D:\Driver C\Desktop\fullstack-internship\backend\job-tracker-backend\.venv\Lib\site-packages\sqlalchemy\util\langhelpers.py", line 122, in __exit__
    raise exc_value.with_traceback(exc_tb)
  File "D:\Driver C\Desktop\fullstack-internship\backend\job-tracker-backend\.venv\Lib\site-packages\sqlalchemy\pool\base.py", line 896, in __connect
    self.dbapi_connection = connection = pool._invoke_creator(self)
                                         ~~~~~~~~~~~~~~~~~~~~^^^^^^
  File "D:\Driver C\Desktop\fullstack-internship\backend\job-tracker-backend\.venv\Lib\site-packages\sqlalchemy\engine\create.py", line 667, in connect
    return dialect.connect(*cargs_tup, **cparams)
           ~~~~~~~~~~~~~~~^^^^^^^^^^^^^^^^^^^^^^^
  File "D:\Driver C\Desktop\fullstack-internship\backend\job-tracker-backend\.venv\Lib\site-packages\sqlalchemy\engine\default.py", line 630, in connect
    return self.loaded_dbapi.connect(*cargs, **cparams)  # type: ignore[no-any-return]  # NOQA: E501
           ~~~~~~~~~~~~~~~~~~~~~~~~~^^^^^^^^^^^^^^^^^^^
  File "D:\Driver C\Desktop\fullstack-internship\backend\job-tracker-backend\.venv\Lib\site-packages\psycopg2\__init__.py", line 135, in connect
    conn = _connect(dsn, connection_factory=connection_factory, **kwasync)
sqlalchemy.exc.OperationalError: (psycopg2.OperationalError) connection to server at "localhost" (::1), port 5432 failed: FATAL:  password authentication failed for user "postgres"

(Background on this error at: https://sqlalche.me/e/20/e3q8)
INFO:     127.0.0.1:58651 - "POST /graphql HTTP/1.1" 200 OK
WARNING:  WatchFiles detected changes in 'database.py'. Reloading...
 (psycopg2.OperationalError) connection to server at "localhost" (::1), port 5432 failed: FATAL:  password authentication failed for user "postgres"

(Background on this error at: https://sqlalche.me/e/20/e3q8)

GraphQL request:2:5
1 | mutation{
2 |     loginUser(userInput:
  |     ^
3 |      {
Traceback (most recent call last):
  File "D:\Driver C\Desktop\fullstack-internship\backend\job-tracker-backend\.venv\Lib\site-packages\sqlalchemy\engine\base.py", line 144, in __init__
    self._dbapi_connection = engine.raw_connection()
                             ~~~~~~~~~~~~~~~~~~~~~^^
  File "D:\Driver C\Desktop\fullstack-internship\backend\job-tracker-backend\.venv\Lib\site-packages\sqlalchemy\engine\base.py", line 3319, in raw_connection
    return self.pool.connect()
           ~~~~~~~~~~~~~~~~~^^
  File "D:\Driver C\Desktop\fullstack-internship\backend\job-tracker-backend\.venv\Lib\site-packages\sqlalchemy\pool\base.py", line 448, in connect
    return _ConnectionFairy._checkout(self)
           ~~~~~~~~~~~~~~~~~~~~~~~~~~^^^^^^
  File "D:\Driver C\Desktop\fullstack-internship\backend\job-tracker-backend\.venv\Lib\site-packages\sqlalchemy\pool\base.py", line 1272, in _checkout
    fairy = _ConnectionRecord.checkout(pool)
  File "D:\Driver C\Desktop\fullstack-internship\backend\job-tracker-backend\.venv\Lib\site-packages\sqlalchemy\pool\base.py", line 712, in checkout
    rec = pool._do_get()
  File "D:\Driver C\Desktop\fullstack-internship\backend\job-tracker-backend\.venv\Lib\site-packages\sqlalchemy\pool\impl.py", line 178, in _do_get
    with util.safe_reraise():
         ~~~~~~~~~~~~~~~~~^^
  File "D:\Driver C\Desktop\fullstack-internship\backend\job-tracker-backend\.venv\Lib\site-packages\sqlalchemy\util\langhelpers.py", line 122, in __exit__
    raise exc_value.with_traceback(exc_tb)
  File "D:\Driver C\Desktop\fullstack-internship\backend\job-tracker-backend\.venv\Lib\site-packages\sqlalchemy\pool\impl.py", line 176, in _do_get
    return self._create_connection()
           ~~~~~~~~~~~~~~~~~~~~~~~^^
  File "D:\Driver C\Desktop\fullstack-internship\backend\job-tracker-backend\.venv\Lib\site-packages\sqlalchemy\pool\base.py", line 389, in _create_connection
    return _ConnectionRecord(self)
  File "D:\Driver C\Desktop\fullstack-internship\backend\job-tracker-backend\.venv\Lib\site-packages\sqlalchemy\pool\base.py", line 674, in __init__
    self.__connect()
    ~~~~~~~~~~~~~~^^
  File "D:\Driver C\Desktop\fullstack-internship\backend\job-tracker-backend\.venv\Lib\site-packages\sqlalchemy\pool\base.py", line 900, in __connect
    with util.safe_reraise():
         ~~~~~~~~~~~~~~~~~^^
  File "D:\Driver C\Desktop\fullstack-internship\backend\job-tracker-backend\.venv\Lib\site-packages\sqlalchemy\util\langhelpers.py", line 122, in __exit__
    raise exc_value.with_traceback(exc_tb)
  File "D:\Driver C\Desktop\fullstack-internship\backend\job-tracker-backend\.venv\Lib\site-packages\sqlalchemy\pool\base.py", line 896, in __connect
    self.dbapi_connection = connection = pool._invoke_creator(self)
                                         ~~~~~~~~~~~~~~~~~~~~^^^^^^
  File "D:\Driver C\Desktop\fullstack-internship\backend\job-tracker-backend\.venv\Lib\site-packages\sqlalchemy\engine\create.py", line 667, in connect
    return dialect.connect(*cargs_tup, **cparams)
           ~~~~~~~~~~~~~~~^^^^^^^^^^^^^^^^^^^^^^^
  File "D:\Driver C\Desktop\fullstack-internship\backend\job-tracker-backend\.venv\Lib\site-packages\sqlalchemy\engine\default.py", line 630, in connect
    return self.loaded_dbapi.connect(*cargs, **cparams)  # type: ignore[no-any-return]  # NOQA: E501
           ~~~~~~~~~~~~~~~~~~~~~~~~~^^^^^^^^^^^^^^^^^^^
  File "D:\Driver C\Desktop\fullstack-internship\backend\job-tracker-backend\.venv\Lib\site-packages\psycopg2\__init__.py", line 135, in connect
    conn = _connect(dsn, connection_factory=connection_factory, **kwasync)
psycopg2.OperationalError: connection to server at "localhost" (::1), port 5432 failed: FATAL:  password authentication failed for user "postgres"


The above exception was the direct cause of the following exception:

Traceback (most recent call last):
  File "D:\Driver C\Desktop\fullstack-internship\backend\job-tracker-backend\.venv\Lib\site-packages\graphql\execution\execute.py", line 562, in execute_field
    result = resolve_fn(source, info, **args)
  File "D:\Driver C\Desktop\fullstack-internship\backend\job-tracker-backend\.venv\Lib\site-packages\strawberry\schema\schema_converter.py", line 1049, in _resolver
    return _get_result_with_extensions(
        _source,
        strawberry_info,
        **kwargs,
    )
  File "D:\Driver C\Desktop\fullstack-internship\backend\job-tracker-backend\.venv\Lib\site-packages\strawberry\schema\schema_converter.py", line 1035, in extension_resolver
    return reduce(
           ~~~~~~~
    ...<2 lines>...
        wrapped_get_result,
        ~~~~~~~~~~~~~~~~~~~
    )(_source, info, **field_kwargs)
    ~^^^^^^^^^^^^^^^^^^^^^^^^^^^^^^^
  File "D:\Driver C\Desktop\fullstack-internship\backend\job-tracker-backend\.venv\Lib\site-packages\strawberry\schema\schema_converter.py", line 1027, in wrapped_get_result
    return _get_result(
        _source,
    ...<2 lines>...
        field_kwargs=kwargs,
    )
  File "D:\Driver C\Desktop\fullstack-internship\backend\job-tracker-backend\.venv\Lib\site-packages\strawberry\schema\schema_converter.py", line 913, in _get_result
    return field.get_result(
           ~~~~~~~~~~~~~~~~^
        _source, info=info, args=field_args, kwargs=field_kwargs
        ^^^^^^^^^^^^^^^^^^^^^^^^^^^^^^^^^^^^^^^^^^^^^^^^^^^^^^^^
    )
    ^
  File "D:\Driver C\Desktop\fullstack-internship\backend\job-tracker-backend\.venv\Lib\site-packages\strawberry\types\field.py", line 232, in get_result
    return self.base_resolver(*args, **kwargs)
           ~~~~~~~~~~~~~~~~~~^^^^^^^^^^^^^^^^^
  File "D:\Driver C\Desktop\fullstack-internship\backend\job-tracker-backend\.venv\Lib\site-packages\strawberry\types\fields\resolver.py", line 238, in __call__
    return self.wrapped_func(*args, **kwargs)
           ~~~~~~~~~~~~~~~~~^^^^^^^^^^^^^^^^^
  File "D:\Driver C\Desktop\fullstack-internship\backend\job-tracker-backend\auth.py", line 10, in login_user
    user = db.query(models.User).filter(user_input.email == models.User.email).first()
  File "D:\Driver C\Desktop\fullstack-internship\backend\job-tracker-backend\.venv\Lib\site-packages\sqlalchemy\orm\query.py", line 2766, in first
    return self.limit(1)._iter().first()  # type: ignore
           ~~~~~~~~~~~~~~~~~~~^^
  File "D:\Driver C\Desktop\fullstack-internship\backend\job-tracker-backend\.venv\Lib\site-packages\sqlalchemy\orm\query.py", line 2864, in _iter
    result: Union[ScalarResult[_T], Result[_T]] = self.session.execute(
                                                  ~~~~~~~~~~~~~~~~~~~~^
        statement,
        ^^^^^^^^^^
        params,
        ^^^^^^^
        execution_options={"_sa_orm_load_options": self.load_options},
        ^^^^^^^^^^^^^^^^^^^^^^^^^^^^^^^^^^^^^^^^^^^^^^^^^^^^^^^^^^^^^^
    )
    ^
  File "D:\Driver C\Desktop\fullstack-internship\backend\job-tracker-backend\.venv\Lib\site-packages\sqlalchemy\orm\session.py", line 2373, in execute
    return self._execute_internal(
           ~~~~~~~~~~~~~~~~~~~~~~^
        statement,
        ^^^^^^^^^^
    ...<4 lines>...
        _add_event=_add_event,
        ^^^^^^^^^^^^^^^^^^^^^^
    )
    ^
  File "D:\Driver C\Desktop\fullstack-internship\backend\job-tracker-backend\.venv\Lib\site-packages\sqlalchemy\orm\session.py", line 2261, in _execute_internal
    conn = self._connection_for_bind(bind)
  File "D:\Driver C\Desktop\fullstack-internship\backend\job-tracker-backend\.venv\Lib\site-packages\sqlalchemy\orm\session.py", line 2113, in _connection_for_bind
    return trans._connection_for_bind(engine, execution_options)
           ~~~~~~~~~~~~~~~~~~~~~~~~~~^^^^^^^^^^^^^^^^^^^^^^^^^^^
  File "<string>", line 2, in _connection_for_bind
  File "D:\Driver C\Desktop\fullstack-internship\backend\job-tracker-backend\.venv\Lib\site-packages\sqlalchemy\orm\state_changes.py", line 137, in _go
    ret_value = fn(self, *arg, **kw)
  File "D:\Driver C\Desktop\fullstack-internship\backend\job-tracker-backend\.venv\Lib\site-packages\sqlalchemy\orm\session.py", line 1191, in _connection_for_bind
    conn = bind.connect()
  File "D:\Driver C\Desktop\fullstack-internship\backend\job-tracker-backend\.venv\Lib\site-packages\sqlalchemy\engine\base.py", line 3295, in connect
    return self._connection_cls(self)
           ~~~~~~~~~~~~~~~~~~~~^^^^^^
  File "D:\Driver C\Desktop\fullstack-internship\backend\job-tracker-backend\.venv\Lib\site-packages\sqlalchemy\engine\base.py", line 146, in __init__
    Connection._handle_dbapi_exception_noconnection(
    ~~~~~~~~~~~~~~~~~~~~~~~~~~~~~~~~~~~~~~~~~~~~~~~^
        err, dialect, engine
        ^^^^^^^^^^^^^^^^^^^^
    )
    ^
  File "D:\Driver C\Desktop\fullstack-internship\backend\job-tracker-backend\.venv\Lib\site-packages\sqlalchemy\engine\base.py", line 2450, in _handle_dbapi_exception_noconnection
    raise sqlalchemy_exception.with_traceback(exc_info[2]) from e
  File "D:\Driver C\Desktop\fullstack-internship\backend\job-tracker-backend\.venv\Lib\site-packages\sqlalchemy\engine\base.py", line 144, in __init__
    self._dbapi_connection = engine.raw_connection()
                             ~~~~~~~~~~~~~~~~~~~~~^^
  File "D:\Driver C\Desktop\fullstack-internship\backend\job-tracker-backend\.venv\Lib\site-packages\sqlalchemy\engine\base.py", line 3319, in raw_connection
    return self.pool.connect()
           ~~~~~~~~~~~~~~~~~^^
  File "D:\Driver C\Desktop\fullstack-internship\backend\job-tracker-backend\.venv\Lib\site-packages\sqlalchemy\pool\base.py", line 448, in connect
    return _ConnectionFairy._checkout(self)
           ~~~~~~~~~~~~~~~~~~~~~~~~~~^^^^^^
  File "D:\Driver C\Desktop\fullstack-internship\backend\job-tracker-backend\.venv\Lib\site-packages\sqlalchemy\pool\base.py", line 1272, in _checkout
    fairy = _ConnectionRecord.checkout(pool)
  File "D:\Driver C\Desktop\fullstack-internship\backend\job-tracker-backend\.venv\Lib\site-packages\sqlalchemy\pool\base.py", line 712, in checkout
    rec = pool._do_get()
  File "D:\Driver C\Desktop\fullstack-internship\backend\job-tracker-backend\.venv\Lib\site-packages\sqlalchemy\pool\impl.py", line 178, in _do_get
    with util.safe_reraise():
         ~~~~~~~~~~~~~~~~~^^
  File "D:\Driver C\Desktop\fullstack-internship\backend\job-tracker-backend\.venv\Lib\site-packages\sqlalchemy\util\langhelpers.py", line 122, in __exit__
    raise exc_value.with_traceback(exc_tb)
  File "D:\Driver C\Desktop\fullstack-internship\backend\job-tracker-backend\.venv\Lib\site-packages\sqlalchemy\pool\impl.py", line 176, in _do_get
    return self._create_connection()
           ~~~~~~~~~~~~~~~~~~~~~~~^^
  File "D:\Driver C\Desktop\fullstack-internship\backend\job-tracker-backend\.venv\Lib\site-packages\sqlalchemy\pool\base.py", line 389, in _create_connection
    return _ConnectionRecord(self)
  File "D:\Driver C\Desktop\fullstack-internship\backend\job-tracker-backend\.venv\Lib\site-packages\sqlalchemy\pool\base.py", line 674, in __init__
    self.__connect()
    ~~~~~~~~~~~~~~^^
  File "D:\Driver C\Desktop\fullstack-internship\backend\job-tracker-backend\.venv\Lib\site-packages\sqlalchemy\pool\base.py", line 900, in __connect
    with util.safe_reraise():
         ~~~~~~~~~~~~~~~~~^^
  File "D:\Driver C\Desktop\fullstack-internship\backend\job-tracker-backend\.venv\Lib\site-packages\sqlalchemy\util\langhelpers.py", line 122, in __exit__
    raise exc_value.with_traceback(exc_tb)
  File "D:\Driver C\Desktop\fullstack-internship\backend\job-tracker-backend\.venv\Lib\site-packages\sqlalchemy\pool\base.py", line 896, in __connect
    self.dbapi_connection = connection = pool._invoke_creator(self)
                                         ~~~~~~~~~~~~~~~~~~~~^^^^^^
  File "D:\Driver C\Desktop\fullstack-internship\backend\job-tracker-backend\.venv\Lib\site-packages\sqlalchemy\engine\create.py", line 667, in connect
    return dialect.connect(*cargs_tup, **cparams)
           ~~~~~~~~~~~~~~~^^^^^^^^^^^^^^^^^^^^^^^
  File "D:\Driver C\Desktop\fullstack-internship\backend\job-tracker-backend\.venv\Lib\site-packages\sqlalchemy\engine\default.py", line 630, in connect
    return self.loaded_dbapi.connect(*cargs, **cparams)  # type: ignore[no-any-return]  # NOQA: E501
           ~~~~~~~~~~~~~~~~~~~~~~~~~^^^^^^^^^^^^^^^^^^^
  File "D:\Driver C\Desktop\fullstack-internship\backend\job-tracker-backend\.venv\Lib\site-packages\psycopg2\__init__.py", line 135, in connect
    conn = _connect(dsn, connection_factory=connection_factory, **kwasync)
sqlalchemy.exc.OperationalError: (psycopg2.OperationalError) connection to server at "localhost" (::1), port 5432 failed: FATAL:  password authentication failed for user "postgres"

(Background on this error at: https://sqlalche.me/e/20/e3q8)
INFO:     127.0.0.1:59305 - "POST /graphql HTTP/1.1" 200 OK
(psycopg2.OperationalError) connection to server at "localhost" (::1), port 5432 failed: FATAL:  password authentication failed for user "postgres"

(Background on this error at: https://sqlalche.me/e/20/e3q8)

GraphQL request:2:5
1 | mutation{
2 |     loginUser(userInput:
  |     ^
3 |      {
Traceback (most recent call last):
  File "D:\Driver C\Desktop\fullstack-internship\backend\job-tracker-backend\.venv\Lib\site-packages\sqlalchemy\engine\base.py", line 144, in __init__
    self._dbapi_connection = engine.raw_connection()
                             ~~~~~~~~~~~~~~~~~~~~~^^
  File "D:\Driver C\Desktop\fullstack-internship\backend\job-tracker-backend\.venv\Lib\site-packages\sqlalchemy\engine\base.py", line 3319, in raw_connection
    return self.pool.connect()
           ~~~~~~~~~~~~~~~~~^^
  File "D:\Driver C\Desktop\fullstack-internship\backend\job-tracker-backend\.venv\Lib\site-packages\sqlalchemy\pool\base.py", line 448, in connect
    return _ConnectionFairy._checkout(self)
           ~~~~~~~~~~~~~~~~~~~~~~~~~~^^^^^^
  File "D:\Driver C\Desktop\fullstack-internship\backend\job-tracker-backend\.venv\Lib\site-packages\sqlalchemy\pool\base.py", line 1272, in _checkout
    fairy = _ConnectionRecord.checkout(pool)
  File "D:\Driver C\Desktop\fullstack-internship\backend\job-tracker-backend\.venv\Lib\site-packages\sqlalchemy\pool\base.py", line 712, in checkout
    rec = pool._do_get()
  File "D:\Driver C\Desktop\fullstack-internship\backend\job-tracker-backend\.venv\Lib\site-packages\sqlalchemy\pool\impl.py", line 178, in _do_get
    with util.safe_reraise():
         ~~~~~~~~~~~~~~~~~^^
  File "D:\Driver C\Desktop\fullstack-internship\backend\job-tracker-backend\.venv\Lib\site-packages\sqlalchemy\util\langhelpers.py", line 122, in __exit__
    raise exc_value.with_traceback(exc_tb)
  File "D:\Driver C\Desktop\fullstack-internship\backend\job-tracker-backend\.venv\Lib\site-packages\sqlalchemy\pool\impl.py", line 176, in _do_get
    return self._create_connection()
           ~~~~~~~~~~~~~~~~~~~~~~~^^
  File "D:\Driver C\Desktop\fullstack-internship\backend\job-tracker-backend\.venv\Lib\site-packages\sqlalchemy\pool\base.py", line 389, in _create_connection
    return _ConnectionRecord(self)
  File "D:\Driver C\Desktop\fullstack-internship\backend\job-tracker-backend\.venv\Lib\site-packages\sqlalchemy\pool\base.py", line 674, in __init__
    self.__connect()
    ~~~~~~~~~~~~~~^^
  File "D:\Driver C\Desktop\fullstack-internship\backend\job-tracker-backend\.venv\Lib\site-packages\sqlalchemy\pool\base.py", line 900, in __connect
    with util.safe_reraise():
         ~~~~~~~~~~~~~~~~~^^
  File "D:\Driver C\Desktop\fullstack-internship\backend\job-tracker-backend\.venv\Lib\site-packages\sqlalchemy\util\langhelpers.py", line 122, in __exit__
    raise exc_value.with_traceback(exc_tb)
  File "D:\Driver C\Desktop\fullstack-internship\backend\job-tracker-backend\.venv\Lib\site-packages\sqlalchemy\pool\base.py", line 896, in __connect
    self.dbapi_connection = connection = pool._invoke_creator(self)
                                         ~~~~~~~~~~~~~~~~~~~~^^^^^^
  File "D:\Driver C\Desktop\fullstack-internship\backend\job-tracker-backend\.venv\Lib\site-packages\sqlalchemy\engine\create.py", line 667, in connect
    return dialect.connect(*cargs_tup, **cparams)
           ~~~~~~~~~~~~~~~^^^^^^^^^^^^^^^^^^^^^^^
  File "D:\Driver C\Desktop\fullstack-internship\backend\job-tracker-backend\.venv\Lib\site-packages\sqlalchemy\engine\default.py", line 630, in connect
    return self.loaded_dbapi.connect(*cargs, **cparams)  # type: ignore[no-any-return]  # NOQA: E501
           ~~~~~~~~~~~~~~~~~~~~~~~~~^^^^^^^^^^^^^^^^^^^
  File "D:\Driver C\Desktop\fullstack-internship\backend\job-tracker-backend\.venv\Lib\site-packages\psycopg2\__init__.py", line 135, in connect
    conn = _connect(dsn, connection_factory=connection_factory, **kwasync)
psycopg2.OperationalError: connection to server at "localhost" (::1), port 5432 failed: FATAL:  password authentication failed for user "postgres"


The above exception was the direct cause of the following exception:

Traceback (most recent call last):
  File "D:\Driver C\Desktop\fullstack-internship\backend\job-tracker-backend\.venv\Lib\site-packages\graphql\execution\execute.py", line 562, in execute_field
    result = resolve_fn(source, info, **args)
  File "D:\Driver C\Desktop\fullstack-internship\backend\job-tracker-backend\.venv\Lib\site-packages\strawberry\schema\schema_converter.py", line 1049, in _resolver
    return _get_result_with_extensions(
        _source,
        strawberry_info,
        **kwargs,
    )
  File "D:\Driver C\Desktop\fullstack-internship\backend\job-tracker-backend\.venv\Lib\site-packages\strawberry\schema\schema_converter.py", line 1035, in extension_resolver
    return reduce(
           ~~~~~~~
    ...<2 lines>...
        wrapped_get_result,
        ~~~~~~~~~~~~~~~~~~~
    )(_source, info, **field_kwargs)
    ~^^^^^^^^^^^^^^^^^^^^^^^^^^^^^^^
  File "D:\Driver C\Desktop\fullstack-internship\backend\job-tracker-backend\.venv\Lib\site-packages\strawberry\schema\schema_converter.py", line 1027, in wrapped_get_result
    return _get_result(
        _source,
    ...<2 lines>...
        field_kwargs=kwargs,
    )
  File "D:\Driver C\Desktop\fullstack-internship\backend\job-tracker-backend\.venv\Lib\site-packages\strawberry\schema\schema_converter.py", line 913, in _get_result
    return field.get_result(
           ~~~~~~~~~~~~~~~~^
        _source, info=info, args=field_args, kwargs=field_kwargs
        ^^^^^^^^^^^^^^^^^^^^^^^^^^^^^^^^^^^^^^^^^^^^^^^^^^^^^^^^
    )
    ^
  File "D:\Driver C\Desktop\fullstack-internship\backend\job-tracker-backend\.venv\Lib\site-packages\strawberry\types\field.py", line 232, in get_result
    return self.base_resolver(*args, **kwargs)
           ~~~~~~~~~~~~~~~~~~^^^^^^^^^^^^^^^^^
  File "D:\Driver C\Desktop\fullstack-internship\backend\job-tracker-backend\.venv\Lib\site-packages\strawberry\types\fields\resolver.py", line 238, in __call__
    return self.wrapped_func(*args, **kwargs)
           ~~~~~~~~~~~~~~~~~^^^^^^^^^^^^^^^^^
  File "D:\Driver C\Desktop\fullstack-internship\backend\job-tracker-backend\auth.py", line 10, in login_user
    user = db.query(models.User).filter(user_input.email == models.User.email).first()
  File "D:\Driver C\Desktop\fullstack-internship\backend\job-tracker-backend\.venv\Lib\site-packages\sqlalchemy\orm\query.py", line 2766, in first
    return self.limit(1)._iter().first()  # type: ignore
           ~~~~~~~~~~~~~~~~~~~^^
  File "D:\Driver C\Desktop\fullstack-internship\backend\job-tracker-backend\.venv\Lib\site-packages\sqlalchemy\orm\query.py", line 2864, in _iter
    result: Union[ScalarResult[_T], Result[_T]] = self.session.execute(
                                                  ~~~~~~~~~~~~~~~~~~~~^
        statement,
        ^^^^^^^^^^
        params,
        ^^^^^^^
        execution_options={"_sa_orm_load_options": self.load_options},
        ^^^^^^^^^^^^^^^^^^^^^^^^^^^^^^^^^^^^^^^^^^^^^^^^^^^^^^^^^^^^^^
    )
    ^
  File "D:\Driver C\Desktop\fullstack-internship\backend\job-tracker-backend\.venv\Lib\site-packages\sqlalchemy\orm\session.py", line 2373, in execute
    return self._execute_internal(
           ~~~~~~~~~~~~~~~~~~~~~~^
        statement,
        ^^^^^^^^^^
    ...<4 lines>...
        _add_event=_add_event,
        ^^^^^^^^^^^^^^^^^^^^^^
    )
    ^
  File "D:\Driver C\Desktop\fullstack-internship\backend\job-tracker-backend\.venv\Lib\site-packages\sqlalchemy\orm\session.py", line 2261, in _execute_internal
    conn = self._connection_for_bind(bind)
  File "D:\Driver C\Desktop\fullstack-internship\backend\job-tracker-backend\.venv\Lib\site-packages\sqlalchemy\orm\session.py", line 2113, in _connection_for_bind
    return trans._connection_for_bind(engine, execution_options)
           ~~~~~~~~~~~~~~~~~~~~~~~~~~^^^^^^^^^^^^^^^^^^^^^^^^^^^
  File "<string>", line 2, in _connection_for_bind
  File "D:\Driver C\Desktop\fullstack-internship\backend\job-tracker-backend\.venv\Lib\site-packages\sqlalchemy\orm\state_changes.py", line 137, in _go
    ret_value = fn(self, *arg, **kw)
  File "D:\Driver C\Desktop\fullstack-internship\backend\job-tracker-backend\.venv\Lib\site-packages\sqlalchemy\orm\session.py", line 1191, in _connection_for_bind
    conn = bind.connect()
  File "D:\Driver C\Desktop\fullstack-internship\backend\job-tracker-backend\.venv\Lib\site-packages\sqlalchemy\engine\base.py", line 3295, in connect
    return self._connection_cls(self)
           ~~~~~~~~~~~~~~~~~~~~^^^^^^
  File "D:\Driver C\Desktop\fullstack-internship\backend\job-tracker-backend\.venv\Lib\site-packages\sqlalchemy\engine\base.py", line 146, in __init__
    Connection._handle_dbapi_exception_noconnection(
    ~~~~~~~~~~~~~~~~~~~~~~~~~~~~~~~~~~~~~~~~~~~~~~~^
        err, dialect, engine
        ^^^^^^^^^^^^^^^^^^^^
    )
    ^
  File "D:\Driver C\Desktop\fullstack-internship\backend\job-tracker-backend\.venv\Lib\site-packages\sqlalchemy\engine\base.py", line 2450, in _handle_dbapi_exception_noconnection
    raise sqlalchemy_exception.with_traceback(exc_info[2]) from e
  File "D:\Driver C\Desktop\fullstack-internship\backend\job-tracker-backend\.venv\Lib\site-packages\sqlalchemy\engine\base.py", line 144, in __init__
    self._dbapi_connection = engine.raw_connection()
                             ~~~~~~~~~~~~~~~~~~~~~^^
  File "D:\Driver C\Desktop\fullstack-internship\backend\job-tracker-backend\.venv\Lib\site-packages\sqlalchemy\engine\base.py", line 3319, in raw_connection
    return self.pool.connect()
           ~~~~~~~~~~~~~~~~~^^
  File "D:\Driver C\Desktop\fullstack-internship\backend\job-tracker-backend\.venv\Lib\site-packages\sqlalchemy\pool\base.py", line 448, in connect
    return _ConnectionFairy._checkout(self)
           ~~~~~~~~~~~~~~~~~~~~~~~~~~^^^^^^
  File "D:\Driver C\Desktop\fullstack-internship\backend\job-tracker-backend\.venv\Lib\site-packages\sqlalchemy\pool\base.py", line 1272, in _checkout
    fairy = _ConnectionRecord.checkout(pool)
  File "D:\Driver C\Desktop\fullstack-internship\backend\job-tracker-backend\.venv\Lib\site-packages\sqlalchemy\pool\base.py", line 712, in checkout
    rec = pool._do_get()
  File "D:\Driver C\Desktop\fullstack-internship\backend\job-tracker-backend\.venv\Lib\site-packages\sqlalchemy\pool\impl.py", line 178, in _do_get
    with util.safe_reraise():
         ~~~~~~~~~~~~~~~~~^^
  File "D:\Driver C\Desktop\fullstack-internship\backend\job-tracker-backend\.venv\Lib\site-packages\sqlalchemy\util\langhelpers.py", line 122, in __exit__
    raise exc_value.with_traceback(exc_tb)
  File "D:\Driver C\Desktop\fullstack-internship\backend\job-tracker-backend\.venv\Lib\site-packages\sqlalchemy\pool\impl.py", line 176, in _do_get
    return self._create_connection()
           ~~~~~~~~~~~~~~~~~~~~~~~^^
  File "D:\Driver C\Desktop\fullstack-internship\backend\job-tracker-backend\.venv\Lib\site-packages\sqlalchemy\pool\base.py", line 389, in _create_connection
    return _ConnectionRecord(self)
  File "D:\Driver C\Desktop\fullstack-internship\backend\job-tracker-backend\.venv\Lib\site-packages\sqlalchemy\pool\base.py", line 674, in __init__
    self.__connect()
    ~~~~~~~~~~~~~~^^
  File "D:\Driver C\Desktop\fullstack-internship\backend\job-tracker-backend\.venv\Lib\site-packages\sqlalchemy\pool\base.py", line 900, in __connect
    with util.safe_reraise():
         ~~~~~~~~~~~~~~~~~^^
  File "D:\Driver C\Desktop\fullstack-internship\backend\job-tracker-backend\.venv\Lib\site-packages\sqlalchemy\util\langhelpers.py", line 122, in __exit__
    raise exc_value.with_traceback(exc_tb)
  File "D:\Driver C\Desktop\fullstack-internship\backend\job-tracker-backend\.venv\Lib\site-packages\sqlalchemy\pool\base.py", line 896, in __connect
    self.dbapi_connection = connection = pool._invoke_creator(self)
                                         ~~~~~~~~~~~~~~~~~~~~^^^^^^
  File "D:\Driver C\Desktop\fullstack-internship\backend\job-tracker-backend\.venv\Lib\site-packages\sqlalchemy\engine\create.py", line 667, in connect
    return dialect.connect(*cargs_tup, **cparams)
           ~~~~~~~~~~~~~~~^^^^^^^^^^^^^^^^^^^^^^^
  File "D:\Driver C\Desktop\fullstack-internship\backend\job-tracker-backend\.venv\Lib\site-packages\sqlalchemy\engine\default.py", line 630, in connect
    return self.loaded_dbapi.connect(*cargs, **cparams)  # type: ignore[no-any-return]  # NOQA: E501
           ~~~~~~~~~~~~~~~~~~~~~~~~~^^^^^^^^^^^^^^^^^^^
  File "D:\Driver C\Desktop\fullstack-internship\backend\job-tracker-backend\.venv\Lib\site-packages\psycopg2\__init__.py", line 135, in connect
    conn = _connect(dsn, connection_factory=connection_factory, **kwasync)
sqlalchemy.exc.OperationalError: (psycopg2.OperationalError) connection to server at "localhost" (::1), port 5432 failed: FATAL:  password authentication failed for user "postgres"

(Background on this error at: https://sqlalche.me/e/20/e3q8)
INFO:     127.0.0.1:59945 - "POST /graphql HTTP/1.1" 200 OK
(psycopg2.OperationalError) connection to server at "localhost" (::1), port 5432 failed: FATAL:  password authentication failed for user "postgres"

(Background on this error at: https://sqlalche.me/e/20/e3q8)

GraphQL request:2:5
1 | mutation{
2 |     loginUser(userInput:
  |     ^
3 |      {
Traceback (most recent call last):
  File "D:\Driver C\Desktop\fullstack-internship\backend\job-tracker-backend\.venv\Lib\site-packages\sqlalchemy\engine\base.py", line 144, in __init__
    self._dbapi_connection = engine.raw_connection()
                             ~~~~~~~~~~~~~~~~~~~~~^^
  File "D:\Driver C\Desktop\fullstack-internship\backend\job-tracker-backend\.venv\Lib\site-packages\sqlalchemy\engine\base.py", line 3319, in raw_connection
    return self.pool.connect()
           ~~~~~~~~~~~~~~~~~^^
  File "D:\Driver C\Desktop\fullstack-internship\backend\job-tracker-backend\.venv\Lib\site-packages\sqlalchemy\pool\base.py", line 448, in connect
    return _ConnectionFairy._checkout(self)
           ~~~~~~~~~~~~~~~~~~~~~~~~~~^^^^^^
  File "D:\Driver C\Desktop\fullstack-internship\backend\job-tracker-backend\.venv\Lib\site-packages\sqlalchemy\pool\base.py", line 1272, in _checkout
    fairy = _ConnectionRecord.checkout(pool)
  File "D:\Driver C\Desktop\fullstack-internship\backend\job-tracker-backend\.venv\Lib\site-packages\sqlalchemy\pool\base.py", line 712, in checkout
    rec = pool._do_get()
  File "D:\Driver C\Desktop\fullstack-internship\backend\job-tracker-backend\.venv\Lib\site-packages\sqlalchemy\pool\impl.py", line 178, in _do_get
    with util.safe_reraise():
         ~~~~~~~~~~~~~~~~~^^
  File "D:\Driver C\Desktop\fullstack-internship\backend\job-tracker-backend\.venv\Lib\site-packages\sqlalchemy\util\langhelpers.py", line 122, in __exit__
    raise exc_value.with_traceback(exc_tb)
  File "D:\Driver C\Desktop\fullstack-internship\backend\job-tracker-backend\.venv\Lib\site-packages\sqlalchemy\pool\impl.py", line 176, in _do_get
    return self._create_connection()
           ~~~~~~~~~~~~~~~~~~~~~~~^^
  File "D:\Driver C\Desktop\fullstack-internship\backend\job-tracker-backend\.venv\Lib\site-packages\sqlalchemy\pool\base.py", line 389, in _create_connection
    return _ConnectionRecord(self)
  File "D:\Driver C\Desktop\fullstack-internship\backend\job-tracker-backend\.venv\Lib\site-packages\sqlalchemy\pool\base.py", line 674, in __init__
    self.__connect()
    ~~~~~~~~~~~~~~^^
  File "D:\Driver C\Desktop\fullstack-internship\backend\job-tracker-backend\.venv\Lib\site-packages\sqlalchemy\pool\base.py", line 900, in __connect
    with util.safe_reraise():
         ~~~~~~~~~~~~~~~~~^^
  File "D:\Driver C\Desktop\fullstack-internship\backend\job-tracker-backend\.venv\Lib\site-packages\sqlalchemy\util\langhelpers.py", line 122, in __exit__
    raise exc_value.with_traceback(exc_tb)
  File "D:\Driver C\Desktop\fullstack-internship\backend\job-tracker-backend\.venv\Lib\site-packages\sqlalchemy\pool\base.py", line 896, in __connect
    self.dbapi_connection = connection = pool._invoke_creator(self)
                                         ~~~~~~~~~~~~~~~~~~~~^^^^^^
  File "D:\Driver C\Desktop\fullstack-internship\backend\job-tracker-backend\.venv\Lib\site-packages\sqlalchemy\engine\create.py", line 667, in connect
    return dialect.connect(*cargs_tup, **cparams)
           ~~~~~~~~~~~~~~~^^^^^^^^^^^^^^^^^^^^^^^
  File "D:\Driver C\Desktop\fullstack-internship\backend\job-tracker-backend\.venv\Lib\site-packages\sqlalchemy\engine\default.py", line 630, in connect
    return self.loaded_dbapi.connect(*cargs, **cparams)  # type: ignore[no-any-return]  # NOQA: E501
           ~~~~~~~~~~~~~~~~~~~~~~~~~^^^^^^^^^^^^^^^^^^^
  File "D:\Driver C\Desktop\fullstack-internship\backend\job-tracker-backend\.venv\Lib\site-packages\psycopg2\__init__.py", line 135, in connect
    conn = _connect(dsn, connection_factory=connection_factory, **kwasync)
psycopg2.OperationalError: connection to server at "localhost" (::1), port 5432 failed: FATAL:  password authentication failed for user "postgres"


The above exception was the direct cause of the following exception:

Traceback (most recent call last):
  File "D:\Driver C\Desktop\fullstack-internship\backend\job-tracker-backend\.venv\Lib\site-packages\graphql\execution\execute.py", line 562, in execute_field
    result = resolve_fn(source, info, **args)
  File "D:\Driver C\Desktop\fullstack-internship\backend\job-tracker-backend\.venv\Lib\site-packages\strawberry\schema\schema_converter.py", line 1049, in _resolver
    return _get_result_with_extensions(
        _source,
        strawberry_info,
        **kwargs,
    )
  File "D:\Driver C\Desktop\fullstack-internship\backend\job-tracker-backend\.venv\Lib\site-packages\strawberry\schema\schema_converter.py", line 1035, in extension_resolver
    return reduce(
           ~~~~~~~
    ...<2 lines>...
        wrapped_get_result,
        ~~~~~~~~~~~~~~~~~~~
    )(_source, info, **field_kwargs)
    ~^^^^^^^^^^^^^^^^^^^^^^^^^^^^^^^
  File "D:\Driver C\Desktop\fullstack-internship\backend\job-tracker-backend\.venv\Lib\site-packages\strawberry\schema\schema_converter.py", line 1027, in wrapped_get_result
    return _get_result(
        _source,
    ...<2 lines>...
        field_kwargs=kwargs,
    )
  File "D:\Driver C\Desktop\fullstack-internship\backend\job-tracker-backend\.venv\Lib\site-packages\strawberry\schema\schema_converter.py", line 913, in _get_result
    return field.get_result(
           ~~~~~~~~~~~~~~~~^
        _source, info=info, args=field_args, kwargs=field_kwargs
        ^^^^^^^^^^^^^^^^^^^^^^^^^^^^^^^^^^^^^^^^^^^^^^^^^^^^^^^^
    )
    ^
  File "D:\Driver C\Desktop\fullstack-internship\backend\job-tracker-backend\.venv\Lib\site-packages\strawberry\types\field.py", line 232, in get_result
    return self.base_resolver(*args, **kwargs)
           ~~~~~~~~~~~~~~~~~~^^^^^^^^^^^^^^^^^
  File "D:\Driver C\Desktop\fullstack-internship\backend\job-tracker-backend\.venv\Lib\site-packages\strawberry\types\fields\resolver.py", line 238, in __call__
    return self.wrapped_func(*args, **kwargs)
           ~~~~~~~~~~~~~~~~~^^^^^^^^^^^^^^^^^
  File "D:\Driver C\Desktop\fullstack-internship\backend\job-tracker-backend\auth.py", line 10, in login_user
    user = db.query(models.User).filter(user_input.email == models.User.email).first()
  File "D:\Driver C\Desktop\fullstack-internship\backend\job-tracker-backend\.venv\Lib\site-packages\sqlalchemy\orm\query.py", line 2766, in first
    return self.limit(1)._iter().first()  # type: ignore
           ~~~~~~~~~~~~~~~~~~~^^
  File "D:\Driver C\Desktop\fullstack-internship\backend\job-tracker-backend\.venv\Lib\site-packages\sqlalchemy\orm\query.py", line 2864, in _iter
    result: Union[ScalarResult[_T], Result[_T]] = self.session.execute(
                                                  ~~~~~~~~~~~~~~~~~~~~^
        statement,
        ^^^^^^^^^^
        params,
        ^^^^^^^
        execution_options={"_sa_orm_load_options": self.load_options},
        ^^^^^^^^^^^^^^^^^^^^^^^^^^^^^^^^^^^^^^^^^^^^^^^^^^^^^^^^^^^^^^
    )
    ^
  File "D:\Driver C\Desktop\fullstack-internship\backend\job-tracker-backend\.venv\Lib\site-packages\sqlalchemy\orm\session.py", line 2373, in execute
    return self._execute_internal(
           ~~~~~~~~~~~~~~~~~~~~~~^
        statement,
        ^^^^^^^^^^
    ...<4 lines>...
        _add_event=_add_event,
        ^^^^^^^^^^^^^^^^^^^^^^
    )
    ^
  File "D:\Driver C\Desktop\fullstack-internship\backend\job-tracker-backend\.venv\Lib\site-packages\sqlalchemy\orm\session.py", line 2261, in _execute_internal
    conn = self._connection_for_bind(bind)
  File "D:\Driver C\Desktop\fullstack-internship\backend\job-tracker-backend\.venv\Lib\site-packages\sqlalchemy\orm\session.py", line 2113, in _connection_for_bind
    return trans._connection_for_bind(engine, execution_options)
           ~~~~~~~~~~~~~~~~~~~~~~~~~~^^^^^^^^^^^^^^^^^^^^^^^^^^^
  File "<string>", line 2, in _connection_for_bind
  File "D:\Driver C\Desktop\fullstack-internship\backend\job-tracker-backend\.venv\Lib\site-packages\sqlalchemy\orm\state_changes.py", line 137, in _go
    ret_value = fn(self, *arg, **kw)
  File "D:\Driver C\Desktop\fullstack-internship\backend\job-tracker-backend\.venv\Lib\site-packages\sqlalchemy\orm\session.py", line 1191, in _connection_for_bind
    conn = bind.connect()
  File "D:\Driver C\Desktop\fullstack-internship\backend\job-tracker-backend\.venv\Lib\site-packages\sqlalchemy\engine\base.py", line 3295, in connect
    return self._connection_cls(self)
           ~~~~~~~~~~~~~~~~~~~~^^^^^^
  File "D:\Driver C\Desktop\fullstack-internship\backend\job-tracker-backend\.venv\Lib\site-packages\sqlalchemy\engine\base.py", line 146, in __init__
    Connection._handle_dbapi_exception_noconnection(
    ~~~~~~~~~~~~~~~~~~~~~~~~~~~~~~~~~~~~~~~~~~~~~~~^
        err, dialect, engine
        ^^^^^^^^^^^^^^^^^^^^
    )
    ^
  File "D:\Driver C\Desktop\fullstack-internship\backend\job-tracker-backend\.venv\Lib\site-packages\sqlalchemy\engine\base.py", line 2450, in _handle_dbapi_exception_noconnection
    raise sqlalchemy_exception.with_traceback(exc_info[2]) from e
  File "D:\Driver C\Desktop\fullstack-internship\backend\job-tracker-backend\.venv\Lib\site-packages\sqlalchemy\engine\base.py", line 144, in __init__
    self._dbapi_connection = engine.raw_connection()
                             ~~~~~~~~~~~~~~~~~~~~~^^
  File "D:\Driver C\Desktop\fullstack-internship\backend\job-tracker-backend\.venv\Lib\site-packages\sqlalchemy\engine\base.py", line 3319, in raw_connection
    return self.pool.connect()
           ~~~~~~~~~~~~~~~~~^^
  File "D:\Driver C\Desktop\fullstack-internship\backend\job-tracker-backend\.venv\Lib\site-packages\sqlalchemy\pool\base.py", line 448, in connect
    return _ConnectionFairy._checkout(self)
           ~~~~~~~~~~~~~~~~~~~~~~~~~~^^^^^^
  File "D:\Driver C\Desktop\fullstack-internship\backend\job-tracker-backend\.venv\Lib\site-packages\sqlalchemy\pool\base.py", line 1272, in _checkout
    fairy = _ConnectionRecord.checkout(pool)
  File "D:\Driver C\Desktop\fullstack-internship\backend\job-tracker-backend\.venv\Lib\site-packages\sqlalchemy\pool\base.py", line 712, in checkout
    rec = pool._do_get()
  File "D:\Driver C\Desktop\fullstack-internship\backend\job-tracker-backend\.venv\Lib\site-packages\sqlalchemy\pool\impl.py", line 178, in _do_get
    with util.safe_reraise():
         ~~~~~~~~~~~~~~~~~^^
  File "D:\Driver C\Desktop\fullstack-internship\backend\job-tracker-backend\.venv\Lib\site-packages\sqlalchemy\util\langhelpers.py", line 122, in __exit__
    raise exc_value.with_traceback(exc_tb)
  File "D:\Driver C\Desktop\fullstack-internship\backend\job-tracker-backend\.venv\Lib\site-packages\sqlalchemy\pool\impl.py", line 176, in _do_get
    return self._create_connection()
           ~~~~~~~~~~~~~~~~~~~~~~~^^
  File "D:\Driver C\Desktop\fullstack-internship\backend\job-tracker-backend\.venv\Lib\site-packages\sqlalchemy\pool\base.py", line 389, in _create_connection
    return _ConnectionRecord(self)
  File "D:\Driver C\Desktop\fullstack-internship\backend\job-tracker-backend\.venv\Lib\site-packages\sqlalchemy\pool\base.py", line 674, in __init__
    self.__connect()
    ~~~~~~~~~~~~~~^^
  File "D:\Driver C\Desktop\fullstack-internship\backend\job-tracker-backend\.venv\Lib\site-packages\sqlalchemy\pool\base.py", line 900, in __connect
    with util.safe_reraise():
         ~~~~~~~~~~~~~~~~~^^
  File "D:\Driver C\Desktop\fullstack-internship\backend\job-tracker-backend\.venv\Lib\site-packages\sqlalchemy\util\langhelpers.py", line 122, in __exit__
    raise exc_value.with_traceback(exc_tb)
  File "D:\Driver C\Desktop\fullstack-internship\backend\job-tracker-backend\.venv\Lib\site-packages\sqlalchemy\pool\base.py", line 896, in __connect
    self.dbapi_connection = connection = pool._invoke_creator(self)
                                         ~~~~~~~~~~~~~~~~~~~~^^^^^^
  File "D:\Driver C\Desktop\fullstack-internship\backend\job-tracker-backend\.venv\Lib\site-packages\sqlalchemy\engine\create.py", line 667, in connect
    return dialect.connect(*cargs_tup, **cparams)
           ~~~~~~~~~~~~~~~^^^^^^^^^^^^^^^^^^^^^^^
  File "D:\Driver C\Desktop\fullstack-internship\backend\job-tracker-backend\.venv\Lib\site-packages\sqlalchemy\engine\default.py", line 630, in connect
    return self.loaded_dbapi.connect(*cargs, **cparams)  # type: ignore[no-any-return]  # NOQA: E501
           ~~~~~~~~~~~~~~~~~~~~~~~~~^^^^^^^^^^^^^^^^^^^
  File "D:\Driver C\Desktop\fullstack-internship\backend\job-tracker-backend\.venv\Lib\site-packages\psycopg2\__init__.py", line 135, in connect
    conn = _connect(dsn, connection_factory=connection_factory, **kwasync)
sqlalchemy.exc.OperationalError: (psycopg2.OperationalError) connection to server at "localhost" (::1), port 5432 failed: FATAL:  password authentication failed for user "postgres"

(Background on this error at: https://sqlalche.me/e/20/e3q8)
INFO:     127.0.0.1:59977 - "POST /graphql HTTP/1.1" 200 OK
